0.32948776531168167
-0.6828418923210902
-0.972479927275971
0.5233908541966406
-0.19431252319336356
0.5563918866587321
-0.3720672242093612
0.6318842123629713
-0.3267076679064105
0.769948968571208
-0.8221900519122036
0.1235817390282532
0.08400731127348537
0.2800904120674559
-0.1776257898055036
0.3517083524713993
-0.8431540182878094
-0.2129064906895981
-0.09614305451414173
-0.30048301132644184
-0.40064353102076944
-0.8828291016186967
0.33223826352750896
-0.20136954986305877
-0.4169456887625256
0.692112149312629
-0.22507186888749753
0.22049879169549258
0.1307692260047595
-0.6974653879694557
-0.3731612388790946
0.8678076330010271
-0.4056659740775783
-0.5280225023611063
-0.034442600123006484
-0.049504152298785575
0.747632541902183
-0.8129753828891912
-0.5288902465611569
-0.6298877602320943
-0.8468694748462977
0.9075420000194758
-0.839209896841302
0.4788454553721124
0.5882873619003608
0.756999786426831
0.8619201036177357
-0.549979139944702
0.7918601693942418
-0.5414741723299592
0.22530656916437986
-0.09277624994267097
0.7467909350241819
-0.08035431159658013
-0.6421168814632201
0.8663052758781464
-0.6151224828360375
-0.3561170074871145
0.0610509761838105
0.2460496870691491
0.16974830290216025
0.6158640579848491
-0.20676976933435287
0.16853334612198
-0.9636977106148699
-0.06585660547765326
-0.3417631884756067
-0.9584541520963692
-0.12086502062394637
0.6060242887674698
-0.6627485252074936
-0.04483307315444557
-0.004477974047587845
0.13154894354758984
0.5892186106004209
0.8424782161950493
0.3791373685713002
-0.3296503876779435
0.25795837820404516
-0.05540089376335526
0.37137815647171607
-0.9324243674359032
-0.9275765933504245
0.8488770525372247
0.8462690859561268
-0.7020520760969402
-0.48145513969879405
0.23211800539703153
-0.553250751456769
-0.0631012273524576
0.027517850280212697
0.3837267977469055
0.9741726561545729
-0.2692916843855762
0.33086110125157386
-0.18097860895994697
-0.8110530811506124
-0.8275630794249537
-0.8891975942124608
-0.42711629469967916
-0.19640328774916668
-0.5219808363777797
-0.2954395983732802
-0.38417232193486844
0.6859463594257087
-0.9831693605526999
0.8666892311077827
0.9525912755686219
-0.05255970874109947
0.1833683458788804
0.33540575757361757
-0.25325812687318794
0.8992402762078002
0.05600010943790967
0.8836025924414932
-0.4999226988993064
-0.9001158907921174
-0.8464276920101255
-0.9437038525908441
-0.6985426524154411
0.05664310412382626
0.12486349731663501
0.993153542781516
-0.3971882327037817
-0.7643105201730137
0.31176538894025396
-0.9721719921379306
0.9674200746316112
0.3647189901088865
-0.9257864496189647
-0.5664404401139772
-0.7958372858543431
-0.15181556521023493
0.7111930855439026
0.08994521567701205
0.5706893655975152
0.21056289933572964
-0.5208009669170474
-0.2977368481795981
-0.16640460880318453
0.6278910633040127
0.37864675666587666
-0.110707493669147
0.6746904111342693
0.9783134627351275
-0.39026607438539274
0.18453588015016886
0.6382903635058383
-0.11998561721978442
-0.15553595206165582
0.10466209135883411
-0.5393310262854978
0.2390128585506816
-0.23173202378024177
-0.8123528400497
-0.5019154345115333
-0.3649529757167822
0.9194363162734058
0.49162917272919276
0.19957004849735557
0.13318652032559244
-0.2438093708674825
-0.2497454438236608
-0.09527889791800409
0.38614533871596723
0.9507000498821603
0.3706764117488217
-0.524538521015393
0.704944804416842
0.5565212423476089
-0.7938230096293546
-0.30553657698732106
0.70541285390436
0.8371343269792044
0.7646806389081792
-0.46395869761504654
0.9077914205037024
-0.6452090073041336
-0.3010550395247995
-0.4268285428225336
-0.7764132075336095
0.5268582341202454
-0.9244482813619864
0.27122425894316915
0.17250907783668426
0.701570556431771
0.4536250263683952
0.8171879472914374
0.8774623817717755
0.8335224756529688
-0.5574569892972185
-0.2903098441163609
0.08522233373992068
0.7452247329464683
0.016388766734896615
-0.6574419309185535
0.7352746807258039
-0.32449340500256074
-0.16131614064357658
-0.18097559181675993
0.8261055634613892
0.05892521479468508
0.14594370902480686
-0.5665154087922134
-0.005430493213398326
0.7383435319367525
-0.9558835928486024
-0.48921831812527067
0.27704763316021597
-0.8654915323862188
-0.23909860613926165
-0.8284891965310857
0.6610783980911515
-0.6621646384403941
-0.45359465044451985
0.6521083403207085
-0.12908128679354247
0.11459635545172894
-0.06594122974808775
-0.6078357737841797
-0.3149478691865099
-0.8805842053999956
0.4764163370917274
-0.42689102185495065
-0.0018352090707816071
-0.8572213990701183
0.017028221947600786
0.3081037563036273
-0.590960995836644
0.8866303952253858
0.7225751642610261
0.23199110055994798
-0.4078751113108568
-0.2816074570120438
-0.2168249203296917
-0.4255083049377506
0.9492721288710241
-0.8031810246266728
0.07091019333929634
0.017750587920909618
0.34406856424003146
-0.9883256829523797
-0.3038791224247694
0.031076433111425748
-0.39031861373876753
0.3098077449728727
0.6449153739222425
-0.6470859783248071
0.7510578103090982
0.48651678675207544
0.5867385553844431
-0.45652649683359847
-0.7574010970469529
0.7705583459237642
-0.13903544784316546
0.9019648387353496
-0.12598914520508944
-0.4227816044317908
-0.1416428079780889
-0.7065848791602777
0.20899257915471461
-0.07127008308061028
0.8015663483709287
-0.20729164440511366
-0.026121431959313025
-0.9143547548066729
0.14282738547519955
0.455314117504283
-0.07542536071611271
-0.5558139326567254
0.5448551243981872
0.12521359256833045
0.9486507145603327
0.8536003297321676
-0.5092635145870051
0.17602295357684683
0.5992377213147642
-0.7720939887227021
-0.7854679840429948
0.9040315302151514
0.3662109652480323
0.9401536844758718
0.26416858264561327
-0.4851785045033288
-0.21329547281904826
0.772414995098329
-0.9133148216253105
0.8639028258541485
0.8101308524646312
-0.7570936776430002
-0.47870209981634354
-0.3107992894586981
0.8559010306883011
-0.7294842853733573
-0.3080428755390133
-0.5634973143900427
0.9817773238932466
0.7134337211439884
0.3480587518856076
0.5712309484713448
0.9327090946949074
-0.8660256098978266
-0.7924999202708739
0.3508976033918746
-0.38711784915811187
0.08073549866110374
0.1203497410794554
-0.019781120823575638
-0.47669844771545744
-0.8699020304427014
-0.6057724972597551
-0.02004690308290269
0.40975194781125573
-0.9758525858595514
0.9311494255941534
-0.6770498490343964
0.6504840350255069
-0.6491935537066448
0.8822997338241101
-0.40788988846362634
-0.8936416414079423
-0.1619297439933406
0.5917462662447303
-0.9277918011510174
-0.11985473141822137
-0.6216790447320867
0.6408942916681857
0.1283964308143952
0.1789402513127931
0.01607568157358877
-0.9228692488572352
-0.9267315994755209
-0.41513932592987307
-0.7573608329377159
-0.9441607827066849
0.41693202687958286
0.1085126687811997
0.03197605841101425
0.8001333005488926
0.8487264924076372
-0.5388087672242949
0.25924626170486703
-0.459967004673041
0.07399861530968882
-0.16962491895945514
0.5560367743869823
-0.6624078069380802
-0.6991396507085569
-0.8650954665449273
0.4442785891952242
0.6997306867873289
-0.5660892242998388
0.23730318128005756
0.08775530819316547
-0.7360875614135326
0.634558129478859
0.17206537734480576
-0.48401151025635863
-0.05885435908042701
-0.7399621879071091
-0.3716640495286038
-0.503781954832641
-0.07074421715842072
-0.7333218203510166
-0.9161846924464137
-0.5776803208461734
0.4896498346908933
0.1670980310771284
-0.4145504364934304
0.8177801803865037
0.4570621462178887
0.7805099416490946
-0.3323150003129025
0.6665925069870525
-0.7186957832305586
0.9991052895916359
-0.368001905925941
0.2579786528205857
0.6226184395286235
0.785619643114963
-0.15590264618788433
0.02302745779849235
-0.45950575557890627
0.29501850461894835
0.5421189010230287
0.30925687047907474
-0.8861464109540097
0.8923819091620575
-0.9270046143065412
-0.48195531784179435
0.10538433605848785
-0.8307008181930542
0.8828950756253968
-0.6988440947083712
-0.016973830966504844
-0.4827494709934437
-0.9320757660344621
0.18459483632412327
0.7659495282085441
0.8715010935849573
0.4333868204546618
-0.8182360520764576
0.2540479971348018
0.8969818631721851
0.49871198097835057
0.5055497564944849
0.4374694283071519
0.1363269239360467
0.22143337786035291
0.8002693165437742
0.5565397555668419
0.8058687200836343
0.9693102330339378
-0.6345106805762575
-0.4487238860166432
-0.9911248526617474
-0.692002403979858
-0.5742199820337213
-0.10036472582920886
0.5929782808790596
0.5762401810210704
0.2583537022161504
-0.9811383831572174
0.8230324229518649
0.4623417539414863
-0.5951226411549553
0.26515236035295786
-0.6652355924131561
0.2315691305278003
-0.902247308770822
0.21741160393425807
-0.8165450071400709
-0.534516772054395
-0.010121287635599396
0.1618758173687198
-0.531077123403257
0.8810486110391814
0.7865643792375637
0.06317691248317175
-0.2572375342596324
0.4906327039665842
-0.8758411367546424
-0.43762893565785954
-0.176742785963777
-0.4079697475380419
-0.9176665707328198
0.15600354377622527
0.16481531259212967
0.8316436475655906
0.9274980925378569
0.10766146083451256
-0.2099388804577439
-0.8973201506234487
-0.6577981636295063
0.8300723085130173
0.4006317023269166
-0.8192215740772278
0.4815285581005001
-0.5309396159776766
-0.5052429130979109
0.27338529698784464
0.5059051595900484
-0.5477897954695169
-0.4460970270307061
0.7187351711334288
-0.33331371277759303
0.49278292869255685
0.22965172706007214
0.08673776836372579
-0.8280349814203508
-0.1947682858437257
-0.9875664274128949
0.67119888645235
0.5659669517172388
0.18188772844215428
-0.7736423660640392
-0.5358339236404452
-0.14930776077644126
0.0743548237598124
0.3524621915757699
0.7213755479937567
-0.07591049386886164
-0.9266598466717295
-0.5750181103921412
-0.7363420075422011
-0.3948763885115152
-0.9988182252891075
0.8842142702583444
-0.06988340285389649
-0.7293454377132748
-0.4612617739919982
-0.4692544501843906
-0.8218469897885773
0.7255214295072167
-0.2926129706181996
0.8156486359920636
-0.39013501856377514
0.7384624216956478
0.9911315676130573
0.7313312690409992
0.7465018539022326
-0.5056014007870155
-0.7743015762006082
-0.2906102701844333
-0.7665142928230733
-0.44657798922966907
0.21319379958655071
0.6751273109129325
-0.6144264615674935
0.37980415019738784
0.2482115472739262
0.04304200092252329
0.3672903497867343
0.6869850257947788
0.7292153390193937
0.06271519583407086
0.2441719482050485
0.19209209489941725
-0.12706637106566168
0.3645735975121801
0.05226009954162053
-0.7620288679249657
0.2885814779234171
0.09953451197528834
0.8133322970014413
0.9542109035551354
-0.8260656158199502
-0.3641648304191104
-0.6828742301986674
0.08792382952077005
0.37406039545502856
-0.9725886121958518
0.8460372933715854
-0.4114090480326784
-0.08784617875434209
0.35646923137703956
-0.2526230914496586
0.380765147365625
-0.21546933790137088
-0.08286121690909805
0.3540099352757694
-0.658889462838343
-0.6417559596372969
-0.7851244718714917
0.5867665016670727
0.3724497806643538
0.7688365683378011
-0.44979964914907405
-0.530295403069504
0.31942909726262103
-0.47744097612786585
0.5187015008934531
0.8167978733554934
-0.047197532764129135
0.997165397588023
-0.04582652753222864
0.10025975815204263
-0.5256728524099641
0.658953327141425
-0.25796959140549935
-0.24218433374086445
0.8217964638115556
-0.959321666305071
-0.371055429034732
0.8244547339883536
0.45085952537846663
-0.5922509906721413
-0.5345015766706052
0.17473381728410423
0.4233220178241969
0.5261531210407571
-0.48098106049978084
0.242698478825717
0.8613193795886822
0.10293254922170637
0.8034684811300079
-0.36676226626185854
0.581982452115231
-0.7092175074810492
0.3311516310487191
0.1949099806968353
-0.5954479244991524
-0.35903091724315256
-0.7676278721682904
0.36498203815790065
0.06795537369071009
0.31843868457698066
0.31919219245669916
-0.15176466151702273
-0.690961516859949
0.5949963751222576
0.15018081754398746
-0.17037456490431074
0.3656700539489875
-0.08882557512522445
0.8427991497281191
-0.29108838964155237
0.24587746578096725
0.504053492780058
0.03139436281105297
-0.799329236651366
-0.02292275333054581
0.3034653997988387
0.5293111238616934
0.8097553655054293
-0.16426506327888635
-0.9661476033595541
0.09836433533954224
0.16272090520644228
-0.07649946267740014
0.1347908821350929
0.3032824462155735
-0.3793285168440407
-0.16905656820625586
-0.21871703712469315
0.23989738098248004
0.8108607328866344
0.8202732785138034
-0.6474500384719535
-0.03601504181161803
0.5720291822699841
-0.694890938862286
0.9014978518120823
-0.7299715893647027
-0.8745797790802217
-0.2869328951283432
0.2439901488607785
0.061576272728406295
-0.44512377297177463
0.9870498250440001
0.05987356848394606
0.307444298790867
0.41206400073414623
-0.49013932186413134
0.31383882877413477
0.46857183462977803
-0.41974494116559535
0.5738417814930367
0.30301693343474717
0.1654865357293493
-0.45034872787382446
-0.32284084621488396
-0.12726229772372744
-0.8085951154839384
-0.04198828680615341
0.5555419283205365
-0.2943991078366468
-0.6412987118189339
0.4727673046394245
0.008339487214645613
-0.9989096054323144
-0.6376382843947314
-0.8795062250823762
-0.48896674414112834
-0.13779659409815692
0.5721020411985197
-0.9220719025252455
-0.3205757282602866
-0.6915242521236649
-0.9802060034035126
0.6893061240881332
0.3974226685214606
-0.38189002460780447
-0.02955586565402816
-0.06644825510897531
0.6116154270941423
-0.08377225521455985
0.4281998132235898
0.8326593363595534
0.5644307307276342
-0.2809556201955097
-0.0837160095771683
-0.7923981163400184
-0.3754913411572207
-0.13771336861280115
-0.9450048237778579
-0.6469168215069963
0.9588270776524286
0.9168245691932807
0.6689090231889461
0.9190325159878219
0.8378704473528832
-0.6742530555839558
-0.07693990614132912
0.7008082164065699
-0.7880082145838724
0.1724694775539846
-0.9178477128806491
0.7387382194428193
-0.8039987045224777
-0.7445628635399408
-0.30427536476219025
0.727318368419138
-0.14169516122768622
0.7158841302493848
-0.9829430474545571
-0.13421073911167802
0.47581466750406376
0.4121724227830279
-0.36274631154399883
-0.8603382278127718
0.10096651193529138
0.024257420630185544
0.25992219631404767
0.9176519328027988
0.7065259309310616
0.033831462922826905
0.6105058710625966
-0.031115188536159282
-0.5676829571680978
-0.9595897283505304
0.41093565338264226
-0.2979973848462475
0.853583504257809
0.9358079561260685
0.039711419623542424
-0.22320144970584183
-0.9641279477264715
-0.05135054368495522
-0.3020145036528387
-0.6892841893909336
-0.18644547728284944
0.7981922415944447
0.43705919681340233
0.5578223051995201
-0.1804667753058622
0.14201162757719543
0.1783869598728176
-0.7208904777826504
-0.28363647643201095
0.11701070945692194
-0.957835535624497
-0.1325845138979873
-0.4568644932291195
0.8060394784202118
0.02874227825721065
0.4579363710993703
-0.07782013899434308
-0.263111545072657
0.3521129868195692
0.6795197947854044
0.102787678815521
-0.927623734981832
-0.3888262985814965
0.06263005229367365
0.7225411728725601
-0.28118762835680183
0.2067640603540782
0.3256318636709885
-0.5517796628893783
-0.8482292458878851
0.04402806038300433
-0.5812093312813389
-0.1620671386511281
0.4172849813756323
0.7006151910489649
0.9188914499518799
0.020437035588156904
-0.09943235308074083
-0.11254100672236644
-0.5371037423056058
-0.6272262390140599
0.9578610453100549
0.6785848315968674
-0.22009946871590946
-0.19594835869569716
-0.3113471787810715
-0.23562267431559059
0.277733232007855
-0.36640624384930787
0.08315134272046598
0.3828142297092876
-0.5754729997031724
-0.13933225349645473
0.793651420788507
-0.5953648041682449
0.6792310057695514
-0.5861686157807504
-0.04623547091366609
-0.6891353174515185
-0.3557865778603062
0.0640061136137009
0.22798256171566145
0.5521085323113293
-5.698477072787679e-06
-0.30439212190891407
-0.8209423916737779
-0.06298800249178194
0.006506729720298754
0.3835789994818122
-0.06300658920858138
-0.3074330219204482
-0.31015000716243524
0.5434265914797307
-0.13631547184623138
0.20313490809409895
-0.14484729560348208
0.7794793256575474
0.9730162422186646
0.7973251253151512
-0.2980580780730093
-0.10091486191373855
-0.6884916685433826
0.05429444755001511
0.3696897108585677
-0.9858709206202956
-0.6701465887189533
-0.8326431978683431
-0.29820242847661116
-0.589757696091028
-0.4406364481435814
-0.20908044006721305
-0.9437377235124442
0.19661750492855368
0.5498923299209244
-0.46438684692978227
0.6704035157952573
-0.9006302926188534
0.7857056521921055
-0.6338958521566895
0.17793492597765925
0.34918204898386995
-0.1935296734766898
-0.1850190480476983
0.2369533311372245
-0.02712239770821867
0.12442718720811463
0.3231987720574041
0.7008599363796022
-0.4341143617095382
0.7283591150153665
0.055320183337798534
-0.2295247368855895
-0.2848997188819864
-0.9923359597026777
0.0633190066085878
-0.5369565168646044
-0.11497132713131442
0.7891168787948524
0.5241595714039982
-0.7720263518318227
-0.9693548307600328
0.03393089558407936
-0.6669473739535512
0.9635418761254937
0.372800626946888
-0.5286998285683981
-0.256602789732697
0.8922708088693236
-0.6631020150352731
0.9853034803094489
0.6819688855998118
0.7467021231192097
0.7305611378731551
-0.739231845459524
-0.4167314390145872
-0.5614588783769925
-0.8390971969186029
-0.9168387013066717
-0.2565330739922915
0.1379002670270053
0.7214886072377928
0.5414870159307543
-0.6710752368646866
0.021905213978251674
0.6349865611289054
0.006090950199966194
-0.008903503274590552
0.2895667512789337
-0.045770213453157904
-0.40941009271630335
0.9169467480513827
-0.6021207252962939
0.16121434452249894
0.011146979086801068
-0.12035938205526753
0.9022195538138567
-0.42979358984861227
-0.28596927128555644
0.08579152116077593
-0.5902689025424903
0.005519995584517138
-0.16147743625655028
0.48875618109774965
0.9689112852355901
0.062442410145042995
0.707103763998211
-0.5090521507209029
-0.8562558393896273
-0.5235725616774978
0.7464979005347474
-0.9808611918777022
0.3727499501610764
0.9889171425371583
-0.3317184652360434
0.2254997253233586
-0.5400120867406006
0.6314006606328426
0.11183853862701065
0.15346778134906547
0.48792671122202336
0.19742020206040123
0.06537415087100285
0.5028832725460051
-0.5546551425910728
0.5688012486279385
-0.6652951543709568
0.42011065329195585
0.8284441793063196
0.4507654297785696
0.011695914001252118
0.6317567838565108
-0.9981290970030054
-0.520488425023486
0.41885970503593223
0.3685515255522759
-0.04170057223406983
-0.40913469392623436
0.16281069550270275
0.9160937909558222
0.9313222395554761
0.6900571369360284
-0.9830459896135825
0.37460112532731293
0.5161349256149563
-0.6132996486941282
-0.9704304691801673
-0.32864666439597356
0.9967999026939043
-0.5553160075804764
0.3207773185419984
0.10284765826888755
0.26053220247943154
0.21919354706575125
0.18359107173892583
-0.42212104926168137
-0.23137371126421583
0.5603092907429276
-0.08037542170815021
0.8236122195671773
0.9810916378195331
0.8130526777065725
-0.6856001692693129
0.6772059209863047
-0.24824974093364602
0.5507325715637937
0.3112748609713343
0.5578042742324676
0.44159097823280974
0.015703145466746282
-0.39264867419784594
0.2818893248314207
-0.17582242145620164
0.06671949263408239
0.050941980073821336
-0.2565459111401216
0.42551108636885315
-0.4381571167838312
-0.9367470462816694
0.04844648174230978
0.6708613754346849
-0.362883795538692
0.8534824858577815
0.2464622293561686
0.09105937850504549
-0.5255185997617137
-0.10430177067073901
0.8142358759600188
0.9613097335770614
0.8942723036002881
0.5060423484042006
-0.28989827517413275
0.10649262719148915
-0.4426231554218322
-0.3777828646698798
-0.8911606080268101
-0.2769776195628852
0.3639400245096463
-0.20135198319191736
-0.8057507870676551
0.31257385668479
-0.6499213634599015
0.2556606890589157
0.3859458862634826
-0.1648464501643554
0.6072428497775344
0.7713560008456555
-0.8152799813166157
0.9895124017450884
-0.3855139953992942
-0.4907850489504025
0.43050468231292927
-0.8197554986766505
0.7237655674813755
0.7703741197851386
-0.4765313817820037
0.04097042783459753
-0.6766823143504451
-0.08481617019694648
0.6115440496846579
0.6006093762693575
0.7706048444081502
-0.1927889018785718
0.41788924969908553
-0.9366992850118218
0.7984248377461535
0.9402849228722022
0.014276764178084012
-0.6888870846941293
-0.44479580484151815
0.7425038767448571
-0.349806078157602
0.7288197337292288
0.0013880306277733734
-0.8174579712367923
0.8362763639379256
-0.6161504950579924
-0.5448695568181444
-0.43190846900011554
0.9597964989975957
-0.05729969194881022
0.0888635062400288
-0.733408538487767
0.17717657794180972
0.6481273905636186
-0.5136074990762807
0.16851977126510073
-0.47901961183980923
-0.4697780350750425
0.01404933179208056
-0.6860107633804962
0.15165977276809414
-0.96747257641268
-0.3460240167816551
-0.6379926554767783
-0.03470557881229119
0.5048723042212064
-0.7676411509972356
-0.21910755706550944
-0.7474937705832783
-0.20018053042393547
-0.4088583283963589
0.6085936840586146
-0.19815252438829015
-0.9094691030772667
-0.2331130270773121
0.7015402502440853
0.9826895594685227
0.2156479913679449
-0.6772390966947553
-0.22102652401100914
0.1743492285173347
0.49341371869067524
0.717702092600719
0.6349348443161386
0.12692830529732904
-0.46954321048671904
0.39001413141571023
-0.6736800391097898
0.25594443240949943
0.760914421829232
0.6248023280714455
0.7255106069401795
-0.8500677294045185
-0.2801476055894836
-0.01491868512430461
0.40611175258712295
0.20292596553496844
-0.5769050949672461
-0.09285106564463648
-0.46694184010308115
0.1051041440322063
0.7092590558776743
0.5695733632810608
0.7810424432029441
0.8402555815081046
-0.46280924018694647
0.49112536872524093
0.21100323570005447
-0.02349386175111023
-0.1157090359940747
-0.8266082616674859
-0.7129735250493319
0.3572120259030097
-0.9493377205769719
-0.6599540272712572
0.6235369519241373
-0.3011052935327023
0.06817638103735169
0.506106902419179
0.12763822833602156
0.49501685063676604
0.7400517621779137
-0.5748471089832459
0.5136460466550274
0.755638485339766
-0.44763194206825085
0.08277265688499628
-0.09388595337999467
-0.16527723912102252
0.4592361829258277
-0.34189327547369464
0.14141585195718373
0.21533799920424815
-0.5523567567454212
-0.9853599818005546
0.8209944837752999
-0.6769749109532536
0.23209308340372625
-0.12012694825452057
-0.2896889120755301
0.58954714712503
0.96437917079449
-0.11425229597185005
0.9781206888415761
0.5737703301096839
0.503280717597211
-0.6133164512172538
0.9472978279235549
0.40323846191610846
0.8938357843475302
-0.37814113095800517
-0.812919837410794
0.3035094865224697
-0.675587135027979
-0.17754030224873443
0.3671159450900009
-0.060938927717676256
0.9757783872394405
-0.1381009537215558
0.30355325935262784
0.8939757338570352
-0.45870495058035055
-0.5832207433555958
-0.8870261916520082
0.9037352058622645
0.785645179974035
0.12801190825886927
-0.5098960664663952
-0.03793155093882092
-0.5525332282166547
0.4079436968767736
-0.7251581824642885
0.2804795740477404
-0.6392312286342364
-0.9620019473669112
-0.0989660959587082
0.08040613758591975
0.07266506984859467
-0.5546002092946825
0.5029619821517137
0.08716512483798855
-0.6139804115343883
-0.6031529764369327
0.713170523254996
0.10023669924397992
0.21852854166241537
-0.9612638497881066
-0.4163530940845602
0.6271436474991571
0.1645148490701485
-0.6297723446417346
-0.08230701492412505
0.07744028506444678
-0.4279672518440132
-0.9008752768967391
0.7984265695664811
-0.1332469233858729
0.9635508338384547
0.2618992573931435
-0.8985384859086276
0.8490509187064246
0.5890449451183564
-0.9965858787907376
-0.5071459691509626
0.867350616508628
0.5582934159461419
0.22678955522521482
0.5856266921358984
0.598782602533249
0.5918300235619087
-0.7964378475749586
0.8683218663479388
-0.6844187041970281
0.32056008738734704
-0.296610276281825
0.15485271768363332
-0.6215893178636548
-0.9445640083984236
-0.7078387847383182
-0.2661308131602233
-0.028693218630136606
0.8291020874387376
-0.3864990770976716
-0.43198228844324105
-0.6904009571781338
-0.20656478122712835
-0.935463165758642
-0.755697370657052
-0.5874239748501479
0.36528312066893015
0.9234595431430362
0.5916312591440602
0.7842730002541611
-0.20487730360501932
-0.3269799773404425
-0.9297422254509589
0.4475708758583308
0.5498893418032911
0.7149903806875679
0.6895013160740419
0.9986829786627818
-0.6906322896835337
-0.24319281534105677
0.6350475272004823
0.208972275517889
-0.9977820808555696
-0.3175488153119755
-0.040673909186620325
-0.3752148885514209
-0.033340019315166426
0.15341581168163174
0.600187013688405
0.700829595262929
-0.4285417922873305
0.478609410944851
-0.7312312520101729
0.3186883591849387
-0.5771562517827862
-0.30418098803328747
-0.21041173966626575
0.3117841565475046
0.8525820239630655
0.34685100973251703
-0.6512514182823617
-0.09948595142690642
-0.5036196698557781
0.8728330387094281
-0.6021671954980484
-0.39042954292388976
-0.6234484388704173
-0.8749779617576591
0.968438028357009
0.6144165994025493
-0.9604965425938418
0.9629210002861488
0.6336818600132912
0.12237193204266729
0.037911907554515754
-0.6694966801273432
0.37540862644297435
0.0054423408341808584
0.22869183745590488
-0.08006111049316375
-0.5181718677135438
0.8451308004354571
-0.57225662435707
0.9863145046390606
0.6035930642228542
0.6755232793128829
0.124327526761564
0.6741936287356114
0.25913312997355264
0.3647031592182277
-0.7666798420054952
0.3164696683599287
-0.5346424215683147
0.571042281586369
-0.9852797286729322
-0.272224921508653
-0.7224736355134984
-0.2977621858244234
0.0053359871383986904
0.8454281440032675
-0.7565038742054971
0.9548459223038206
-0.05425254544357025
0.38718045903538845
0.4286415035092727
0.12229727426050538
0.7996288710852134
0.9171349203342989
0.8467713551251158
0.3297926545097358
0.9199054173804438
-0.7754063649902987
-0.7591230391872437
0.9727694047859634
-0.7168106864908765
0.24397211464740431
0.05377152385472894
0.5932746822967883
0.9379501182224006
0.9808898256317744
-0.4577027442385453
0.15574052075418002
0.8682192740577335
0.7314004510742915
-0.6855352524081993
-0.36268971929050364
0.7368765336175404
-0.3497361738971185
-0.7417786000920156
0.9002649442068743
-0.09943425213592215
-0.17538087472923655
0.3220201312789845
0.09216602890485064
0.9264912551446861
0.4634855889649326
-0.5090854825822545
-0.07587210526008413
0.6786462854978438
-0.8621139347984651
0.5449118056635542
-0.3590766569861856
0.7252353586101306
-0.19301128785652777
0.5412332457056666
-0.798065152278902
0.5174114044042308
0.6271566434063474
-0.6062715049406074
-0.7956382922074859
-0.6359743260681135
0.4375634188179
-0.10239152029701198
0.36680744796163056
0.2795261201329743
-0.42081671937764575
0.45279678664338113
-0.04057012611687978
0.9630379831946844
0.7506759933883996
0.6268088340115051
-0.12163965431092899
0.8660013462010023
0.9040135111369385
0.7151292487195389
-0.7668613511574212
-0.10763268113715337
-0.6858011449549208
-0.9464091942486366
-0.7290876208766397
0.23011685197067666
-0.1351684253698595
0.5854656889009537
-0.32463152390019623
0.4298562623574431
-0.028655819810560628
-0.6069216702726677
-0.11187497438298044
-0.11718257031669602
0.7055603434395112
0.8801691148548886
-0.03422140094634892
0.6006929587886091
0.2848216454056912
-0.799197164403475
-0.9182877104164139
0.6299243543022568
0.1255489034209386
-0.8470434383275205
0.10428710736217983
0.6158366366566556
-0.06957214768227163
-0.8274209600361777
0.08047430417802658
0.7626333456801935
-0.7725045638648064
0.023505367464104802
0.2916124213305462
-0.4608786569949872
-0.21063820500391728
-0.7452375661762101
-0.5162195094297399
0.36127432363023443
-0.2051185186376312
0.8699724366583484
0.7191916580514642
0.8961239799735141
0.9154091599030655
0.6559729624980788
0.5634775626118824
-0.295604093249671
-0.20255145974227376
0.6992175389773386
0.3181970577518197
-0.6725591227727229
-0.909422105602103
-0.30730287150362356
-0.5211230319423334
-0.06296388578715158
0.797750710809519
0.011180768613319724
-0.5406313562757947
0.4799005183929483
0.6313926874204394
-0.2470325598948002
0.39104455535414107
-0.7137248815324742
-0.40001543538121287
-0.6970269066476624
-0.3504925396226317
0.7684873620877015
0.6249637556046035
0.08908531391283608
-0.679726178830086
0.458899726029031
0.3420501770917888
-0.358314325782337
-0.6836794351370069
-0.8951688667872598
0.6652099550793606
0.04642016077925214
-0.6794595642302022
-0.6932209866011695
0.5552905655546565
-0.4498826417777609
-0.35048347258181023
0.006164326903996987
-0.033854087288116265
-0.1303823245216695
-0.16691599065775808
0.8193016036686234
-0.08778037468637763
-0.25886237252104394
0.01884756102821128
-0.12761715872094048
-0.6747945243878568
-0.9989843081492764
-0.11987418685349915
0.10174757703427084
0.08958794445076679
0.7192960634315191
-0.6495138082781715
-0.5290948234918114
-0.062383174815650255
-0.6868533526830569
-0.9131297627768326
0.9418939066413042
0.7216659209630977
0.3089174640371167
-0.37522050299632775
0.21294483961048238
-0.07654093087809247
0.9794585181502012
-0.30065067194328277
0.5054347477692269
0.48035060107015415
0.37744845856158166
-0.17278790936088406
0.4633017102069261
0.8100134916635351
-0.14702952043884387
0.4368475187019756
0.3754052136244779
-0.8448897847997274
0.06898335959410429
-0.5567224550366234
0.5443388174030084
0.09268417841501364
-0.9270645809327389
0.08691204455154806
-0.2856254856446237
0.3696645896769565
0.25616830286440745
0.6928220456136258
-0.9961798395726855
-0.7822746345651393
-0.6484684476928059
-0.6961760784493203
0.0906723931164445
0.7265499441770664
-0.6885725276650608
-0.7664385607028547
-0.9330444638224636
0.8404334503984905
-0.9583910542223155
-0.6238989689819663
-0.5993082023728304
-0.9973921626566586
0.2604749846027925
0.6940692108327151
0.6409380852936988
0.28997675472262197
-0.09958256011533417
0.7363488227964956
-0.47519535416577785
-0.013112560675960783
0.9260116569585157
0.08622918593991091
-0.2716519908832896
0.47262647497927285
-0.14333051068950015
-0.30329056513901564
0.9091174421351444
-0.6535284552830619
0.6818602679917185
-0.5078688312872616
0.461526212717643
0.2938869181502733
-0.5138732336542875
-0.8588649184902951
-0.7653310841130659
0.3574399316347101
-0.13913300643018234
-0.0394464670687511
-0.769949883990104
0.7857247238523473
-0.6333325938479075
-0.6191753397198814
-0.3577216702210688
0.28447491692003357
0.15699386767066836
-0.9627216233536551
-0.5319850952366683
0.9086300675314647
-0.6142007871405557
-0.06301204241200709
-0.33323675940238506
-0.26963879898994336
-0.3636614253857721
0.16550490776982957
-0.20419383001101496
-0.5436938416706943
0.8044749254990691
-0.9551947928310033
0.6347770822112708
-0.9268209343482247
0.3044186391092689
0.3893201891474653
0.3808104249104562
0.7841880868383377
0.8482817602481045
-0.21601229618056128
0.3664899881887993
0.658131471561586
0.5038151396672435
0.03452073138132983
0.9643649203468132
-0.8993577490134901
-0.2760968876093812
0.6965172926360823
-0.3423069340988636
-0.1239646812937707
0.5474714720999034
-0.6618700316350314
-0.8715431885422409
-0.7804465978995463
0.8654942022037656
0.04758504379358098
0.6062265218736084
-0.5950969530712505
0.23009641047326768
-0.3558854751004723
0.5765290871908746
0.12480112989483372
-0.5568433484763662
-0.43369966278382965
-0.639505712852193
0.452201589112724
-0.6979227799140566
0.6145232452370089
0.46762564118599026
0.23030071380028705
-0.18198877852653084
-0.6980098964118142
0.7621633695486625
-1.516363713326931e-06
0.6339260121271102
-0.48197959472341423
0.3225383025599431
0.48792364994193327
-0.4016403293518509
0.17310065940488562
0.7114069451512974
-0.8140795946366108
0.2623407840045735
-0.9512189793892005
0.818712354748639
0.1455192386369466
0.7558695487002911
-0.0434702942426366
0.019441398752565897
0.9926506303761364
-0.1927553571057603
-0.02966771201042273
0.06193407374273585
0.4005968168802585
-0.5431246469778288
0.394386089896946
-0.7416616608955684
0.5463067758459135
0.7935100266517479
0.7681427575917792
0.3886258337100226
-0.5088645332544022
-0.4238369503867436
0.006792126203222004
0.5043726560817821
0.1743946192855459
0.8619376579182487
0.4847101260374358
0.2268074016546766
-0.02832794744926459
0.015605249368996654
0.9552425418771158
-0.4625550331045811
-0.2557353175676016
0.3384521601199151
0.8787322213652611
0.7207535735614545
-0.45413248956814667
0.6347201490641772
-0.11101666983498859
-0.08869799458009897
0.3958848196715019
0.28818622500042257
-0.3256090259690265
-0.9905615583076197
0.49860974526591706
0.3981225450548578
0.4573265591415663
0.7937950490113943
0.3661222399926092
-0.8546398158812205
-0.4417572597249979
0.8069121227033547
-0.7562303467891673
0.5104826551226671
-0.36796614995085464
-0.23418114590091377
0.33855115173229544
0.9779527701219444
0.4581884848392066
-0.8891893280705474
-0.8490087765948442
-0.45799087495050367
0.7894452825687809
-0.9167707226238043
0.34093503166213823
-0.8721724543603342
-0.3700877319231539
0.3488445027919851
0.7141276674487191
0.8516796004044493
0.857422325069762
-0.4755008959493121
-0.7153294038389707
-0.649131878515308
-0.21887528282422064
-0.712845427232379
0.42389491968820225
0.6365706257014545
-0.770845296182467
-0.8490988056135849
0.4506034453608674
0.9593252647376098
0.38141317213831516
-0.7189750675205162
-0.6201133698296661
-0.7613413427350746
-0.3491110892821153
-0.8716784260503736
0.012378086030131871
0.38788664875475753
-0.19132549196264087
-0.14981421983009863
0.8219449697212886
-0.7600594002617581
0.6314531756375263
-0.7099803526013223
0.9430720064342479
0.8481605810188201
0.8705384399414998
0.37361842493921854
-0.2489987848864218
0.055600663444854474
0.6313789815076525
-0.6241876320180519
0.4139698260989242
-0.8818693936058812
0.030050471102588405
-0.49438768783679365
-0.7474714116785082
-0.008218006612111806
-0.06318957267540148
-0.00502554758477447
-0.26718891135754574
0.3981134966661328
-0.821340784970946
-0.4185940837906402
-0.39129524560429574
-0.32493444790451975
-0.2719254899693104
-0.29078371774048223
0.4147189610901196
0.0683211895505009
-0.09206310029187967
0.5082459491179931
-0.5462603693768538
0.40296254484637234
-0.6855573914434727
0.34686709561418705
-0.9105998336255174
-0.15649710928100233
0.3635606385537019
0.2912022390702793
0.1867891103202075
-0.38181609479497003
0.051236684125140375
-0.1828025623685281
0.30528133641732635
0.8512213095111525
0.348147486260989
0.7499434400883818
-0.09009370603508045
-0.03827374542478447
-0.03745733116595046
-0.5479104906721324
0.06811814210958637
0.6489169381179031
-0.13994882737400074
0.27259265196114596
0.0576681252417825
0.9337509284145199
0.4863627956501216
-0.7070829164604804
0.17258879854700984
0.17851356573295482
0.2756282935952685
-0.18049532608705093
-0.20783129534381914
-0.8179451438875044
-0.4330809724408011
-0.789760659363097
-0.18381951240581573
-0.8689068671551361
-0.812120803032018
0.6667830613823
-0.9237453377810017
0.43842824636805244
0.8072345158526364
0.5255387368293445
-0.8132420382215503
-0.854031203065588
0.43952860549854145
0.6190763914986582
0.22570226031184745
-0.4219029808637223
0.6580413675591744
-0.12174433180050745
0.994021315851137
0.8977353528484145
0.33751316633819534
0.882387944555044
0.6206290210077855
0.5657088795357073
-0.6447062580894327
0.03129878806442535
-0.425960370211784
-0.6105812226288161
0.03141464757820229
-0.3404925381605034
0.9250577812727392
0.08367469133542405
-0.3991769779533607
-0.3305125537378748
0.5544962842555143
-0.7774652498018189
-0.15321366244621926
-0.6485105529874642
-0.3743990597610502
0.07248319485055321
0.7538499074816442
0.7157955085661213
0.6964625830988603
0.43331627475886936
0.305311304566612
-0.5971405955081647
0.4652611325492867
-0.07902828087423634
0.7129983416779843
-0.3114446118651159
0.5756942988063958
0.8352834097106155
-0.11789804977127175
-0.37217062059897144
-0.8734909209460094
0.8913296160300296
0.03462555522551698
-0.3971376875643602
0.16368801565631008
0.5147439624055754
-0.15229142082655422
0.1408210534228871
0.9859543739507781
-0.3972207667071592
0.8415455149961216
0.917469614253371
-0.8140092279227589
0.17004076253318137
0.11842634547687077
-0.0887780901665429
0.5544748890544489
0.9328669712273285
-0.7183699500872361
0.3128764452240593
-0.408328457157495
0.5893257212904475
-0.46080475030079776
-0.27726541128690196
-0.1948966213641593
0.43091403973121517
-0.05221751581665759
-0.5995959742592984
-0.2048402180103799
0.7393408547482723
0.6729758392270695
0.048463835577592596
-0.21697274076748885
-0.008730693065007955
0.15165294879415403
-0.9610968801625226
-0.7887405770480664
-0.42083348631416856
-0.42745920768742773
0.4976138154227378
-0.9510986285732684
-0.3633872447109386
0.0644091837213205
-0.155329262031382
-0.8458746218080004
0.221166007499282
-0.6842462901170638
0.32778180823191566
-0.4204115753367651
0.8184788599066517
-0.31456714383390644
-0.6753495723674166
-0.400998203877451
-0.8756082056422249
-0.29112014809998893
0.3324497483973359
-0.061967029986004625
0.6924165151310017
0.17925912014551892
0.11889369230702318
-0.6247925678774922
0.5100571793416973
-0.8328839917602615
-0.7800942079586557
-0.5298320431987353
0.5088915065004807
-0.5815330262629858
-0.8359679211265305
-0.32191158455477054
-0.20904246268002208
-0.08602105450712208
-0.022963814046193163
0.22551608246005506
0.7960882553821709
-0.6784203643307997
0.23801399259953554
-0.41333228224512275
-0.4129624467546748
-0.1420603440042228
0.12436217003982503
0.9898224177137995
-0.3929570890838604
-0.48673531118304597
-0.09515838826160763
-0.24213250235642728
-0.25345989004150365
0.7784759133158643
0.7863865185425007
-0.1939837226368768
0.6749827773320176
0.048461142595087825
-0.9522829436334361
0.6791072561185922
0.9102920853002127
0.21988755076242386
0.48158594408978966
-0.8303354581351077
-0.7231725131272838
-0.09556203224773477
0.6980615034270723
-0.1931200177844279
-0.8307754130636419
-0.582879250358277
0.3056532840481468
0.7941101488167391
0.6152821394181246
-0.034303535667767955
0.4369138364972566
-0.7012034012489337
-0.04850038047005692
0.5777370324595652
-0.07146043607333288
-0.9315512891085322
0.33574202279376153
0.6849770884071205
0.1518554819376794
0.06407764186637221
-0.7970639972004281
0.43664235247990635
-0.3779708477347763
-0.39290387999265586
-0.2739528177309702
-0.006237426227651172
0.38203204068199825
0.47450909147942366
0.022835526041100906
0.9047312598020286
0.18575969783206125
-0.14966845079165209
-0.006347070988918443
0.046549249779520636
-0.03845014340482786
0.48007732255153857
-0.8951723765368406
-0.46326499943276295
-0.6974374192158646
-0.8769971633919972
-0.35502084762661185
-0.12580478346184257
0.042832957122054045
-0.05201965167265358
-0.4729991448807542
-0.20143215249697488
0.32158368490267053
-0.7415125877029547
-0.09232537761304549
0.07061693821615411
0.09348294009742819
-0.7838905208397895
0.5560252459732854
-0.6050940638750185
0.5466748411899807
0.19834866776154358
0.23007010706407377
-0.19996334256721246
-0.8035980685518549
0.3030771928559668
0.7443933573806185
0.7244453162750307
0.5655582313103903
0.6166292349225377
-0.9398117555892818
0.5406290140209978
0.41599112602149624
0.3117484355280875
-0.8440320875034218
0.2803223381445676
0.2436840880502123
0.16344022187563848
-0.6386729921705963
-0.2913550817303634
0.16683680048466765
-0.17750170911358443
-0.9491206300951271
0.5183944761453854
-0.19045145644198835
0.7732380669333807
0.8891943670209302
0.017729523579181828
0.8410722251971119
0.42442261627405586
-0.1804926847250791
0.623084399800891
0.8663313515258282
0.25158644842493644
-0.38513851372449814
0.7723576901891345
0.5570012364396719
-0.4400014637487385
0.05205879641470197
-0.4089939100301702
-0.4536335225790543
0.7880965414249718
0.2784613042723034
0.0616718496362169
-0.24451383663571785
-0.32371053016099066
0.06917814537213741
-0.6151389371129712
-0.2774509420058622
0.7313117153639939
-0.5482039756786896
0.03463792612582761
-0.5271241041430204
-0.5820072372700829
-0.253630411853752
-0.07688810537329822
0.8795931607702987
0.07740202432978745
-0.8280704895220625
0.1786646549356418
-0.404267269740134
0.2765531402669035
-0.12193109408019888
0.2680371687701609
-0.5855145633818827
0.6273642971620792
-0.9866424953194112
-0.2981384788446671
0.01356187690540135
-0.3341930022632488
-0.7575780899221987
-0.9228941829038693
-0.3988190012996496
-0.2519286024732468
-0.6645041106262922
0.13802713715129059
0.9979717348760753
0.6111257343105843
-0.051268989166868506
0.16622468554482905
-0.3860015127638128
-0.30100554772043236
0.7629869953136746
0.34801755356207326
0.48550684418892204
0.7268620211967308
-0.49434512874157105
0.05876458221657595
-0.7267964349511471
-0.36375924387051445
-0.2673013805741615
0.855584791637679
-0.2708382398234834
-0.7139564796224928
0.31539786725490954
-0.4549381419965208
0.3032715582944862
-0.10566356274687648
-0.04242054730200218
-0.33480782904438694
-0.7013173679303798
-0.9529194227956813
0.9097850015823693
-0.620467596655662
0.4037993771195012
-0.8957941610896887
-0.536017075968592
-0.08974426122215595
-0.7667970943998039
-0.7294575690816214
0.4423619350730497
-0.2324736472087959
0.9141705162734576
0.012979184236244879
0.14259516672761013
0.018301591209925083
0.05670279496376162
-0.7555447572419497
-0.8821619493482546
-0.6258964380580965
0.23136684919946623
-0.26573272238368284
0.981378362355735
0.43277482240029896
-0.36394355113515414
0.24758045904753817
0.5957021400017298
-0.6394436533099535
0.11139779669689141
-0.8417057797936484
-0.6274416991775298
-0.8911349363230663
-0.4308627360208048
-0.46547057893928523
-0.32294236221623085
-0.6982797298331764
0.2927298150928088
-0.4731179206311848
-0.1026705553708831
-0.5633099843707965
-0.00037164215108940465
0.8899744087804604
0.32662534878056254
0.38589216344995225
0.7068738886859821
-0.7633353667056915
0.5126309497054009
-0.14822260242680335
-0.10923485283069335
-0.18642090953009896
-0.1369438312321455
-0.4022813921936967
-0.6270213253597098
-0.5307690844370494
0.48002686100066727
0.48695370607214783
0.7470248895521524
-0.6111800070172765
0.41721045046095606
-0.9484006047762836
0.543138286196418
-0.6742324275452347
0.6051735987677278
-0.8555451634062416
-0.708176138573801
0.48437133108651287
-0.14284527868776692
-0.9395107487153096
0.3395864982531153
-0.34085863604298366
0.45117169602546525
0.15293587936487257
-0.02311015410185865
0.847853791766871
0.9974084955371748
0.8850533814863141
-0.1593364646191298
-0.3005501772995098
0.22498329208244736
-0.23179719324929368
0.22609773121364027
0.35636172750258693
-0.21579849095631534
-0.6735051910201537
0.7803786830883074
0.9731973665680747
-0.6106387548400092
0.894122543809919
0.999410886634648
-0.8275367905886322
-0.037894804632313095
0.6167700067313453
-0.3307783210490256
-0.2595529188935703
0.30553969335585496
0.5713262986522318
-0.7293980432290889
0.6582987831348075
0.8179392981386782
0.8879436971808037
0.9081631985929876
-0.5290069274705274
-0.5162930371749589
-0.7021121945326135
0.43572560070423316
-0.8663278101652329
-0.33718999475381833
0.3619275579289289
-0.006400095561902457
0.4558344186771129
-0.9628193541886946
-0.5036786594606998
0.14306524975544654
-0.4852393145795538
0.1661734657361652
0.9319413181379247
-0.36845099207793375
0.2677506879069078
0.041446287398203996
-0.5268177654450743
0.06158326899303357
-0.6644774217732415
-0.08691567519145246
-0.48723342420998866
-0.9298206905926181
0.22123284950591762
0.25238714865534234
0.7455603308489965
0.34708034051781794
0.806343703381363
0.2590645614261151
0.5091147526838502
-0.41327230603647735
-0.5083085883984908
-0.7945033085386556
0.354656028085207
0.20636812144382602
-0.7822222122142902
-0.989495245708095
0.23254511937469743
0.879393334413359
0.6315188252164352
0.9108054525182286
-0.8726785762020888
0.550685636692213
0.9139018139692039
-0.37754413039586665
-0.9256904476659866
-0.6702804157588433
0.04050698416964061
-0.8799796718842697
-0.5042470951509479
0.44219814746016545
0.31259314809451094
0.35137032908020294
-0.10719758444479066
0.12643972434924178
0.8722685176720004
-0.07985104521344555
-0.39896608973899383
-0.8903565381334447
0.9295926648438116
0.8293960799347171
-0.7043822493069531
0.44299567981385274
0.3546643888045395
0.8930624074065527
-0.5537971803532182
-0.9231927088889037
-0.8778998179909251
0.6240243113518085
-0.43515167316215186
0.35729950044779635
-0.656790413197264
0.009532617889190131
-0.024004288062841495
-0.6225603805183386
-0.9943608113564213
0.8795239043247269
-0.7145246777593348
0.20435813579117781
-0.15214571173822725
-0.5258441974351008
0.6357131584534179
0.11079223917858677
0.23447609032917435
0.7834070981543212
0.9625481618573216
-0.41691891453592234
0.9112825974011868
-0.9000747008319783
0.42810878184468026
-0.4648148041859686
0.09565344393230098
-0.13256955399600306
0.5869552437407364
0.8266020272928013
-0.37888887057455545
0.012485911512386094
-0.828422251181034
-0.7805222711914328
0.2585721088608417
-0.11514860993575105
-0.32570689463730185
0.7171112024143902
0.8806468296241041
-0.2665368203580003
-0.5425794850505605
-0.6816192123019851
-0.7204088084323219
-0.3539787617644354
0.9258332426728738
-0.8742567405468494
0.8450333114057971
-0.5888119973421131
0.8946897703451
0.7847941918522039
-0.7342980252964117
0.6411145339811837
0.6003237866304703
0.42568894760295173
0.5689331934911294
0.29661209404558697
-0.7194748471918826
0.4598537116768613
-0.7363074469483777
-0.3860024266325688
0.5342652103200904
0.8858924085015225
-0.09171437070885102
-0.572937075541349
0.17882762197401947
-0.6028372442132384
-0.08546994079271597
0.5330283257567092
0.5639084315295297
0.7632417194922338
0.09664610897489663
-0.725695584442714
0.5917698833480592
0.9795758041061591
0.7914607401954014
0.8491463690710628
-0.1704859981334674
0.5013128261368329
0.023756380946947257
0.8263227657103664
0.6987636485516908
-0.45462950044518985
-0.21882578370147301
-0.21817132798637662
-0.5764825682862342
0.48528015581999306
-0.6291125398121094
0.9877697404322943
0.3385327383255916
0.32529004978693066
0.0022759665556646436
0.7343178191788811
0.0318135742513459
-0.18716989209041257
0.5606166347378814
-0.789778333424207
-0.9339921260468096
0.7668647287651027
-0.3303408160559087
0.8986124406544536
-0.30584183518709435
-0.8545754218964403
-0.9862684822634323
0.6899183396105943
-0.5340402673916547
-0.9886072582777642
0.8996236847863988
0.9396956377808904
0.29726799693847716
-0.1986356238423516
-0.3861379393401222
-0.14788958135359498
-0.5127437769166403
-0.6981667998142684
0.5148169410244079
-0.5034711214564027
0.3619503162741391
0.34321525435279754
0.37845837022448015
0.8668940816367934
-0.561186768550288
0.5014408610924141
-0.9373065011397907
0.4260362927612844
-0.21078052693692295
0.7097389453142635
0.5651183582110266
0.23485910686554923
0.009303924350729081
0.10012262666035594
0.7624716417747373
-0.4330753380456167
-0.3637209574902962
0.8179198087005113
-0.5985494111241332
-0.04843550192557089
0.8100802271126359
-0.7915540152977274
-0.7035223358898415
-0.6168424850720393
0.2590532787026325
0.5177229491747288
0.8724361604374649
0.7088685262789458
0.9707194599701534
-0.46358110683579823
-0.043643740676411635
4.496179345475075e-07
0.5760585972835319
0.7212734503780354
0.10236360380817189
0.2587734538170958
0.09354275362302045
-0.5699366730789308
0.4939387341779955
0.44466138169117375
0.9836331347471887
-0.633038924233625
0.015057900195078133
0.5726972751748045
-0.937543076820416
-0.7889580048995852
-0.5873994292750635
-0.6184125133382634
0.8543542743735011
0.2628022680076203
0.5253044322668912
-0.0987346998102987
-0.8688421657387619
-0.05116104428203627
0.3970671186570729
-0.6927989374052315
0.05981436995117573
-0.49527952812730747
-0.9715940187475627
0.8878628706716463
-0.11248451476557908
-0.22276853326960944
-0.14751379764114714
-0.3429971542170698
0.08784864694694505
-0.9724379759150701
0.5704486539675415
0.5514711007145359
0.5489059933506097
-0.39176859462643043
-0.7253833261194287
0.5856402069462938
-0.7253138119088207
0.669087478656462
-0.2700211430969217
-0.5090850249037375
0.13271889346192922
-0.7969815447937942
-0.6221471990870266
0.6950669921013168
0.5392523850158222
0.09073496368900758
0.7443699911926682
-0.07127159487417112
0.3467600626130458
0.35048368497335547
0.7605223025979202
-0.36612048191788826
0.1650029940090152
0.8265313296759864
0.36950313306629035
-0.4460258757350155
0.9331966236165512
-0.31173722926831404
0.35899251814489075
0.9365588982153259
-0.05072000232890872
0.5539101777069508
0.08644796332307525
0.10234913088813191
-0.4097684305737154
-0.7655241784274904
0.42870328802317637
-0.9506902804790905
-0.5438809653740276
0.06925731532461188
-0.14236380148890637
-0.9201544313306143
0.3871551663248558
-0.3824322204041388
0.8952897731030026
-0.8192953317099522
0.23029608335967822
0.3667533360065036
0.6263022367441904
0.6650607327050939
-0.9853339552019926
-0.5629277637031735
-0.21842331962760575
-0.8865583890807172
-0.5513787131061694
-0.8792129123458834
0.9843429786873854
-0.5187406699091555
0.07883073543369189
0.6134599100632078
-0.077271554945111
0.6369898106437781
-0.35590728595115
-0.22151487477480283
0.30852844647068206
0.7409709611729405
-0.3897523781321621
0.6249827571907133
0.8858397861628307
0.34311981624582993
-0.6066474765725868
0.610844680504105
-0.9339705919230064
-0.18597528706273825
-0.8351547360311234
0.7057120289262913
0.23168807394147395
0.17548616155512664
0.8370079042806571
-0.8576707962359829
0.15670473523386286
0.8009185369051384
-0.7459852680852714
0.9877527424646835
-0.15050148840448352
-0.8197341821567251
0.38736224603666675
0.5037133982147839
0.8334243670654803
0.3340819350366044
-0.8431706735521868
0.4639603692265611
-0.558465953982701
-0.4669841442570412
0.6581199210641264
-0.6718990537567947
-0.6338105617750007
-0.8252989381331329
-0.06228964387121499
0.7558128960593974
0.556053922231035
0.7546670326487381
0.5752426673935431
-0.9813201617954105
0.2897763466772465
-0.5661347163534174
-0.3426719800725142
0.4600264304373445
0.04473101218001685
-0.4318813006242148
-0.7672825948057782
-0.6662677476845773
-0.6851157589590868
0.6441818024607784
0.7548322249408509
0.899122700548124
0.708004414578025
-0.5993378407193298
0.7853302068525242
-0.6950346924012752
0.10843071005550442
-0.4794557677905918
-0.25713307764934273
-0.9723106325818799
0.5535518339636489
0.5173576299715722
-0.302602154313662
0.9622989790602501
0.12285061630462771
-0.31044883730389344
0.8581109742187176
0.7119142998497204
0.47959450294187667
-0.44689057750979067
0.4055068879492556
0.47512819009582663
-0.8105889740122232
-0.2906808755164374
0.021338488840041414
-0.9090467434485512
0.07790292990643165
0.5418951721369868
-0.6440956679367732
-0.47640094677342193
0.6304471508971005
-0.8917032962912542
0.7198382501874907
0.11230024984052975
0.44878227370292506
0.9199172668128018
0.5101785621966578
-0.06199439326915663
-0.9202839590840781
-0.20168673119762717
-0.24586877251767075
-0.0995517753005397
0.2867483523002374
-0.21665611792130002
-0.39064385789961964
0.014193784421069881
0.2982879881116149
0.9378321883943035
0.5939162221229688
-0.7287025577140636
-0.30591053097637144
0.8446369058380356
0.17694780767044893
0.6655970028005889
-0.25405673403196366
0.7791014497468742
0.36500589349003293
-0.32187160622872635
0.33482851564542904
0.7742674535376722
0.1613403685359868
0.11690946785190201
-0.3021331652146183
-0.8551115940045522
-0.47435331882186665
0.7247490131509553
-0.6421380496640265
0.9944712964503833
-0.8786687368224645
0.029135831968898414
-0.6303859035424374
-0.8110100555332177
0.3720569034683028
0.4090005365954215
-0.5488679233127856
-0.9723163983328322
-0.2501333498978795
0.7582320254568247
-0.9069589850266881
-0.5015557154833987
-0.7863632558221023
0.11778956486796077
0.2824837401703999
0.8569678324984056
0.1670866520431668
0.1993959784956385
-0.23012964990224613
0.8350839758631293
-0.3237326003698817
0.17262794486520833
-0.17198783140323404
-0.38690471424417333
-0.7479563315250903
-0.25518036768231983
0.8699184926159926
0.028859535618794768
-0.791698608782297
-0.9272011456245016
-0.1821689309383574
0.43191157780714357
-0.13020930061366182
0.7876691298017839
-0.9985735377529974
-0.6531834214918548
-0.09300240748742894
0.30914398559800316
0.05493313263069455
0.6984726694684167
0.09267149440088356
0.8163243768762217
-0.7828744244949044
-0.5268848061927084
0.7214039012909274
0.33966822028975413
-0.6337098678792324
0.46383562626400693
0.630799566838363
0.4503380533121016
-0.8413043646384131
-0.7162292168340886
0.307802038732317
0.4699597808220468
0.01083483605748513
0.4960749755409255
0.644422361890228
-0.663321311125855
0.9801205788865631
0.8986507763101141
-0.25908477602735763
0.20829266468038377
-0.9696060098794019
-0.6844564904575292
0.7989115907015474
-0.9963090085680975
-0.8927682680881333
-0.9439659834995311
-0.41596736908854365
0.8582489923691214
0.07873418643734649
-0.3748078260065127
-0.6526810023630469
-0.17182668707978083
-0.26367834911160015
-0.6680181810258218
-0.9954443165309447
-0.7769205364777297
-0.3117216783470848
0.5697010835333058
-0.36517390506326847
-0.6349091094199734
0.042387162199504114
0.5137771107886636
-0.8681564742534473
0.008679045018910647
0.6027296081324119
0.13156793035296993
0.3302442674446683
0.8927938072427755
-0.3989397738354019
0.9325828977792154
0.7427673317796641
0.07759732537515918
0.6093176415857489
-0.7413060244647105
0.5537563567417647
0.4032926285310998
0.20457304075870944
-0.16701149178768085
-0.042856971100914354
0.9432554503441454
0.49766789283267315
-0.8605235367405459
-0.05265447857137843
0.07201978026546646
-0.9469589686367078
0.6471372410690492
-0.183740244964112
0.8855451452873869
-0.9200260859725399
0.26517549770956217
0.21507751064912592
0.2207560933929255
-0.9386875344885872
0.5364962131546415
-0.67329970251172
-0.290302292192794
-0.4802846169727586
-0.09189635558065179
0.3757722573761251
0.9639710078804364
0.5048256187105247
0.6788925130171224
0.95634345880722
-0.9365933493445293
0.3968877616287692
-0.9694232969868174
-0.47606853488037304
-0.9523996167518176
-0.5423531666166581
0.6159205806321508
-0.5596776905842692
-0.8706461541552684
0.9723792895414199
0.15544991377286782
-0.2407816222857899
-0.36542913679808514
0.7850029580292484
-0.8243323624817874
0.5224398094903522
0.13758433956444807
-0.3327428235062724
-0.07793098450923851
0.35298928772212607
-0.8894690000085455
0.06430275111113248
-0.7021104639574496
0.538808801000487
-0.7084651637957529
-0.5054679510896283
-0.8794694105314238
-0.8895431352234904
0.7508042435917365
-0.4934856579834791
-0.1646730367758458
0.4576640764235007
0.976266837942548
0.33600434790449457
-0.4402438635435166
0.5978205511906327
0.9527300327526036
0.9383006621056612
-0.38445228432181305
-0.1641660514496394
-0.9126280735824305
0.38930779021453904
0.25481608979040615
-0.14046243000531672
-0.2883074124814133
0.12420883452667976
0.9372276831595373
-0.49462929705728087
0.7582122838346341
0.8504661513123573
0.969935953680604
-0.5588337483267358
-0.9782660983908797
-0.5415747390569181
-0.27812558979663726
0.772167936852433
0.6059232933749831
0.7594814587378901
0.9568219288618535
-0.23361370624570843
-0.1927916793721244
0.13680311301595993
0.407856901165391
-0.5383397929212864
0.9665645048679579
0.7971483267181718
0.6102821055178788
-0.0407595324454466
0.6901688298537223
-0.9418515980699644
-0.5327538949358956
0.4570425186618338
-0.041106608495033975
0.3939716960434383
0.9017554571096316
0.22699495147505827
0.9231070382768789
0.21139602182466222
-0.5568336137490522
-0.935028661851464
0.5296182687715199
-0.20730738072216903
-0.34299961917844857
0.36771469102929055
-0.14070216361955531
0.07151886725283811
0.7212839581261211
0.3109678140893936
0.8229836981309137
-0.35024019966742076
-0.7246671895462352
-0.9250573845214686
0.0052617117018080905
-0.5134257603106424
0.665172482004533
-0.12068267851245074
-0.7360227517660675
-0.31205524229599274
0.22586426699300055
0.54228154272034
-0.9827119710340795
-0.15258010287148405
0.03968434326130279
-0.32600758408481895
0.06277771688869395
0.9780813918633664
0.9243154874378221
0.28892283489746573
0.8547406851201529
-0.5538628141075188
-0.6481206013410649
-0.9470248713060682
0.29566379720774894
-0.20093037168296354
-0.8887188830555631
0.6369543893466665
-0.7525539392410424
0.8775094425008447
0.6672808996664026
0.8671407885989904
0.16198030825171222
-0.4649553093923437
0.7240245993033886
-0.15655175530151727
-0.7252396739551457
-0.8420440515891053
-0.5178001539216607
-0.28151193152216974
-0.32100228653731544
-0.003692683314323254
0.8571118862755596
0.8524566781008234
0.723242964364753
0.9818545225522186
0.3441822177743774
-0.08474316906637092
-0.0606287240208796
-0.8733974144976606
0.40382625457656485
-0.5162320564526475
-0.8886340375943054
-0.09048995167002272
0.448235252350579
0.3768510994234101
0.03656083305973853
0.3974138411687777
-0.5162502873923362
-0.41550604648213935
-0.39776141255090913
-0.3893837643882701
-0.987756475038974
-0.6812184192110526
0.12629907894716566
0.032656290219456964
0.8595674166580973
-0.7969266687327842
0.5065011570169985
-0.5103037440334662
0.31559859718166483
-0.19181089184916922
-0.6177707366184665
0.5641264345415204
-0.7305243684986422
-0.32231305711456093
0.3905739413244982
-0.7583222162500727
-0.460848261834543
-0.6608447238489864
-0.7500483879549118
-0.9466629135208618
-0.5332777499289011
-0.5071892838384848
0.7590085087767388
0.33054807246632073
-0.2794032340939444
0.7160190148821393
-0.421630265961391
-0.11241851713184296
-0.49248965531780825
0.9203838691701001
0.25750179391101996
-0.7979514277264996
0.030663263139607627
-0.1917227239457047
0.427357632952401
-0.09433016612378638
0.2554683753774802
-0.07830765851001766
0.2958991559046644
-0.03485825798431286
0.254157550242768
0.6737076569397122
-0.7264152122532888
0.8068253071130853
0.4111537967227161
-0.7045253410961697
0.5625387402433083
0.6282684158782535
0.05956184469582618
-0.8411743521055828
-0.1836088432493378
-0.26636513316459864
-0.0404577823215569
-0.29978938398089866
0.7311819969648047
-0.46584302537195343
0.6852921489750758
-0.987973499334065
-0.35928262394687066
0.08018440924647707
-0.2750832962917831
0.5819419389590814
-0.622659374310167
0.9190954810148687
0.36868447924625253
-0.44222365270729436
0.7557470752918627
-0.4818529843046051
0.935270726534023
0.5389419067839818
-0.9127384548130049
0.5848475970022695
-0.09041094928839082
-0.8173232497447013
-0.10420615928392647
-0.6328833814981812
0.020397098038233034
-0.5204673597821688
0.8587446764505275
-0.22530225573059576
-0.1396688211015558
0.7861352872200624
-0.7200894484053069
0.7275490015618387
-0.7062602968835121
-0.7398456154964442
-0.7398824903998236
0.12488263282045166
0.6651757674127914
0.6710514663500351
-0.08986819485260628
-0.5808823645813538
0.3278527080375472
-0.8384017120354967
-0.6561795341125054
0.7552403217389427
-0.5936523124609616
0.13192098439506061
0.4276608443806844
0.9725009119042032
-0.7980767527008448
-0.40167144265493243
-0.045381355464216976
-0.014812936856996743
-0.7863765714852163
0.3620151480551161
-0.807024535176057
0.701749683092015
0.1717144370990265
-0.5180433547566676
0.9782524269917996
0.8672806425274542
0.6621483456669297
0.7386267020314581
0.027573894283352687
-0.991735519132582
0.15580745450207736
-0.1183447916297588
0.29645857039048634
-0.7931628550255098
-0.9547080979151373
-0.5998708369631872
0.18441481702058354
-0.10818706717572035
-0.14216207038516182
0.9778336775025336
0.20995240522007608
-0.14492731500638367
0.13319541289876227
0.9533517028429523
-0.14833135984069803
-0.11180176168954918
-0.9660094504020795
0.6387465903138216
-0.8813843751630922
0.990565205004904
-0.7217287581662083
0.7413809643701537
0.9881995267309521
0.6817267163027741
-0.13645934929901676
-0.9066092208997948
0.4263244110237622
-0.44577322641337086
0.006729130848919859
-0.997600175141696
0.23872302813078372
0.03741215032690026
-0.5791963600656165
-0.2750015347464089
0.2618764728583334
-0.8233315594892703
0.6481023488274427
-0.8510589022066988
-0.9878790671130171
0.07714857759049099
-0.493824417128637
-0.8433827689714104
-0.792631901502636
-0.5131363774253025
-0.12430731697079937
-0.10643898003145286
-0.39072809184345236
-0.9595231072324689
-0.021676001129403856
0.5363026686919274
-0.2571271316428378
-0.04151714196993104
-0.35436727847594984
0.504229608085018
0.07101502102170773
0.6383912487600971
-0.9306383040532824
0.64874372818427
-0.9837982167330095
-0.2873430353263134
-0.7010310181340338
-0.4109621834573074
0.9875833880734983
-0.38628868024710683
-0.036203386162921625
0.16848384203154576
-0.12643922684818598
0.5775787748397427
0.3116558959247029
0.5538893297640621
-0.6192497941827333
-0.9913740614472638
-0.9103871285625851
-0.44098113914015735
-0.2392663627714234
-0.1789504327426294
-0.016334566386417698
0.3198880866231587
-0.5977853146178359
0.20166445203885025
0.5535524422875573
0.45324838290141956
0.30329436144824284
0.6366726070572998
0.060817563349789
-0.34646599232116393
0.11386244041146143
0.6718872872057824
0.6916303169041074
0.33951250526897514
-0.6682298885255309
0.4141111079633806
-0.299686579223599
-0.63686888971209
0.3276381788616105
0.44441074294274485
0.8162344184190928
-0.6994197151591823
-0.8942679195666674
-0.23461135987562298
-0.8490300235964918
-0.10414992534535389
-0.4312571458423332
-0.05300825708597001
-0.6808528954726893
-0.30400595894605703
-0.4722568186324124
0.9242125719669025
-0.6521083265330103
-0.17998524355037027
0.8141244384853349
-0.24293839146547758
0.24037117320938403
-0.14321201795034022
-0.914895276002776
0.7772305416342138
-0.7245629431582215
0.9641352803593297
-0.7147577276622885
0.9161205406845492
0.5218998226226319
-0.6446750780519899
0.33281009167308406
0.0815863745336225
0.2181594149515178
0.4226447338814612
-0.17658259578931879
-0.0059015706779423915
-0.8277698913486966
-0.049160314941733604
0.11461204585524878
0.1087579072730437
0.5704542578937621
-0.8252172860516047
-0.8533364336125012
0.6830920887331762
-0.9487292272202249
0.42771118281836595
-0.8802720490804476
-0.9338438467601803
0.5091935124079856
0.9535719939002336
-0.49133422008738514
0.7400966467694692
-0.06545001249803617
-0.3308380361190595
-0.1909018225392356
-0.283161616765218
0.8632185364290916
0.8692694258341851
0.9952690335154204
-0.21979026160960302
-0.05829058656904662
0.4948551709596858
-0.9827067107271761
0.5515244320706654
-0.6142973651338737
-0.051871229856761625
0.1613096700919541
-0.32548843289575885
0.484486447170059
0.80467832198934
0.9349508774836437
-0.7821057852427005
-0.6669827866172842
0.40608455280386724
0.2762931075940227
-0.5615811821983407
0.5339031539031298
-0.3706073924318205
0.44219451503798757
-0.7221153142654593
-0.05177654856529612
-0.08658270510382726
-0.7872099522394671
-0.8077447809894449
0.630068739728123
1.2610768016103513e-06
0.5471715350463433
-0.03206727282898192
-0.7753163850141365
-0.8609621981129074
-0.02122757809450726
-0.22577911822822805
0.002998352535152682
-0.7031870505146789
0.8964816900647621
0.686950014243269
0.6108028735567859
-0.19818067032567432
0.47074925438603454
0.5479877840127823
-0.637858023056852
0.32317233428615366
0.2496812207890533
-0.7921033168732345
0.9314139312967098
0.23496269301055372
0.8782586484715533
0.020284942735891542
-0.9136804495640662
-0.6772331254029775
-0.2143617705987726
-0.012811054321605564
0.4896394414680165
-0.3247028815098125
-0.33472959326582874
0.35169415318551
-0.7937498858967735
0.8530519198720365
-0.06758606425181779
-0.9932992960558849
-0.4923885453460879
0.8781121953339632
0.9867935478150256
-0.5537672892970014
-0.626933418270762
-0.5361413867067881
0.15498402264544908
-0.7584031995133254
-0.5107584657549493
-0.8484391053977425
0.20182576047264433
-0.9944963708725296
0.06634841791951862
-0.11449232533150067
-0.39191291192208366
0.1868394962778399
-0.5255863557957046
-0.3478629843133758
0.5087818299413684
0.6454919293206316
-0.676383110230006
-0.4474098185320312
0.7692353074959994
0.3833767946684572
-0.6267573907319992
0.834569477043883
-0.46522485774710964
0.45729989917934133
0.20397454200503118
0.3285164076010003
-0.8397870504204934
0.2419532778750737
0.606077220432601
-0.6915868124883617
0.1966653583211614
0.3327930181495491
-0.9889853573572753
-0.796730134365327
-0.6940008615542211
0.8231180055939962
-0.21744469244300446
-0.20063554619587332
-0.09357902813988983
0.5448816854401171
-0.1352511189272749
-0.037958507508383595
0.4522098906740251
0.023284205147124704
-0.8114721007653201
0.8264809899074106
-0.2561445329091514
0.128288239151231
-0.821116913025278
-0.6248227772510484
-0.628527867124022
0.6905281485398822
0.8252944253166201
0.37144498208686916
-0.2145494470025615
-0.36106601575361397
0.07854115806223656
-0.42459949106729733
-0.6895340307459242
-0.07978670310342473
-0.20520716644576806
-0.7496127103195972
-0.2412538846454013
-0.6902205678486276
0.7692889455000105
-0.8406677516945891
0.6718058093268191
0.10064972497390905
0.5346339722886355
-0.2534981986578798
0.27971698875018397
0.65746546767778
0.2692007938175476
0.5621474060629659
-0.6778902356835179
-0.43075778219325667
-0.3075526823546897
0.7054029805732138
0.8544525341134865
0.4795801562125881
0.19761534930437463
-0.29271196399409416
-0.3758778774243153
0.7715087241499362
0.027876010261020788
0.7719690295700486
-0.27154687199184935
0.04060358947287584
0.3539809139828657
-0.048946274407824106
0.28266474115635776
0.6258360443786141
0.5589626819731071
0.471259691085943
0.9448090216460329
-0.2683815290792896
0.7738597704855357
0.9204149443644113
-0.3323216169026085
0.44020096501084094
-0.7142285640070283
-0.25218821080828
0.160250385630202
-0.4694851044815902
0.542596026122002
-0.6452625377409134
-0.7867843741657432
0.20651336846912427
0.6855010009594786
-0.7673159966767423
-0.24338561081911017
-0.08042730109816963
0.3270348556390951
0.9321004581910002
-0.8367195541681114
-0.8557705670032266
0.08534753419836617
-0.7865633385994765
-0.5100315947935827
0.4003630079337083
0.4655809524382465
0.7370302625292917
-0.15061844960973308
-0.1700912601599281
0.10072153883678236
-0.2125911452771293
0.8753842856716629
-0.5572388963240944
0.7671384047867569
-0.9632338159633187
0.8346514848228046
-0.9432401272723541
0.9085735677943307
-0.6453898703759786
-0.8447119618552179
0.08942993777239461
-0.0835243869100928
-0.0167422322987694
0.009186275974840353
-0.04819088454488379
0.9491681494035664
-0.7325254678176077
-0.19222361036745
0.7547295561229361
0.8629768031497862
-0.02640863634121397
0.16203766612413026
0.5662439107973776
-0.47269990409451385
-0.5745763113720216
-0.17978593244078675
-0.5454877430230463
0.9990205891788501
-0.0761005994498667
0.4845566466103124
0.07455471826846947
-0.1619179329028372
0.021509030848580357
-0.7926687255408937
0.37447857504490645
0.8617224740285641
-0.13513330726837003
0.24444747134500444
0.5794088121153994
0.7931791147580665
0.10429606701240171
0.7078443733384474
-0.3394588893142796
0.13107631803843334
0.810999258139665
-0.45594858748399736
0.4908809263351436
-0.8613610066649856
-0.49528276813128314
0.7108726186282888
0.6364771386860477
0.17097312330609457
-0.5936920172848119
-0.04949900663670831
0.7229946422588391
0.20238459075784823
-0.5929570106019165
0.11414044183987243
-0.609944592414727
0.8626152286239064
-0.6500546657666875
0.5216931715081807
-0.7609132281137998
0.821656649642325
-0.6226885986645656
-0.26504089465619884
-0.9731474652908901
0.30549302306527837
0.8803898719805432
0.9729703279226454
0.4644791986801366
-0.5423175764969759
-0.6598805419769106
0.015640650550123713
-0.32259315791890447
-0.8012323098091223
0.6075717110539699
-0.6733748647179815
-0.48598948470135794
0.0895362865664272
0.7548934880200058
-0.041461450487764444
-0.9092046244546134
0.708861797996337
-0.3691030557114756
-0.4100011573601181
0.016577057548286422
-0.39510235991069775
0.0822227833153466
0.3459321565719853
-0.24289179570203046
0.5314237915028264
0.6228386299648592
0.22345239703087022
0.12564576673581787
0.6094218492768937
-0.45506231398839164
-0.9143997032929275
-0.3420355854268248
0.6250109990578101
0.07835829035199135
-0.37296319463420874
0.6259961321868824
0.9046535125550499
0.30220941629217307
0.6850125137918747
0.21964967765476587
0.1584055244448176
0.6038055796261587
0.7231137012885257
-0.7955922730324653
-0.1210143465179451
0.14633379015927106
-0.2402946736001987
0.04303695510888672
0.2841570694815938
-0.21130993908785967
0.918589381074846
-0.046141701282436554
0.34967305105285984
0.8564483617572864
0.07458884244673425
0.5285112131554648
0.6872173037503561
0.7774553785229062
-0.4080367994824808
-0.6119787760268282
0.28801989887185403
0.6627418259965089
0.7437771734328871
0.8006027280908194
-0.2933375086248912
0.44892630954759494
-0.4419273586108336
-0.7331643232621933
0.07591195238600328
-0.3417048057960752
-0.5125813130826237
-0.08919105057748081
-0.8826688099644073
-0.11347319204301033
0.24024318617806378
0.8795737207509011
-0.23193711882894208
0.10361456141672676
0.9672540788070241
-0.11282961122440804
0.11612178001558693
0.21434792792907964
0.5925773437879182
0.9639949531337001
0.15306138059563024
0.6150331251151309
0.6703592264924941
-0.8319727305028827
0.8351018961150449
-0.04800646351640416
-0.09888662201524738
0.3466809752906019
0.8121731494945145
0.2924866088381461
-0.8066754527940618
-0.7799728727287627
0.6867879372623851
-0.9339915200905483
0.5183893265294726
0.03606552912914117
-0.24578252704981593
0.8261749870002958
-0.7733740493635939
0.7146837979937573
-0.43114437885108314
0.39774021060157994
0.957539001654766
0.13215128239275953
-0.18922152415396165
0.7899704168069777
-0.6967366959320077
0.6571577148312203
-0.45402159525532804
-0.5768867680194275
0.18512183304394034
-0.7039595772811813
0.9355701137293547
0.8875192845593286
0.9073281051347623
-0.02024853822270976
-0.951006534661624
-0.4332301640913127
0.560749171664403
-0.5960541239741612
0.590251853369666
0.3246131469884256
0.8538641179530541
0.6542702195784382
0.36253542144474404
-0.41254718057206147
0.382859630889175
-0.1179445690415224
0.18068428063496422
-0.9288394551786161
0.021404214293438972
0.8671112980467084
0.3744212226159138
0.8778880723163685
0.3005781023143178
0.8869806005027967
-0.12737809505484696
0.2949660902032561
0.8575548008273042
0.36245589551732305
0.8586904490121764
0.5693811695985204
0.14968125692532608
0.9156307420260941
-0.9474749452341955
-0.7996902425332604
0.6357636946409024
-0.4900307830254968
-0.2625357231368517
-0.6459957928976363
0.24828234129256943
0.2559617227138171
-0.9710738357566292
-0.1761474112810537
0.25420957160642504
-0.7343969486709332
-0.1848682358463971
0.3929386246784443
0.9491459122131245
-0.7774961684286967
0.9528437115943102
-0.6537196533482286
0.9378984880571553
0.8200408207902016
0.9849965006854502
0.9307997555569063
-0.8190697371975189
-0.25558629660223414
-0.11976912930424208
-0.5796681397045634
0.26876326402558676
-0.008040446820179839
0.35538122611117345
0.8145275780205002
-0.10401182774141872
-0.13266454411391396
0.5825054414914326
-0.7514279084267035
-0.983740731677036
-0.43178482556510794
0.8943570695058018
0.8186236735737239
-0.10423528191449552
0.13612403129931905
-0.05488118359957417
-0.14436740889886068
-0.3133663631377388
-0.49764357605182674
0.4982136438094744
0.37970412355335004
0.057845906399004825
-0.7753977959369659
-0.8035855780673345
0.6975482380714557
0.4260713230018343
0.28119583527648906
-0.833536144397828
-0.8647388143147146
-0.1921503288085779
0.5092054479589682
-0.6367492773050836
0.787866435372377
-0.8001177349359982
-0.7711720342422335
-0.31474760782327915
0.23168340410654148
-0.41187780874011976
-0.7920013080563378
0.3064463901713926
0.9918717246030386
0.9294810487911327
-0.5922476838513812
0.8931889436460378
0.9798126639157627
0.1667197404174785
-0.43948996919853744
-0.11569017681351434
0.2654221209053537
0.6495484039582554
0.7710569923180727
0.35285965699933475
0.834174782734244
-0.7330710575655438
-0.2889198376077792
0.6104873427017704
-0.15243446824565088
0.2896884038129856
-0.6657063231380019
-0.768349435204022
-0.639590397067136
0.05358590189582867
0.09808660677808141
0.15139682467027074
-0.9460662869019651
-0.6614559273313797
0.04376338843376804
0.8552197947078689
-0.33052940111289186
0.2462288011445077
0.19916716094597212
0.08205188818803877
0.07652704445268887
0.3507686111634922
0.6897077152386346
-0.695281594696973
-0.6036228643705783
0.6824802161726667
0.4074054819106805
0.49121584795314943
0.4813705866944197
-0.4433728521298249
0.20461341274484732
-0.9941030202996374
-0.3979088064135766
0.8509195658329618
0.38016201860395027
-0.24879745747012397
-0.6367941707581275
0.3708560660020034
-0.7772276970083962
0.2903684538875654
0.6743512796192099
-0.8490625378094949
0.36620783626562137
0.04222037626605076
-0.17564861516123317
-0.5426091705213216
0.20742149572226265
0.9658252670692158
0.9736684508092188
0.6043795758745429
0.5745022516346912
-0.36190382994268
-0.05335539736345263
0.8235973891717148
0.3402984942511737
0.722426365556358
-0.6742916998876144
0.06178470051749528
0.2579061522758187
0.5389156290293471
0.09197634775351568
-0.8826854953276182
-0.48775553374971925
-0.47894824881052156
-0.04635216045471463
-0.9759064007641601
-0.5193020226136946
0.2523417967992456
0.09340696187025811
0.5024816792940624
-0.9573002316071954
-0.6512180082943381
-0.693366454168963
-0.8675701172092732
0.750953060777771
0.2680948148487783
-0.7865957914321078
-0.4342535817019417
0.9958736207171144
0.17439183078722764
-0.22645309883093873
0.39230988584202287
-0.7383047106961431
-0.28885759994675336
-0.7401137121158117
-0.5865390497834486
-0.951863875222326
-0.6813019294126434
-0.5832282984438921
0.6217750875961168
-0.4382220826083194
0.29782921713928745
-0.7294647149488082
0.8615260172432619
0.5787069976428655
0.6525826668398673
-0.754654174615446
-0.2627673452808464
0.40366165644136137
-0.45068690886514934
0.29079550402011206
0.06915921543477088
0.24055750389565955
0.3326990814302857
0.8629736089927265
-0.5510083044935048
-0.6821733786370399
-0.49743022938901005
0.028092224169759324
0.33807511505694704
0.8036031519401561
0.9946403892552361
0.22357853010666848
-0.7424002984485044
-0.7569480834221766
-0.14571328472460504
-0.8920470210839333
-0.5115362532541736
-0.4807331296751228
-0.13353466291284188
-0.21819613337409718
-0.3942505306801609
0.909599086735002
-0.6292409430561726
-0.31863609714634605
-0.14460274173410584
-0.3416642527487193
-0.3976492581632912
-0.9761305993729159
-0.6284298132528238
0.32072898717049264
0.36977025794231655
0.6295090075326648
-0.7832935170961806
0.27764753851078994
-0.018324677485772156
-0.9417500654985801
-0.7662384626971102
-0.35183603102324984
-0.38876370294641366
0.0731370944256775
-0.8153794526399983
0.18356935880987066
-0.37479838660890963
-0.16436081968359878
-0.5466318349340984
-0.43443568453809983
0.7075899663989415
-0.363529385727782
-0.4678501186746144
0.5493792373484448
0.6709500726033613
-0.3728337968439794
0.84076433497919
-0.8579398947625413
-0.8592971277903461
-0.15836529281177705
0.5991248656564709
-0.1455741107494546
0.07508639036800346
-0.8170573154764513
0.9319382198060979
-0.9372630106294246
0.6698610380862902
0.9866174082594196
-0.03845159105109977
-0.4588486711142087
0.8772915614511232
-0.7808962139363493
-0.5600810732346467
0.768103376852628
0.7337544128296606
0.09147923555338347
0.9347962090307805
0.977939649396021
0.32088845684487277
-0.7452576692432349
-0.985000885741006
0.6707951104582802
0.9467576789342573
0.29824362157776846
-0.07899029807240511
-0.9352570652771511
-0.3404490516437947
0.0807764857617089
0.3589877522474827
0.21089546195263242
0.6508862929289612
0.40694083532958203
0.7166877783697012
-0.8425281489088403
-0.039259240787193894
0.33818209407390465
-0.5283136062211002
-0.9800264170945432
-0.46415817706467355
-0.7552011905990733
-0.017127822270252183
-0.8795347356465699
0.50714691245875
-0.6014754833686553
-0.16631924461206965
-0.05769498769128757
0.6947793810940764
-0.6057777155602315
0.5196170291650162
-0.7847333756423082
0.5302717467680844
0.03965669889673483
-0.1882854739358532
0.2789097595489033
-0.9181622081684924
0.2751568155735191
0.16340228566929627
-0.8032379141687278
0.7594629059268558
0.4620043935326539
0.734481005492903
0.5796405707139851
-0.31488398020764374
-0.03105135640319845
-0.9641776977506544
0.6989637204629231
0.24655241472319414
0.3073626541630107
-0.3874810028328159
-0.2077665173959524
-0.3017621601738447
-0.8247233089675221
-0.015149753547493344
-0.847277438291418
0.13101315305692054
-0.9324951069783236
-0.4557540392157162
-0.3011713160538139
-0.25764747088154033
0.6605998852749005
-0.2985898140532979
0.6802864957172137
0.18613653962593824
0.5607052567841297
0.24117609067334533
-0.9316073663190458
-0.745977355272299
-0.972603632958768
0.5287798240956265
-0.447215168640273
-0.44236863192166886
0.040102121362985965
-0.7506920349065151
-0.1894161934651455
0.45965274326980743
0.3587627818754361
0.8901512382012137
-0.41125180248954607
0.9345272113417705
-0.23497924654553315
0.5291325705845162
-0.5032269925789817
-0.14548480531887367
-0.660715841847768
0.6223772340040175
0.6086758623769086
-0.36378252171845227
0.6109942333621833
0.49643201639788126
0.040219719283968836
-0.0437812621446827
-0.20336456852407903
-0.600864957610423
-0.022287735232255024
0.31578503592757245
-0.722152868346452
-0.9021521258453804
-0.9447308253252977
-0.944589649029697
0.5322086344116341
0.44338013455574643
0.5535160639942889
0.3627698268166597
-0.20283663835034327
-0.34009039088445087
-0.582671698023473
-0.7642080341583137
0.5157775289454228
-0.9605332243571989
0.6045819631726636
0.368891697631376
0.9791232699536192
-0.9571093117451531
0.4007955958730863
0.7969658231542439
-0.2512664001850252
0.6321906350587896
0.847715172172088
-0.942938290031681
-0.08790164563244685
-0.7535927310180066
0.7605865564380645
0.3550865478847425
-0.5877803667201345
-0.5417853398337635
-0.8474504226696453
0.8042446325991437
-0.19866213690382906
0.8045854007035882
0.41146499280362203
-0.26983436887945245
-0.8833068562540469
-0.2917581532104203
0.3420641883256791
0.8670370727958187
-0.949165073852884
0.02955594269567739
0.11079744915026946
0.9156938177219727
0.853467700228699
0.17590386357680488
-0.16512858496801952
0.8841787885247427
-0.5128955174722312
0.8924467854915188
0.07445801188066725
-0.5090228857192267
0.7974330403307637
0.8449209907879751
-0.8233679591461305
-0.10655230961553408
-0.8992808404840873
3.381069885405996e-06
-0.2049517568690391
0.27672288675142664
-0.28122864667216074
0.15185646470528447
0.16213077811793086
-0.5737988315712441
-0.5016928388672088
-0.10702655777065928
-0.062265580923795305
-0.36413539131134454
0.12352274384791406
0.878085638652196
0.8521086656126551
0.6569561402351176
0.8445148610357012
0.3403705082369983
0.3733355446134803
0.8733945689060743
0.9447374753733386
0.703454499412087
-0.2621308106432032
-0.7020289451192137
-0.8394802526126479
0.9585035087547056
-0.15362770643206458
-0.4605320885611013
-0.06015723822976571
0.13808694481253436
0.4517724813125903
0.25248789653088344
-0.1829984185323139
0.04968918374571496
-0.49411577643095006
0.7292840837660057
-0.3412241039827182
0.5419860244628432
-0.08771413925674576
0.8788271071331082
-0.829198840384046
-0.7162491039099936
-0.20840590337896425
0.15719676319610776
0.2665557636901077
0.6379915593989578
-0.960780193795314
-0.8535292034340762
0.21020235727759884
0.9338172983053192
0.5622659584381655
0.158820749418342
-0.5749685067004098
0.9052925613690577
0.3170172678920491
-0.42002902018526433
-0.48569434470898787
0.9985028738529433
-0.07402451792103637
0.8820463452814074
-0.2791200557574647
0.62259787409979
-0.6769219172927046
-0.16747358563766834
0.2204780715796706
-0.1032100762328465
-0.5558531718283912
0.9343722660170477
0.22705883962770868
0.854814249368014
0.43690281698760625
0.32823101440823627
0.7069446483555546
0.36185763848617425
0.4549175276546539
-0.9240649614383067
0.8469580237039551
-0.04193677078404523
0.39014974328294016
0.9590027267318625
0.3889580211413001
0.7257292906914191
0.1354418134041861
0.05992528873606329
0.11566943729969936
0.23071852784305125
0.7736483605839537
-0.6134174194201507
0.571695622142818
0.4024455220317855
0.2602070781432346
0.036559972876662794
-0.2988069734802563
-0.08378312892701145
-0.4176567924391432
0.851761644660049
0.32413369963674227
0.5823575867949954
-0.7918062985935492
-0.3387463720346771
0.17669123278124152
0.8932726448515426
-0.28028902584175336
-0.9373123659682819
0.637773406854206
-0.6665783145715725
0.9354198426263871
-0.23237522966469631
-0.8179013918503263
0.4663402488052786
-0.3353389135641157
0.08372280531537024
0.24136639074551014
-0.08665029966637094
-0.859835945496024
-0.11994353797911583
-0.7314551418022577
-0.5302735825510554
0.1264321953640135
-0.24203729385355088
-0.44879206087066614
-0.7460431009501038
0.20249970822124364
0.7805027469891912
-0.4637643842294154
0.6358064066557233
0.5778912125879357
-0.023699289596725237
0.9986002117526804
-0.02697392459925294
-0.1833474988413866
0.9135643124781399
0.42439706413298683
0.28861824557131255
0.8913395129674464
-0.854548055311159
-0.0732335188484126
-0.7218784740728132
-0.6419860791302596
0.29956896057638027
-0.03735130915743312
-0.6493825864129166
0.054187867447822446
-0.8550571751790326
-0.8381554039293697
0.4508328859608164
0.8255145984670091
-0.35948177834785566
-0.5205175519875129
0.1262917369568831
-0.8234245276850861
-0.7960271299940032
-0.9275954020159781
0.7117418057595535
0.5343180767569866
0.7610815016900059
-0.1494132802545392
-0.19971727371499948
0.6353831080927527
0.3700766154522541
0.13473879820078674
0.35463995269536863
0.14977111680609062
-0.5201944805629812
0.1816829810254622
-0.7091071514819425
0.29415166125500086
-0.06852196763734793
0.6717465124929072
0.47308415277287685
0.44079460340408083
0.7902927201439871
-0.6680183981473591
0.4237934299076045
-0.5621210510365982
0.6993409045603847
0.8698018325448658
0.8061216036264338
0.6114918412167752
0.658451810722365
0.1879894530606768
0.8585746909887942
0.7592161636751558
0.8858826005605056
-0.9897180697335329
-0.20314788200169562
0.31222340464359205
0.6440573094808366
0.3270392260058296
0.11927147622753864
-0.9959611024488062
-0.5912776814725739
0.8473835177351977
-0.8058582310213208
0.7486074285362166
0.33766299551791706
0.6692070544966638
0.6830047764120781
0.9845835582088651
-0.45117257143126555
-0.41323172527959184
-0.7697659821262814
0.05433113411003765
-0.8970117963116419
0.6335031275994545
0.0005844643367154995
0.34027126308340466
-0.7612921171621879
0.2356799318752623
-0.1499626482246907
-0.9213899259862248
-0.39731060648676936
-0.3571565234504137
-0.7146941224672115
-0.4757362711696076
0.13965418377642874
0.583277433109066
0.5636567334754232
0.8828494554235327
0.8660174951487658
0.09178706642531624
-0.557228765044468
-0.5959715042583911
-0.7402003327854367
0.6486311378568609
0.8654498850809458
0.8917927031273052
0.6993770840552094
0.10896836139405508
0.9372783375924605
0.8452067391579172
-0.2503290277846116
-0.6693297596749062
-0.7188705038206822
0.03842676930650532
0.6675808854988213
0.3162251437838355
0.21134134123291196
-0.35670770465570617
-0.12737793223195604
0.03341059106243601
-0.8663870101053006
-0.4280656702670222
0.72646083775405
0.6216477837402454
0.7377091028448232
0.5161440527974508
0.7090011094761467
-0.6436879538788823
-0.3164869905470796
-0.07538444696138451
0.9211196348687123
0.4213670093679125
-0.6604805034207948
-0.36214060473331555
0.5168482791992968
0.35377905279557553
-0.8232865809447183
0.07568336318414248
-0.4292930742905403
-0.7764921863185936
0.5031517961286867
0.3623606808113535
0.4058125692334732
-0.6125806467307731
0.8452667874085967
0.7915485682574073
0.47456476959912314
-0.806782288412673
-0.7326805539534866
0.31841996604639355
0.9632752726505758
0.2869875232498546
0.9939078880751844
-0.5082402463232385
-0.014554165977699922
-0.28561508720671375
-0.5436687842755958
-0.19825298372899447
-0.18098706261264796
-0.8502580089733525
0.5060064614888036
-0.5264053275417087
-0.8395354222753877
-0.9272446496556723
-0.4925032653883892
-0.9962936316591848
-0.9968442829932973
0.7220217059697481
0.7438983182096096
0.81955383223221
0.6932322611111776
-0.17289874228835136
0.16969748786682695
-0.0880423131571247
-0.0219126279567234
0.4263911244347338
0.5451640730222356
-0.9019496361986861
-0.49259431836038753
0.3190853749459605
-0.7764674394071357
-0.6940951116819609
0.4478909773903102
0.895742988280342
0.8714792148315266
-0.6257558570298621
0.32308602852060964
0.9343407293364334
-0.06081138942459163
0.19699635101091406
-0.9133549730584154
-0.3054273488524102
-0.992898154422762
-0.2034216090876654
-0.8197651188248921
0.5975529433078327
0.6787099090404255
-0.47526244716244204
-0.19672694031120855
-0.7439608987130872
0.26405891881679444
0.24345699943285715
-0.5610023666808414
-0.4122268076739148
0.6702151455367277
0.46508264668879784
-0.08079367990655315
-0.9831049467310925
-0.5785101051461264
-0.23079757670559603
-0.5977192391433496
0.4034623484184675
0.9734683555958692
-0.7411654262520806
0.3194444869361406
0.5807491698937841
-0.01755659817400068
0.22393214575635634
-0.002745067478647112
-0.7730954307237226
0.1052259503705184
-0.37832735906594045
-0.22155201032694868
0.6327433691231735
-0.6406440507802424
-0.19982048830173796
-0.16276603332191464
0.2678507120320362
0.8725482753999827
0.4546942788816443
-0.0794312945518197
0.8390718092263583
0.6943677967628231
0.6939957845592648
-0.655537639961264
-0.9430790982833565
-0.48525489363499025
-0.5232237800984093
-0.18383994147458912
-0.8402240849492956
-0.3245736201462503
0.3522045584553327
-0.4421576971562149
0.12842012262932068
-0.7089738863076596
-0.3537972591268945
-0.5005750444074157
0.07889900128695615
-0.7532721703349481
0.7051161069563222
0.16842020864879492
0.14467987598884385
0.45372680609951965
-0.9818876028718889
-0.7313798357417385
-0.7967888246287622
0.2634350248724881
0.6998287824279945
-0.44130682857616216
-0.9277377652876939
0.047928016850968085
-0.8121513177822136
0.24226904195347773
-0.122968031040191
-0.8489671657780368
0.7241624595437208
-0.2394859759515779
0.002754085021490663
0.6212490133960509
0.3517197165127014
-0.8311224750793964
0.9127789192028137
-0.17788753905655574
-0.7352262550560171
-0.6335000553379051
0.48212072765821423
0.558578229110815
0.3955828243360175
0.9129955884698834
-0.24489932862808628
0.9492402225054427
-0.9671619132452425
-0.2227210794490673
-0.6232307544590541
0.7722667053971829
-0.42799857525400015
0.3266675871386221
-0.5664636216481818
0.7945287385866787
-0.5864966091429208
0.009610108706407458
-0.8021998017049555
0.9979538698488566
-0.5121413365022452
0.8100154927034653
-0.6946813402921699
-0.9994758591678244
-0.21040475867714553
-0.8805324273758959
0.3716964422550142
0.5594910174843748
-0.3018940014920408
0.7040832787406286
-0.43929535346067916
0.9018331168597249
-0.3347765284914805
0.7383811164260803
-0.8866433316769269
0.8063038611532481
-0.6778144145462409
0.9125818418378273
0.5412117997421593
0.593462069270176
-0.06085035938853714
0.3340768106740073
0.024083784591681333
0.6473660066386222
-0.49086086115880645
-0.5234296873709884
-0.8100556419008672
0.8868373433746222
-0.8685858632265709
0.19639254050397661
-0.5472584530914654
-0.3032513414871215
0.28071200485441616
0.5244524612212121
-0.7314636219793385
0.5070453188950412
0.6341337845487103
-0.17214753208464684
0.4911088366643581
0.8561062554773027
0.6654382525187957
-0.940099288043626
0.6854065360047821
-0.8354692585093215
-0.896694811536484
0.961048515060077
-0.04358103628903453
-0.6052929814106198
-0.37257233362652875
-0.12413473435089124
0.4166934260260657
-0.3914342946853487
-0.7019587171668076
0.015826592691567117
-0.7674779196745694
-0.9886363896797721
0.5798738698682883
0.6471000892632238
-0.15404281818806237
-0.7046190400750175
0.36182194226107345
-0.47069896383370435
0.41841556019195725
-0.693991701312832
0.740162275173019
0.482259867594685
0.805863674401778
-0.5067002747162417
0.8260376907416415
0.025448651671654096
0.1447884025952667
-0.4232655871274039
0.7055269326894688
0.5488706632566306
0.6099609523347398
-0.21956353121219402
-0.30546253976300286
0.30751342271492915
-0.8045204169332126
0.2071217335437144
0.7564647388401657
-0.30355820753781015
-0.7017634003697398
-0.41342451194697866
-0.1669091726435022
-0.7389257571025634
0.9036655410754479
0.8409374530212876
-0.20679049669728572
-0.8498313295533666
-0.38332672125751
0.10422739621756771
-0.02787859088969369
-0.3572237482833034
-0.13239579679475488
0.5673334164475975
-0.44597001789814994
-0.48723224004412025
-0.5797210981833563
0.9927664132226139
-0.8422360000426404
-0.4112576853554574
-0.7175739324661261
0.3804573800300226
-0.229335828888589
0.33178531646495696
0.5896619458798287
0.77622743748869
-0.3949786101916326
-0.008408090333982408
-0.48124670769596023
-0.3139447248622395
-0.9448289073842957
0.37442228951545287
0.6289608420153403
0.029932308323665665
-0.19374632624079793
0.7950964336397863
-0.21809241311295513
0.7384870736759324
0.5332576340433703
0.6113476762462575
-0.7498855106584927
0.9192520950881305
-0.2203426543993132
-0.6698293878319965
0.6970136453391498
0.032062422993042815
-0.725485940619638
-0.7398364225332386
-0.580976299352541
-0.42390275184833015
-0.06174943433378166
-0.2831735628283989
-0.7102739644826157
-0.607901595949291
0.300330563634364
0.7777870900433111
-0.8065199590688743
0.3961400315651409
0.030704305973957673
0.7177993724693409
0.013009084889231548
-0.08467533919656259
0.5851819237538254
-0.7008059826156123
0.6091891864971128
0.5416198923346935
0.4796182542298426
0.15981915265512225
0.8299110477533034
-0.2872542736060363
-0.31318802673900165
0.4440316135132496
0.31283754633575817
-0.7290940067696638
-0.9020298816634997
0.7735104697285734
-0.6493654798862518
0.24957343762556014
0.7240368481906835
-0.9652189340308622
0.3096975798815698
-0.5690853015813725
0.29125912543124627
-0.8001637522893744
-0.18444466385364114
0.1318340699704018
0.3138898256808228
-0.9429746766714454
-0.39784758479695037
-0.7884374748804207
-0.3991481816742116
-0.6196402595076572
0.02532121006407584
-0.5140535379144187
-0.2441478083605868
-0.08025071976044651
0.10469410833973614
0.7072209109523203
0.7776340983484579
0.5575494677810311
0.7980598031475387
0.6414221916407998
0.3662664808138572
0.537164287542253
0.7300380367010363
0.6238192385771311
0.15095358218064997
-0.5314005193190443
0.480886357934475
-0.09510240702521296
-0.12423145069444858
-0.14228242748895858
0.568429373522419
0.4604188307853431
-0.33690354046666665
-0.761467935420003
0.3082890884885286
0.3045983073722366
-0.803991836311902
-0.45289890304956354
-0.247005362303522
-0.38130265386718554
-0.9805911791909678
0.5818604206474103
0.24829116668032292
-0.9828237302508283
-0.9825721473783533
-0.4824689111502835
0.8618899474107774
0.31251432290303416
-0.5903182186646008
-0.521395049361063
-0.044635112485971226
-0.28978675981736773
0.9959815462905708
0.7361836639800712
-0.6376411568948674
0.47788150983736577
-0.5154153498242939
0.7757281954599308
-0.36361100360903337
-0.8396555652649904
-0.4988420346174419
0.3633581699297333
0.8018326562034888
-0.355128863246776
-0.8341126538188652
-0.24675626486297575
0.08617006997748722
0.11151094665948125
0.6370524875750694
-0.8820896472031106
-0.7274593609399167
-0.061447572453355415
-0.18094503329539746
-0.0978130982093437
-0.30281499422524893
-0.1576126053242558
0.5880229928725234
0.43680310085761015
-0.754087787464164
-0.8744933688017704
-0.5171065787139311
-0.8218891904420785
-0.1605458020978342
0.26630433556907857
-0.04935093113475536
-0.9907339205783342
-0.21582747382069278
0.4859330078102896
-0.3710904849169155
-0.5545356726947177
0.8594735471273852
-0.5549402357722144
-0.17506632992802973
-0.40649630307724793
-0.553761877836568
0.02540869427823278
0.1779792881743838
-0.4240596344431835
0.5514583239812914
-0.4078852584967352
-0.9556033627746696
0.3938756887022019
-0.850934394242306
-0.37007752891450335
-0.20217189623154153
-0.7767786340832057
-0.3746384077409035
-0.4222926049881276
0.7745770283503404
-0.5427803704892789
0.6191162580968306
-0.32017344417716137
0.29703606988518744
0.5619751381280803
-0.0583699630846165
0.6930469921553286
-0.369716079394786
-0.43191315553396703
-0.8225636426474274
0.19964454327777803
0.10538152328864858
0.19977726543926022
0.03186376589313822
-0.895378314654681
-0.3269296719191892
0.7170811342813439
-0.42391292805511305
-0.10897942863740728
0.4829647800552812
0.7778098148497199
0.9321846083594525
0.0018024377660689505
0.6733238380031197
-0.25317307633436487
-0.7428276881265145
0.8287824195695589
0.809582569460348
-0.035052536322235386
-0.954670144100273
-0.4297666657156685
0.2150818175901331
-0.6394782206935021
0.849249609176931
-0.41792603893128666
-0.3768897544247449
0.18339076466513204
0.25046515213495835
0.44399328138093863
0.1320971344834143
0.47844163171123455
-0.4626736597390193
-0.594213478208657
0.0451738726641584
-0.6617545655267156
0.761612633236965
-0.8025118912234168
-0.15056728901081273
0.84474296257788
0.5458400044721623
-0.05088472607656769
-0.6219282257746335
0.6462298293132707
-0.21367562869561635
0.9853198410341615
-0.8106186736981205
-0.7299406541364768
0.6094905222860143
-0.9804902918716019
0.674905102632366
-0.4109540384816616
-0.17022727731126827
-0.9316562038977492
-0.6796484190449503
0.4219924795681486
-0.19871289536239578
-0.7241142195976324
-0.0652243793527747
0.9694485471503242
-0.8783501420036308
0.7118445988866651
0.23295127378219904
0.9006385294693089
-0.3974878129322832
-0.011377484676720506
-0.32792493086920116
-0.9504662060874784
0.07530244662630947
-0.28658855810105743
-0.03914016556036781
-0.9239091449395881
-0.39980763065046254
-0.8563266477122145
-0.756996996677438
0.25031798893509594
-0.6846986719476074
-0.0762190861297698
0.7428906209799804
-0.2913089396334778
0.26518125733997056
0.7695154545021567
0.5284045025882318
0.13732249514603323
0.7770797771806628
0.19582327468804084
0.10964857113162907
-0.8492412987169193
-0.7152937274744862
-0.7084946572199009
4.630741471402281e-06
-0.9671049818827921
0.696088386246366
0.9310277254932988
-0.5276265216357343
0.6199966728175479
0.7175331757602614
-0.8490486183555646
0.8419848083259829
-0.6440646861962571
0.1971991738681338
-0.3223993705762531
0.8896139613572425
-0.9048074556512684
0.9029136554617785
-0.49311905124737865
0.1279298383587293
-0.3897843316994045
0.5141953011023257
-0.9241354204541607
0.8047694359265762
0.31762025208055134
0.3770236734215944
-0.2114975306529716
0.45475185899301596
-0.7581021692919068
-0.7555880459720727
-0.4460945868687749
0.0666879587332303
0.6984869307197563
-0.22847456382238773
0.31598633381043406
0.04759754899856117
0.29313839583892776
0.7880355818569629
0.21801108172954908
0.07355104796314071
-0.8124143057022692
0.868388131978548
-0.5215727926830356
0.5343092386516024
0.6028033355493181
0.5079104954737792
-0.8824671359644334
-0.5632684847284637
-0.9623994294623126
-0.34336564592115915
0.08681879266252324
0.5577658565765489
-0.18900867753738293
0.7028215885826645
0.20773190390853546
0.2818936280229347
0.2607292027242982
-0.9748225389572955
0.8243680810271328
0.4140478646414416
-0.19851596332535437
-0.37989819306589134
-0.10871484672075993
-0.6545809432776784
-0.8204449433277017
-0.1568946219592875
-0.7894345497010635
0.01962976472342204
0.9941680232867158
-0.5347933879615951
-0.7088346689116474
-0.8293542132549026
0.8809244191713604
-0.5683703599679084
0.7270325540074156
0.01521248614791351
-0.9266564560077547
-0.031725556334552873
-0.3261257118761067
0.5549422745976513
-0.8314797405042631
0.6880925945742157
0.3590797003467521
0.913230030942768
-0.3399215496251451
0.9965938182709091
0.6713600131878135
-0.5027666987647257
0.36288284600477727
-0.9093817401402466
-0.031070678163728438
-0.17140124554723357
-0.05847458029958785
0.8862525341253891
0.32511981547339097
0.9252624452749102
-0.5775404202830036
-0.7779014625274228
0.17643854408904008
-0.4490463954170883
0.23250117520231045
-0.9551569414346194
0.9037274793067703
-0.7818472752722483
-0.9849128131940138
-0.05677334283128256
-0.6255806986478388
0.9319098198495659
-0.5298911681381078
-0.032947825397583876
0.634600431628453
-0.5341747218047745
0.7300513224583999
-0.08271463074655871
0.6037280695768168
-0.45239194292170093
0.5357234783497571
0.5848161926320952
-0.2751850840007988
0.2060748546469493
-0.571551616771754
-0.6733725666780643
0.08027284060789452
0.016155942867920083
0.5982451971845042
-0.24033438930096468
0.25162741970662666
0.4374239598842545
-0.7801298503809728
0.4548160735305891
0.18901117203864096
0.8831692053309391
0.7363673508533359
0.5615273785476381
-0.02798213334662118
-0.4508553548482753
0.2588478720145128
0.046099112640731195
0.10149666373971687
0.285480422598694
-0.1855858776486759
0.10224370278408779
0.044535526902914846
-0.9109595509687995
-0.44945432478709857
0.3661867911862213
-0.8481864417780867
-0.0854223494538966
0.1187571783158281
0.7033029141937934
-0.744408145726566
0.5701084557671692
0.7373315193594707
-0.9167990841638315
-0.49913086600549855
-0.5722733078567654
0.3259301075188079
0.19132861006834115
-0.2627333687548826
-0.37941204117816946
-0.21008867575436244
0.943808732279725
0.3542556085052453
0.1910449520537815
-0.7724922507190711
0.8013119744773518
0.5298613805444896
0.8307720912637083
-0.5088450071678184
0.28225415723862074
0.553415242533688
-0.3943660776222966
0.4630688907801115
-0.14938645544071272
0.11032663373214402
0.32954549479937434
-0.009984669622472575
-0.37116703284941854
0.8493570710696655
0.391939595119304
-0.5721442314025226
-0.2731624434294743
-0.5867562184269804
-0.4993598639874755
0.12851954062867987
-0.4768757525478917
-0.00029200928359773425
-0.7933971864716746
-0.25665921936762986
0.020461474673976063
-0.8479436406115651
-0.7989849539174039
0.8679745541766606
0.06678490316790646
-0.011969280524947393
-0.9721294262222346
-0.3882174703928833
0.012579713026356779
0.25935750073373687
-0.2899933207968117
0.15915007433267858
0.8862249437424354
0.4839591453931775
-0.12649242817913398
0.10830807861639458
-0.9394371963551219
-0.896810918520328
0.5492985051090177
-0.06721648023267832
-0.894124493326414
-0.18374382860358965
0.012595955489397206
0.7954925942576231
-0.6018670784285756
0.7983211630709987
-0.23164821630047916
0.14479430745391936
-0.37576928230745466
-0.5593867454002651
0.08329620454945522
0.39003010704343366
0.8666679516134975
-0.9893621002128985
0.1847495436266415
0.31121834239593194
-0.7619861884823322
-0.20110425394254572
-0.46218136288010037
0.8954378922988959
0.6571351548591298
0.37059580828145067
0.01687992870162147
0.456546440010293
-0.2782782261981536
0.2954772729754791
0.16006516620922165
0.4158104554923948
-0.6908061465410167
-0.13780106532363826
0.34122404388626804
0.05796994247787539
0.5989166365430476
-0.06558871227605331
0.4899788332125654
0.4206585276778736
-0.6275570931018469
-0.3831243445292714
0.861471255648816
0.8023515179576511
0.9089657626297737
0.757597362213467
-0.10800335112795535
-0.6328875404005276
0.5693170761422317
-0.5262292050946282
-0.79736346827657
0.3310251363903687
0.7197591303594741
0.9739928159525479
0.017911716735732552
-0.6015090161759549
0.9602372117495317
-0.6256186320629954
-0.36594563735114366
0.863695490951895
0.9576167931813369
-0.8665071169407624
-0.7329754798214051
0.1740202826005276
-0.6917940829190469
-0.8386377060572412
0.23931258559910654
0.17753113528677686
-0.7080324622031529
-0.5332138561918048
-0.6805371305015078
-0.16853950744423424
0.561945440008673
-0.4811848917792116
0.8413819771621673
0.963307578903882
-0.9841129618712023
0.7522239391611689
0.4687904336623354
0.868546545550732
-0.06813875486235688
0.587902893004576
-0.5014216523236121
-0.8397511687313841
0.20107028797371918
0.15843919501258485
0.9583831511082205
-0.9015248061862166
-0.5053701797105405
0.5069331429039651
0.2213104106719158
-0.4531534170773588
0.34569368098336506
0.3066584174547493
0.33491031854516995
0.24926488671595304
0.10076207610969554
0.1772643686440052
0.8099438629542539
0.016505717379559054
-0.7491366163820696
-0.8356602229337613
0.7020726191172316
-0.634037629618548
0.40253725873318014
0.0629976103810268
-0.7587206826127124
0.1060460260957401
0.6773246234062225
0.9076679442133035
-0.9224736717079958
0.2631807930532986
0.7648147005546861
0.4839470571798228
-0.5377413142901266
-0.5118956385478274
0.5491480091864156
0.8909532811208587
-0.035175876335029756
0.18163848394222584
-0.7534450656108608
-0.3747744285741609
0.3769604969231806
0.04575861268768383
0.90863140136063
0.24552497955909539
-0.18051970364344647
-0.545341645735941
-0.21957749353631165
0.19893743231386737
0.4242768588162972
0.6899356426177191
0.12166717552476425
0.9346851620996333
0.02319254038689511
-0.9904003402951282
0.4402565651006318
0.4027790011175125
0.20090402361646986
-0.5982281110036125
0.8721599276176124
-0.6316982433618104
0.5317485026159019
-0.8051643912364149
0.48946582027092056
0.9673819601587516
-0.6068141452276592
-0.5751999001978925
0.4333904644607006
0.668338877371454
0.6878965822683588
0.949407233125695
-0.052453152585552644
0.63516136519658
-0.9597968218340043
-0.03486483592465124
-0.23080365308627546
0.4798506216347061
-0.3126871701675838
0.7790734907105183
-0.24761522815924453
0.14759464051354199
0.9656710349479409
-0.47795258813267183
-0.3674484143340564
-0.5239527019325312
-0.1293015418449086
-0.8303627549073949
-0.5763539484171721
0.39719493469755074
0.26586263449297537
0.6863140006700944
-0.9835595760263894
-0.6901970061323097
0.8126372634726798
0.46008577528282724
0.140986257540979
-0.1860245068740302
-0.5372484418370962
-0.7439460758910217
0.4332194565447491
-0.5817831794686863
-0.2866600248043299
0.7043647951354536
0.6750649500843724
-0.784542073196786
0.815463273996712
0.4049681387165874
-0.7366744735113824
-0.6724123917243068
-0.8466795632957538
-0.7846512614191297
-0.9981137359006553
-0.27189120797276933
0.3777714533949008
0.7466423439137756
-0.9329364831985408
0.5300839611111284
-0.8615815376704181
-0.7943596852656076
0.8500221149115298
-0.7500027753916567
-0.6067590438189313
-0.27015400873909085
0.5284635333728881
-0.6487865137782962
0.9353815449409146
0.313612642755006
0.5836039376067197
0.8770353874823775
0.16839710240733713
-0.8956572811923028
-0.14231955697775034
0.6635611206961369
0.17953926396034037
-0.1872586584089462
-0.042524003379385666
0.6619584346422882
-0.03139070992469617
-0.7405536179915302
-0.3902223706638599
0.014626798356514259
0.4010024174093416
0.7366157837543756
0.9949314354052047
-0.24488759235860658
-0.8693468928384611
-0.5163644255973451
0.5427883763526677
-0.6242663972011562
-0.40147774566766425
-0.06169938025950339
-0.1962334926604471
-0.7169957006144528
0.688460137380806
-0.7110360352567494
-0.3521665855238103
-0.1744669172845166
0.8249284530754624
-0.7810110119912071
0.14524687153325613
-0.31286292205444866
0.5879035908157616
0.08447478102362393
-0.6578257831258867
0.5435782941354221
0.40123063333793585
-0.3425665792008332
-0.27820657661119097
0.3339223963776534
-0.6298534941874716
0.574478691069728
-0.0756600996489186
0.14219154269756723
-0.21433644642582309
-0.29640221577069853
0.17672225023354596
0.618616466782308
-0.9726011468336749
-0.40923382753861653
0.6250953538008639
-0.3908510293780203
0.1402439475892104
-0.2244713727775602
0.778421237770261
0.15236957992163255
0.2823788373583036
0.48208347431707393
0.06799423800847862
-0.25747191628664506
0.9088276572118381
0.5440527003652587
-0.6276676551672451
-0.12005145943675388
0.3799816091492585
0.4147691398638249
-0.026654024760433215
-0.6489359652850475
-0.46264783153691075
-0.8261034661445298
-0.38270117773836615
0.19925326548406572
-0.21336290336109087
-0.09280600823856448
-0.11485103974198065
-0.336730566544738
0.8615604192590177
0.9204720865900398
0.4847051973986197
-0.14723030844241644
-0.12008788001987614
-0.11416663385696571
-0.025390369417548096
-0.4651839819395061
0.9676450602810229
-0.979664248246647
-0.1112879479368077
0.9238566919632042
0.9184803401331051
-0.39548820611071794
-0.02029069444819157
0.05074444436405856
-0.47659734037533585
0.6757539164412585
-0.8084536043080335
-0.23717391477242877
0.59557798653841
0.7884609091792469
0.6348479929470313
-0.9239451082451431
0.11422833530873294
-0.03626748392378503
-0.9239361155447503
0.18980945901594043
-0.4601535537773227
0.6144130825797451
-0.527614167877926
-0.07236708764868395
-0.22026194192957654
-0.9611772336748644
-0.324688768991216
-0.028036709952405627
-0.8272159192822521
-0.58873523597666
0.4076332400404799
-0.1813018615865467
0.029484006978026608
-0.44374284394331387
-0.35854916122417313
-0.5421949551311134
-0.7265128068757778
-0.38122061914437655
-0.030337039162845247
-0.7837593533593603
0.6655027014145497
0.8253389893078172
-0.3374718698767969
0.6785722108332249
-0.22702314980041624
-0.3616517664686288
-0.8757502414638997
-0.7579959722756819
0.15846216566874388
0.706321087020587
0.5043602384350556
0.5635389686674979
0.041243756353999815
0.7466909412501647
0.27287522503899697
-0.7142445850199367
0.4260668556093108
0.4425862281428568
0.7971308491629792
-0.8513386798270258
0.7413711811012681
-0.3050065739879444
-0.455151471662888
-0.30114220494902466
-0.4040300811272466
-0.1516049813005209
-0.060373872342403656
0.25619589746214655
0.054430540024134895
-0.010588509056895632
-0.8699639940534473
-0.6829449775822907
0.726490836462606
0.3794556050981051
0.33195610151561966
0.5930429846562614
-0.2634755157790323
0.7244421949836917
0.5225679697858887
0.8375159347137632
0.37053412251271345
0.9572252738663248
-0.9811764687489274
-0.2939407138297394
-0.43887221151249
0.16597601809869025
0.003449361187784631
-0.096141639548292
0.01796097162152402
-0.04290981326041032
-0.2833020473848255
0.1813452179898729
0.9181325978614194
0.3138332908819128
-0.4916391640147135
0.31546036135683586
0.7342671167596014
-0.881986384698885
0.7731693296023671
0.821422716197276
-0.6665782292002902
0.8565519468000045
-0.7501642389214617
-0.04821830382184299
0.9111746219789524
0.9276686223043267
-0.9008659471379445
-0.9879400768224927
-0.34540480823101477
0.5110537681373376
-0.4439965877435767
-0.8881300414375822
0.5904016104101818
0.32970543385463463
0.8812345281412486
-0.25215973016362175
0.6843538107992003
-0.34079859153890574
-0.8786381146580092
0.02489552824604302
-0.5920649010186203
-0.36643062959258343
0.08480244509521784
-0.6120763503892197
-0.030304498020485675
0.8023687422636818
-0.9543479560998829
0.6941864049827111
0.854289385359975
0.41752937701620707
0.2584054479553563
0.06479958252028202
0.15733074528110672
0.5394882732307964
0.2422031496127916
-0.04829704053836658
-0.33492519870443493
0.713703225521766
0.29774269431997596
-0.673613641434404
-0.401177940267414
0.9208022029223469
-0.5136270852587715
-0.3183166207262599
-0.364955791224776
-0.6117618986891152
-0.3754085207172684
-0.8455518746923201
-0.2638608327886147
0.4409694522504193
-0.6111493857215764
-0.13531521272729674
-0.11566167195878352
0.5705242798118797
-0.4543397176136721
-0.4087205520081058
-0.66004810527074
0.5999584772110761
-0.5889031191933631
0.07861938099545587
0.09116827073686666
0.40945380481238414
-0.159247028535171
0.17178645689540098
0.27934511983376825
0.7660761594954336
0.521561279274865
-0.9485494396307771
0.21366654437871807
0.7742616321569615
0.29990665781910825
-0.4579875258826592
-0.5766193987195984
-0.9525044008802359
0.5592555903971641
-0.8285273249009923
0.7188956898578476
-0.16193501278500877
0.8654728496138284
0.27379640672340533
-0.6423576584898971
-0.09307141691898324
0.022012942471528074
0.14889406832907465
-0.8720160488586077
0.4850141739254076
0.9267646111156227
-0.8025779498784135
-0.2040607335018074
-0.9886428033449779
-0.008466842464836925
0.5457599750628442
-0.5682294518096345
0.9110058622245149
0.8288310686234677
-0.4449715811716826
-0.8661077850127916
-0.33269583746135
0.239616846762422
-0.2808289380568121
0.3034194028624646
0.31968053421186293
-0.9885522713004029
-0.10358240239231642
-0.28055750910682264
-0.5074643349925729
-0.7306563672009978
0.765622113623829
0.8836289418375751
-0.5387102302318971
0.15587944339219217
0.18022549730435178
-0.7002173666858224
0.27507509547367204
0.7792445021889303
-0.02333284203604163
0.5956178757092273
-0.23070728764141302
0.9172833138135531
0.5280402196806175
-0.5752143588250732
0.8564724654196064
-0.3001215034619274
-0.3332176551671615
-0.9233644839018835
-0.3557272407016261
0.5763663268920598
0.9743836974047178
-0.3145392340736475
-0.6760456115243505
0.6867755878983501
-0.4285831909839992
-0.5476662639666543
0.004984665825604084
0.896068608895439
-0.11321395875797546
-0.14058849108051108
-0.7773527831613221
0.7822977984918968
0.31329352999775084
-0.7251988776018361
0.8984881840965452
-0.8070488890074066
-0.8590937984987576
-0.6086158000217273
0.06651326902585088
0.6156946232370002
-0.9556350757010764
-0.4131661455835446
-0.049210854229593926
0.6025477132296033
0.7964254251250358
0.60059479375148
-0.6761033126249671
-0.8799743992661002
-0.8808611508398734
-0.7053948358867532
-0.27970775487823296
0.604443148299
0.8550347151148949
-0.605000224495438
0.0941793259648418
-0.3374867400065631
0.3091042526241292
0.2355428766769192
-0.8628181721634645
0.8970694899787282
0.5769890445921984
-0.8275258293534828
0.1551787310863768
-0.7250493203870575
0.43441632425200294
-0.9499959332360707
0.7647815675880886
-0.3954252075506983
0.30332686167174705
0.306820644341367
-0.9732331146579976
-0.09757412825276468
0.6593529993802811
-0.3152791127362127
-0.1317701457502114
-0.33684269477318796
0.030476457372580423
-0.6506249187214388
-0.818681420240899
0.4994320888077679
0.12212370854772825
0.16331860040430746
3.7263036701381547e-06
0.4507652239751676
-0.5070152795951564
0.9221460458906379
-0.09985513822525038
-0.4849377504709729
0.3376421398848959
0.35786033766624903
-0.4173310221264239
0.8885867775146519
-0.48085364387397367
-0.40480583009010984
0.9749757930512597
-0.3681557828960813
-0.42945612834535685
-0.12410144278792123
-0.23903098325450567
-0.5948188265840555
0.8442830286183429
0.5560236696928433
0.3958628011177703
-0.5938953401194691
0.9945863486885984
-0.024741549509698313
-0.33327435896670754
0.4435155394179502
-0.8797549458938803
-0.02484265538152175
-0.8642533639552603
-0.3383878413120982
0.13003054378372103
-0.2728148154579104
-0.3498544959988894
-0.014214827775057781
0.8396759808388139
0.29711045849000484
0.821996238493965
0.5089365118393896
0.41307275500977503
-0.27067005002219235
-0.7077394580486904
0.22281828038330098
-0.5585639008154912
-0.8675841665381587
-0.11057143676322778
0.6336449943127593
-0.46479801964933753
0.7445902413550465
-0.4975759484112239
0.8211327848377092
0.12742767658206433
-0.539106901589806
0.7184197759209094
0.18006016332453623
-0.6372708470469315
0.8817033857423644
0.9671012391732663
-0.5372855805483039
0.6227940249576149
0.9342768851358221
0.9790494789083632
-0.5168406351029979
0.5153428743345756
0.7487520764119044
-0.5402000001575644
0.4282760994055288
0.987311175392031
0.42090091374425254
-0.06484537002558333
-0.029383581755347946
0.6964284127673503
0.4766513440073185
-0.6545760246528377
0.46914532467915465
-0.12698347960993317
0.8830934901340013
-0.12028275701481728
-0.3360831940151552
-0.08173876679328856
-0.5670521363863358
0.09739770398712452
-0.7913130779206977
0.7077974041203683
-0.44474827269207085
0.8131949347280019
-0.8876834810666925
-0.3866108424570238
-0.9808886395017249
-0.8806348276678695
0.010853114536579112
0.2894493268689886
0.7344800900903774
-0.29331872116011576
-0.5726701944199443
-0.3109558058970476
0.24555568786931148
-0.8339747237674524
0.6002775893260945
0.5720207543435849
0.12075334310348415
-0.013243737247776388
-0.2917342344018644
0.9037760907094209
0.5258468790077673
-0.943240125977614
0.7361441791126359
0.11520229822634552
-0.0070555749328125765
0.5961445659358245
-0.7860663061969855
0.3460601145529514
0.7588359315741762
-0.039453315023456614
0.5224166103026222
0.9786614265291054
0.6180301602894058
0.721589091229168
-0.15395342538669143
0.23970690162164177
0.9822468863262854
0.12617260205788247
0.5293939665108595
-0.18569020352624366
0.4375824746101207
0.11481350176905439
-0.4956537580811671
0.5443236370678478
0.0647458922644166
0.6975433961394811
-0.8880464863986851
0.9961585262098741
0.1512207314930122
0.527075298583512
0.455288906551136
-0.26067445598792854
-0.7547808174546584
-0.4318535593671949
0.5465765734389223
0.22083306007433384
0.08939997283540713
0.7452458138742277
0.24315525715767294
-0.9187685926854676
0.36676183987939925
-0.24400388504988713
-0.9831297619064958
-0.045538267402447374
0.6665814721564297
-0.4826608491888639
-0.33732414817438117
-0.32811442542099895
-0.2170304042511518
-0.18204506337788148
-0.16966238068297587
-0.7345851666292863
0.9261709565510782
-0.29463840578182043
0.8950712474994167
0.2433134806391527
0.27536537596015037
-0.9758041605393244
-0.3751354680322738
-0.07479530655609605
0.5650178118350828
-0.6146192842911337
-0.6780425275149006
0.6229818931767177
0.4511332035931286
0.29748234346340796
0.679476099857403
0.8803961425402
-0.7320098076868307
0.9300987312890341
-0.8724464062918411
-0.9912235748795184
0.18853799761664208
-0.8153499404683223
0.278867306521903
0.9294013014469051
0.05756802698366061
-0.2103084017376675
-0.05970223465731106
-0.08758242595344962
-0.2895557169069251
0.04507485656328251
-0.3549745139353416
-0.648717261880053
-0.35145681075291973
0.6911475208840506
0.6342456284233372
-0.8639208025346897
-0.3868165056589152
-0.2509737664608384
-0.760764747419013
-0.4161072879163331
-0.8847256614825787
0.5027457307017869
-0.8539188511565854
-0.342212905077091
0.11392224028425546
0.8793087475330581
0.07155974502894025
0.11936507837275519
0.028706115050684905
0.2203617210826873
0.3165904356681376
-0.17080391836672382
-0.7132334347023987
-0.026447937143229773
0.500503629258475
-0.9955535676155426
-0.55985128036682
-0.8961384576463752
-0.0013226416317580845
-0.9089394720684904
-0.5629129760504994
-0.3183741544806242
0.212169712727375
-0.5466411035808737
-0.8313952652515507
-0.8849815453047168
-0.8155441256294116
0.25074404083213553
-0.2784845772457482
-0.17724762973623354
0.4447537281600207
0.9363964907388078
-0.5367217086087299
-0.7072396816196671
-0.06144238061593721
-0.7625179275512269
-0.013264709516434579
0.06705920604328622
-0.6005992779008097
-0.9305235898428905
0.8868334703860127
0.18447584238338158
-0.01343475918484121
0.8393447653781113
0.19419973046727357
0.23685610272141383
-0.6734061703662765
-0.17231469737247615
-0.7647624569303908
-0.1952549548875294
-0.7555514045048595
-0.2803538223241933
0.5495170905488709
0.003333471704301077
0.8983936278803845
0.7847498588188504
-0.34668390542766647
0.9001343494669858
0.4901610632043718
0.050869531315828054
0.5352505597449588
0.46704724842593603
0.5903178103827286
-0.07769199128023455
0.9477311617260935
0.02253592576553552
-0.8730564846818861
-0.19662978026076702
0.5253229559712237
-0.5881402071943613
-0.5096262401590491
0.09343303248876865
0.6666745249689385
0.07646509715297449
-0.9025732108201848
0.016284589079541594
0.27149193954794204
0.09497858740110145
0.22935633340783865
0.9409255892173264
-0.45219171679584025
0.6765034956574849
0.7639606433134273
0.06263686068788221
-0.5350702134141465
-0.9240393843012509
0.03495998286796631
0.8359912987637428
-0.1618059329906698
0.9269440043284474
-0.6346481484617985
-0.9642785117958057
0.15897319962161527
0.700601450044699
0.29254268289849983
0.995029965246855
-0.6586961109143434
0.5188131014822157
0.1412535231208573
-0.6975068556512835
-0.9726687942737064
0.5853826622807533
-0.2270006603333568
-0.7892765111341159
-0.874342497871862
-0.3318733651171409
0.8225519776437992
0.2909862563311421
-0.10796902368102207
-0.6760555583678415
0.724002982273434
0.2225803650076914
0.19177536257633787
-0.9324581538292602
0.9860308599800267
-0.3884008961567511
-0.1431815835649788
-0.3779200945543024
-0.16434394820881382
0.7079478948725592
-0.21540678162038035
-0.2779664317232078
-0.41998949125830465
-0.28494314595420495
0.8814507533071073
0.6632573158525596
-0.07816289648022107
-0.2792006021664144
0.4318389441746262
-0.6051810836500252
-0.8179728249178834
-0.12426688852689008
-0.9154183490408615
0.4058448229411747
0.5628200142232217
0.8234816965173235
-0.7567789204207366
0.6907253345616252
0.08164186324576982
-0.4820442322926777
-0.16626560892095044
0.5044110884124511
-0.48990640628252646
0.6192744188651738
-0.43551514626903054
0.7179695832133774
0.834691157476725
-0.9694480584588413
0.8582372025976062
0.29740637219835936
-0.04412179667911712
0.7920783627200427
-0.20444168293325032
-0.3784221834675335
-0.05842685372351662
0.06421818080396424
-0.35276538717671874
0.19929880332943686
-0.5519898389724843
-0.29579842128805206
-0.23466806780417018
-0.3490594523347324
-0.7132113399196071
-0.3311596260858689
0.7714843444765478
-0.3477529920759855
0.5175267113845707
0.3356894873257015
0.05476355893423057
-0.745765605694823
-0.26771462636677024
0.5526829970425102
0.333265136689203
-0.43466815664812364
0.6765435058821804
-0.8633810040151719
0.5602990759649118
0.8454902343028687
0.19756280572141874
-0.9568403525629199
-0.49901296037479165
-0.6511523664854942
0.2014257835783258
0.10406269447965602
-0.6703415082349176
0.2826450641272592
0.964869574886467
-0.027708278380076598
0.6964807138520557
0.45832372086497664
-0.27306724187631914
0.17797209844675335
0.3760060303032353
-0.7019735703948278
0.8009482625570952
0.6336855079462735
-0.14181494657775273
-0.6195980420563363
-0.7451401442713941
-0.173168005721563
-0.051326506333226884
-0.547668737180858
0.4322172175303653
0.2629982707774379
-0.43270716246058555
-0.9500762014717279
0.6765709367745946
0.5047929860531193
0.18773002378938647
0.7074320458040676
0.2058466691421083
0.5628753844119598
-0.3574072325306077
-0.9459210057053664
-0.9890483872227981
0.5656490850473928
0.8009601063685452
-0.7051888995712424
0.2534083450431953
0.7396412659349012
-0.8088759898797171
-0.3699548610399938
0.3855251211525688
0.13901182912172927
-0.23164306938670398
0.41697155559756904
-0.9540264570942452
-0.06991550443881867
0.47410537731462754
-0.5699624828265704
-0.48660555356516055
0.18277883705378978
0.4037502543241882
0.8190226790715626
0.8680515298381647
-0.8647613258005807
-0.6905359963574688
-0.9899823033859392
0.7574751539590364
-0.9881984259902024
-0.005685203220854484
0.5639526663584605
-0.4818613432890596
0.24797555776608599
0.004161730461153478
-0.5979487995755042
-0.7994428929075343
-0.16481950225468647
-0.2567049241261494
-0.3859235112279056
0.8224632798543368
-0.3461251460460315
0.9479236573427392
-0.3070154969739882
-0.1859199628706214
0.6498757070290786
0.9669246513753853
0.13763388979561672
0.7831239887415022
-0.15976790016962333
0.8016383836301259
0.8738669336424582
0.9646714251776066
-0.8505089658055611
-0.7921972643205266
-0.5630163197601535
0.3231513965151258
-0.4840140456971609
-0.7534580174898556
-0.3391484446124445
0.9463238495843538
0.9189542467778998
0.7343393802059078
-0.02419686134896559
0.5886654957416183
-0.8021486909167337
0.962030532164401
-0.10641164430638693
-0.9439007315332262
-0.20661389736359712
-0.752151228724643
0.3751792436602661
-0.0002590578921435327
-0.7870242001441232
-0.7356756504409048
0.22388140720510558
0.8443788927182876
-0.3249035763852544
0.6274846782188582
-0.7707872472179118
0.18817584243077584
-0.04982068725760736
0.6680213505290294
0.2908106576635985
-0.7197615022648183
0.5508527617197491
-0.09159888668441382
-0.5465434062794479
0.43636311859891846
0.50556973561062
-0.8653744456478503
0.8265876095379353
0.9891442565340312
-0.6345531125905419
-0.055588142822035946
0.05665273155678485
0.4074486172630748
0.5453146157724997
-0.5624621504720646
0.841217476320385
0.29202137256764327
-0.95144430371894
0.3063418392508719
0.7236359759748076
-0.6877957026468681
0.5318308740922081
-0.9909032381918903
-0.3193522072320851
0.3655764702663065
0.3245629911419839
0.33004417378796225
-0.40809477904387736
-0.862750964217305
0.9988460286496428
-0.2727834283776153
0.48130349007955364
0.4694037105758226
0.8111620106157573
0.9164049844019194
0.33687529583886916
0.4622843339745571
-0.8243362538251232
0.47837746664689224
0.06873437485902198
-0.021064736389964943
-0.7187575888764528
0.010129581581878933
0.7158703005807536
-0.040165892336425424
-0.36621742205026786
0.30809917524233854
0.4895820610431816
0.17956796126438695
0.44517115608260893
0.8390025111222357
0.865898614670932
-0.7479537175503331
-0.8411782165099949
-0.4612228907945638
-0.8251646812034593
-0.7490550600013622
-0.8741520106823057
0.965083695514773
0.3220728958356242
0.5358495894511095
-0.7696965595620385
0.820213138818123
0.387619098681943
0.8064274403523637
-0.5184792184743463
-0.40136203898198825
0.8556735335674747
-0.4156031458221626
-0.6145398228385487
0.27796288002403124
-0.3890448047516406
-0.7735123859846511
0.33911404923836663
-0.44851227499067536
0.5380286890290271
0.6287134556278886
0.8016227640900104
-0.8958064660212912
-0.20440809747244626
0.7641492775222516
-0.75523953866307
-0.7051815202170236
-0.31529941481422064
0.09091082240079107
0.2880584087626336
-0.40119428891725795
0.5962016194481291
-0.49612374353339816
0.6111455686877668
-0.3817832841227581
0.020127446712364976
-0.47466044991852735
-0.15476844083149785
-0.15639507763140115
0.2870381328188312
-0.7969025708097547
0.8815234291187428
0.7642025946120683
-0.720243400971003
-0.003053372533751375
0.7485751418915736
-0.6403153511951063
-0.44718716926290036
0.7662864584480117
0.639738489284378
-0.02526388207484992
-0.6278955426998514
-0.4046108015092128
-0.40874572396453945
-0.03692556299832335
-0.545617392013602
0.8342961316349108
0.08442334463179643
0.5201558606819834
0.7322821257348193
0.07729498711556973
0.0901534357042407
-0.4608294134588428
0.4445452156163205
-0.36741488429257074
0.17342526961549265
0.8470299943009182
0.8377521844114952
0.8370999375917563
-0.12386010283808291
-0.4646904410961852
0.027931122565552968
-0.21811974136405032
-0.19503914432626046
-0.5868883662082172
0.5134682386251499
-0.22304091062184206
-0.4865598867881332
0.9425922154231546
-0.6783435002637116
-0.9034195632762544
-0.46734434164840444
-0.46279295551161004
-0.012450277602790745
-0.6449602122831626
-0.7167548642374807
-0.9632347930415112
0.16446160153315217
-0.3599574150334455
0.30038541460274776
-0.6765932968953003
-0.5226123173410828
-0.7781776804775384
-0.7590646593008128
-0.2978198395969096
0.9104254090302815
-0.05644552614252041
-0.35891543998564734
0.9342087183092125
0.9694527711786702
0.012255891131446539
0.26398273674933526
-0.5456470714415111
0.5763402738746486
-0.34827989200606435
-0.4161695338933038
0.9191739785577436
0.4078142463399518
-0.4452544291900544
-0.19301953851514195
-0.04571848267639822
-0.030942832244197804
0.08518274751292933
0.6523634231426148
-0.5584510887229613
0.43041207733845405
0.015404203597382456
-0.6751794494376938
0.05482969855499705
-0.38893386459299784
0.656778384693574
0.32345098859627386
0.021181733065796
0.2470506351700763
0.8085631778733484
0.5805407225324248
0.39386555119835487
0.8620440792424755
-0.4788085972612677
0.10294857692977732
-0.013079110524649051
0.11403435324892763
0.5850842361799098
-0.5955528454391694
-0.4976732813401516
0.5501274140076292
0.8723481791812515
-0.8086740398002058
-0.6350629811622069
0.5650927592528777
0.05674278999338044
-0.6857976067387819
-0.5289497286957593
0.3188078399567881
-0.17216419406309985
0.09989178186018226
-0.790070413230916
0.443674582323873
-0.8862484242819963
0.6035829942759199
-0.33050833409043556
0.5502059174692273
-0.6916725900771445
-0.8492472887005009
0.23057830005587943
-0.7607631278279781
-0.6038612256238285
-0.17654262432465417
0.4752897152645781
0.5681716222486783
0.9905922629697086
0.03303891710953755
0.07496208302341256
-0.6611798166658706
0.3445784789712841
0.3815840286812751
0.3230827362805076
0.8534922491094004
-0.048136665231999366
-0.694435036807853
-0.05678728863403303
0.0025598185747078856
0.5784875620932806
0.37432572110757384
0.5877179620697792
0.02831715139790062
0.11703004699318975
0.9792119677092901
0.6782726064172864
0.5861290776165913
0.8709078154258447
-0.06561845305316627
0.6020606969314781
-0.30003749264593593
0.4594792857276013
-0.41619518111423526
0.04278068629288234
0.9008543056455884
0.6534372303609488
-0.5312652731232665
-0.6089743525516655
-0.3292795681049201
-0.6941168179100086
0.13785402496918633
0.710769201733139
0.7190510391180208
0.2678611697349495
0.8240557670968403
-0.6909864843814898
0.1638335659471265
-0.752981645315793
-0.015076587082963694
0.3110813737798858
0.24144253550145936
-0.8603444683953374
0.7435426861223731
-0.36274254580152987
-0.5335426687796134
0.8981780389969201
0.03051951536660935
-0.43517553843447265
-0.8781725687363768
-0.6326102682056387
-0.03938433781621886
0.339309534552642
-0.8908944901861902
-0.24852545091726275
0.8139679864459997
-0.6394971775024263
0.4913759858648712
-0.5897461721593791
-0.6761123739980542
0.9891276611810971
-0.9680559617836649
0.19806559442104688
0.7255535351314706
0.4860502515849925
-0.03463323471105184
0.8997891246915786
0.052546353336122786
-0.33480561352370586
0.7916003358801045
0.6433551409973879
0.7332881567752894
-0.37795767234947975
-0.09655468809518863
0.2482270887105047
-0.36282230460695075
0.12122887457812315
0.35787972563576087
-4.713859602353254e-06
-0.027426396006509757
-0.6877213782924638
0.9070861562192785
-0.34186632107590675
0.4748290377692581
-0.09526677709936582
-0.9184560676919946
-0.08440382992715056
0.7755206205117082
0.7229942613506672
-0.5220074254011908
0.1718157420718487
0.1223553567851805
-0.638860906343157
-0.5707871323764606
-0.9167145715788021
0.7601690583491993
-0.08069642267296917
-0.8589525008786463
0.3019587263109351
0.9834681221809931
0.37677153937546426
-0.3835254593943167
-0.2587925775135729
-0.7554765084560033
-0.9392238798865178
-0.2506896120695832
0.09739057345221491
0.5165939680651181
-0.6947497515142063
-0.04907165837875471
-0.3677294611421962
0.02391528979252744
0.18511586440044092
-0.7176435351496904
-0.7780042934592559
-0.892916593007153
-0.26031911216115233
-0.19820856494914052
0.642574789694712
0.9003934841206889
-0.3021409342064363
0.9013888247843465
0.350669950820788
0.8562976409535992
-0.9285964756608884
0.2129494614159846
-0.34943713049255987
-0.39855025413748724
-0.2753641343457476
-0.5243547609936452
-0.9801962289475581
-0.4088099790515214
0.30105922881084135
0.6881147284078328
0.7094503681454305
-0.8722204395309379
-0.7311058501797163
-0.3587910431858008
0.036097017180503066
0.7493478664985969
-0.7823341613339292
-0.5768867914508982
-0.6731530565420576
-0.2439151878890633
0.2579741539803799
0.02807061535136124
0.03847693921411599
-0.9021123760827977
-0.07107219131491169
-0.8956811245666307
0.9242347364416499
-0.5743386047029182
0.25481976536014295
-0.2757393866616069
-0.6664129562127212
0.6826944206734045
0.03000365208983426
0.35343488069011997
-0.07196406447916662
-0.8715114378733901
0.08721504619324016
0.8051797526712463
-0.8476796797118977
-0.35992444212571884
-0.045564443565579094
0.043977148298694146
-0.011777276879817222
0.7111070413090859
-0.6530444329355951
0.6339186843039621
0.8980891673363338
0.285437437319457
-0.11186650704311461
-0.40847111093172556
-0.7852255725152304
0.03148313650563814
0.21501442210599478
0.395703700693225
0.40739793804283225
-0.4872270948420579
0.4190426400863164
0.1058866339399428
-0.8226899731274672
0.9712744284855241
-0.22534409408091494
-0.3603178158531339
-0.33902393277923115
0.5705738739630657
0.17323185796876706
-0.22622570791290242
0.499379017790472
0.8522775413808741
0.2716178184427238
-0.9439919970488624
0.956758024481307
-0.9071392695954954
0.28687153934853327
0.9409525109075647
0.5582251778602988
-0.7433953656290825
0.5105219161165675
0.16978403385752408
0.8388047502378818
-0.9116052406234533
-0.41616016645593434
0.9112346037255328
0.16954686493907184
0.6161689201504831
0.7337612427739565
-0.3888665553647648
0.9144613080500842
-0.002258235647679727
0.7800223422907097
0.14503916246158946
0.12516152778456574
-0.29198107189062783
0.7022486736921286
0.9783379675538055
0.44331470777552795
-0.6774071114958751
-0.0671056096116418
0.5387788840538874
0.4023345334383408
-0.8741843385572345
0.8637859753438917
-0.7592706446672696
-0.24109232086150964
0.4828775560959994
0.12328498845579058
0.661587007068041
-0.7771629449065693
0.13669937786027317
-0.41368122185822215
0.5410344176587975
-0.3798375091450908
0.2519270969699767
0.9180301420585806
-0.24540927190807976
0.9261419873813564
-0.7132864669800969
-0.20716048676055324
0.934111329879227
0.6913618054143436
0.6530997596430241
0.8372402330740436
0.8709030831070086
-0.7222777107669112
0.6516514534293223
0.24082090751091556
-0.9393148146940493
-0.9956315471470727
-0.6981489917215238
0.4511161292442152
0.6459131219286615
-0.9102860354067839
0.9703492964306658
-0.8179718792429574
0.7336499693454
0.5133949679911483
-0.8096166383263902
-0.18233007727111913
0.8681645665775425
0.45237087134667997
-0.26049232334513034
-0.8711838769377
-0.1658335932631962
-0.8796908265745522
0.3503660495958402
-0.9453369558288615
0.3786266414658016
0.5273378334381551
-0.6803996816454442
-0.5993451051365828
-0.33097552971581284
-0.8619326785985126
0.8140801655436591
-0.3725827563165238
0.27448585272200576
-0.28371520520813887
0.828145670683289
0.5991208672816921
-0.8954763178335176
0.8136876553800678
-0.9765347403471438
-0.6111091907224125
0.4504674279810042
-0.5050011671568657
0.0670794883373002
-0.9046686476045592
0.48512475077470085
0.11233286268936803
0.9403548428961226
-0.9877057656794807
-0.6706590172802884
-0.015785747254095164
-0.10845350888405611
-0.22671983305241067
-0.3927286156932717
0.21374637838671476
0.32532863284901964
-0.6800314359876454
0.6753151548481864
-0.5253692687165896
0.5492621626226788
-0.8727917955186981
0.8105729369409131
0.06836376937731115
-0.3845566445193427
-0.9940393283903572
0.9840615133087579
-0.3474963553099883
0.6805999451401118
-0.19056878112674489
0.8792408576938756
-0.7327749231784004
-0.253921660502697
0.9602038806363686
-0.1116187425546639
0.2652044387653539
-0.32971617768348077
0.12325075764106638
0.28193985101650315
-0.2076435050782292
-0.05268319688435415
-0.5061370231829545
-0.6593994186626569
-0.3693950815607373
-0.14537000514542306
-0.36084175198229906
-0.06670888723965396
0.7430949435977912
0.1381196003697256
-0.34681426200412324
0.06414624468937435
0.2591975208408239
-0.29946143284544746
-0.5219778166492842
0.671832669756579
0.6684374960500942
-0.1091210214012773
-0.0849048350117254
-0.3985048128457577
0.05193501102967306
0.7793028528108046
-0.6639507527262608
-0.9339446638989637
0.3324384216342097
0.12203586868435876
0.15401200073509883
0.5911775026418117
-0.2092426649181704
-0.9931549817016324
-0.6190155711843093
0.3290664947106755
-0.12472320400989101
0.9848092692499762
-0.3293721324390473
0.747356522014873
-0.08043185734113534
-0.9396109865738971
-0.22035421510341924
0.9224456072276164
-0.8455348635865321
-0.3746222445052284
0.8306441895453025
0.2615811800806462
-0.3143809518984885
0.08871345306241209
0.7406437380086254
0.07890646050736667
0.3756791253980347
0.5901573946809258
0.3281457011152796
-0.5269490211826389
-0.7921575963356882
-0.15750895696437836
0.5682085137040532
-0.31446195660792975
-0.18389874778080492
0.31497257098149495
0.9501514349220658
-0.302142275123178
-0.26425068313165173
-0.7165583692664299
0.09461524441206959
0.9583852475662833
0.0357338312970763
0.44566499727489606
-0.4306802533849394
0.631859553555872
-0.9929496782874017
-0.6932495340408462
0.30612981817117785
0.7558117627026809
0.035416974888442886
0.2889870531688048
-0.14898693377953032
0.787951036634432
-0.22783369962113328
0.7234328460903974
0.8132369104248077
-0.2030575674728418
0.5109773581703022
-0.21345165410199446
-0.6021125163560789
-0.5870967504407433
-0.8294339579021698
0.059777727586853784
0.599500596327671
-0.16533783213760614
0.7800605399317198
-0.2659425355330284
-0.022774499473938503
0.5209873254048021
-0.3910885561513653
0.4126528830373182
0.12215918698994344
0.8921376902379066
0.05641610167297029
0.7804418798657732
0.6334611867260791
-0.79156065464639
0.30684024436611895
-0.6726214842097086
-0.5947843643857531
0.6754888595212031
-0.6367642003878625
0.18330518866541476
0.7305706205044202
-0.09758583638989438
0.36882071252579507
0.9314060296179547
0.08643269682688191
-0.4738113943171327
-0.02088172630433525
0.7530057706509697
-0.14573655770730906
-0.4641565397276215
0.5706318192635988
-0.9262044113393557
0.2667980039483895
0.19671815111689095
-0.8599638700639605
-0.1667748845732655
0.05721259727007477
0.19687723027078907
-0.6341210639436079
0.7015863121362695
-0.6423587969715964
-0.028300363922853122
0.1730374964307769
-0.4142017101515239
-0.2024594819621673
-0.30051848653020297
-0.6745107948263429
0.8179880404186464
-0.8042114658475984
-0.7977925498701457
0.4259909140688179
0.08902000469579206
-0.2140939367498046
0.650533590574571
0.47658222226736907
-0.7444477374814573
-0.11517111508052388
0.5066842143870759
-0.11273498088382009
0.8546614515297974
0.8809175713361288
0.17149746789137055
-0.46458721385295143
-0.3789947195738099
-0.3289641161795225
0.8568344151766205
0.8021987709938736
-0.829164123799587
0.3135969994820579
-0.7921475556666602
0.01601423026220746
0.25838768846525123
0.354342468324126
0.9056929702799051
-0.6769344527546232
0.012320672625649533
-0.45216237744340665
0.14465671459038276
-0.8807517780219133
0.7559061242240603
-0.1821031299649113
0.03680239610868341
-0.36369512506893603
0.6900081070045228
0.7574626847108211
-0.41567885780877206
0.24875215589168886
0.6288939377470361
-0.970089024324968
0.394477369290281
0.09217810482082389
-0.6984800053036706
-0.024048103971494372
0.6213439536399747
-0.9402467071351679
0.7938665975140384
0.9750542444718197
0.728443998754844
-0.38088281018037057
-0.09579441856100118
0.30516499812708386
-0.8134838089515036
-0.3460580068303715
0.2488979769828641
-0.2299460123381563
-0.654946556609737
0.029730605462433297
0.20669746567293065
-0.24131616876991746
-0.90964616376962
-0.41090896151635536
-0.0021005941708825394
0.867373880492838
-0.568022834000435
0.17142362875410216
-0.21582379599143323
0.9085565432834541
-0.5801648761066196
0.8710973522201026
0.9497337671754156
0.8751326636518619
0.548855424498973
-0.4444106272354654
-0.19448703093870712
0.42692452723483776
-0.47307503837068743
-0.1980114031060255
-0.7564594576061369
-0.626645713438974
-0.5855299344855274
0.6950827862505258
0.002873710369400958
-0.6385717161500083
-0.8377174585524247
0.3784548168672429
-0.9758651587510477
-0.28390448583150185
-0.6659488542197316
-0.6547995910282355
-0.6680253336850003
0.5065993356889169
-0.27071607522653807
0.9596969388628431
-0.805484370101398
0.43417909103731495
0.08667840978998953
-0.21017208423646916
0.14082562671536825
0.6804183539751243
-0.5203271512457466
0.8785628704684271
0.9629937145956623
-0.101622420205764
0.7799997673813256
-0.30813118328380706
-0.6263512856578672
-0.7065544999183975
-0.7251454316450836
0.043067578623502016
-0.5357302927480786
0.6521307876073786
0.8352402513817225
0.689700819561405
-0.19614675642492665
0.745651150327061
-0.09244894465427315
0.2399105875556794
0.28780511109465523
0.13817786734523346
-0.13479919234416224
-0.5086376847514731
0.8245521424994259
0.11316041806540042
0.7588719429234216
0.2139592450045431
-0.9063452507739218
-0.6735867922205525
0.1696726129374695
0.4625829519511666
0.18840660121551786
0.5615514367041475
0.779016237234642
0.989822067747668
-0.10044195214554306
0.06543607046637394
0.7079265750178898
0.8453366232724293
-0.7495521320965921
-0.9317063241913549
-0.23177654388113988
0.11405505297417165
-0.049951606800339006
0.5452545084493394
0.6171710508511145
-0.6071936572888597
0.7958279991552599
0.35999813051732493
-0.5348104136007463
-0.5228012009628363
0.4800825778023752
0.29223675810203975
0.07195003143892564
0.7552962159429089
0.9004598016465526
0.10096706659170618
0.7751891055036966
0.4684375876027135
0.8150898464596723
-0.12989881406378218
0.6436102623328207
0.10792283369194734
0.24174904139076767
-0.884775782708492
0.5441470574510128
-0.36221812766983713
-0.31003157959255495
0.5638656525687741
-0.22711087546459427
-0.6403029932784663
0.7928036840908339
-0.257460862017535
-0.26808551994386065
-0.7424207647642849
0.011270336641688637
-0.04729328770285175
-0.09713928390773784
0.3231868222329853
-0.839070992361755
0.5895110075340603
0.279163827001891
0.01683165936074027
-0.31209427527558065
-0.16022706043188828
-0.44301407208834576
0.07765392944620451
-0.4997670606645897
0.29851676690642176
0.3440884927874745
-0.5476941085406186
-0.9593692246023244
-0.8623876263049096
0.7692697397804157
0.4795824223673036
0.09646386801151463
0.006178939386505387
0.5538457897071536
0.32486854661297276
0.4265813716167586
-0.6399347653794207
0.7197021242420345
0.7372535990303154
-0.6718610926072576
-0.015994720175086522
-0.8533433420887716
-0.34050508923595746
0.46400046039773446
-0.25703156729288157
-0.41947443198599466
0.5780832949445756
-0.2135141534736651
-0.06236789066849724
0.6452100469609254
-0.6132382087228501
0.42453842152333626
-0.8851682004168838
0.8706608612748571
-0.006969652261180359
-0.4645043170800913
-0.9955953574455819
-0.8650934038227885
-0.7079708811783652
-0.01285196789755181
-0.42983654506130253
0.8765168828181391
0.4236128139711346
0.5217943004647542
-0.5956468479926189
-0.9500682628511344
-0.21494682474093205
0.8577733346898733
0.812364665347386
0.6743596771653174
-0.8649492006493934
-0.9409793035803956
0.5725167704521535
-0.7166075442302395
-0.5083631509004425
0.9674963670923944
0.9756235886368325
-0.10650934983926397
-0.4947382862297222
0.18476065388849444
-0.4912455957353012
0.07160665588806746
-0.8010402477423904
-0.243616637682029
-0.8607341828446186
0.2039760395229805
-0.6219343307441915
0.9898101175748096
0.06337973845194278
-0.8478550986894766
0.5511613554328956
-0.49747224150683567
-0.4515816490884861
0.6494087101077753
-0.5317542387008475
0.601489494256293
-0.38296863319832186
-0.45152042450646096
-0.9265430383311326
-0.1969044988805807
0.5678604921286268
0.5131920505572081
0.38131144572287123
0.7921512156539172
-0.24610919225268324
0.05147874613936265
0.777929555286784
-0.21876337184158734
0.07361275522797261
-0.8286799856842791
0.8874642604917555
0.05979793975268487
0.5448458596020263
-0.21842214894801992
0.8155582109270227
0.7295200408758733
0.3594241440233188
-0.002675504553369727
0.5512557610473526
0.8099207695770098
0.7226362716935554
0.4024018230139618
-0.0025407919206956323
-0.9799088366004755
-0.7620045616272219
-0.8728529042410499
0.6530540661016193
0.023406474722194037
-0.4773082392847403
0.19481623749723598
-0.9434298708712352
0.20889795105468267
0.8218984265267966
0.5498032860893733
0.44293182714976354
0.8274779267127252
0.535360866905725
-0.10979732121711833
0.7596859720618749
-0.7270115200581824
-0.637597558149007
0.35351306272892186
-0.25191765246098713
0.1174836434020963
-0.9504834667788096
-0.7567704832046884
0.3790007597401585
-0.7990308876030272
0.6151689358313244
0.33270048427934484
-0.5250088397023727
-0.0003241383320025104
0.6466079970426908
-0.08740431428762618
0.7315182326598428
0.9863130740910713
-0.8030190676762241
0.6007993819777373
-0.0891534633104476
0.0337650150899198
0.9853699014446122
0.36581740686785413
0.16211286361169308
-0.9903800491367152
-0.11320663319882684
-0.06245910760221496
-0.6097869681198612
0.10937414949947814
-0.35690518292499285
-0.7447682234169709
0.2610793436450664
0.3271997262835878
-0.04809492274092173
0.1617748930901629
0.26097085325149333
0.8761494723610453
-0.8517728270377293
0.9324277428987013
0.3940354649190248
-0.48872229385347365
0.25734125755052206
-0.2927720427215996
-0.40981278666776544
0.4417996348029787
-0.23489649941330293
0.9374159248137925
-0.9258108286673465
-0.6793141759604511
-0.3573857194382746
-0.0523662547424073
-0.1262356902362265
0.8775886436536706
-0.5838126288914425
0.572384685346337
-0.5813767489048642
0.8381190135801826
-0.8797468074713704
-0.8081690510821833
-0.3678659925493959
-0.5921817750887646
-0.1804783315266563
-0.22556398914788864
0.22198212538731713
0.8650369877784228
-0.39421943603283044
-0.045702416401118974
0.525630046711889
0.2559763401173403
0.8636889915101935
0.9213624903955195
0.6193228299296278
0.41252332560822413
-0.12581623740265857
-0.5076696393576878
-0.018327404598019736
0.9962859012659209
-0.7192589740153001
-0.4979434818922146
0.38183679706653306
0.6125167665531428
-0.32220212125229764
-0.19669054500573213
0.8852772097205561
0.14324583573821292
0.09132510964223206
0.7902366484224929
0.3243414783185045
-0.4059033064362164
0.26313953653552424
0.4204813550449149
0.8492098545702871
0.7915977519062081
-0.1023595796616612
-0.853002298003912
0.4882893580711405
-0.9777351251240056
0.4012049262811961
-0.1977394612254233
-0.9270042896656001
0.08925848185325691
0.6584907489610037
-0.8721786838186927
-0.7814056703025216
7.001974870840148e-07
0.5695064518372428
0.01598671093292703
-0.9122951752185307
-0.6996079302049019
0.8072203266366456
-0.8973404987491498
0.10260664468414937
-0.9833309685324969
-0.47290897212307437
0.7317300217301141
-0.05535452713436251
0.7738949768996839
-0.14686399587146415
-0.10973687904157803
-0.8310990197010495
0.5194743771627854
0.8896803498847359
-0.3306038310573771
0.7281831579095839
-0.11035721430876122
-0.8856908567757686
-0.05147261345322751
0.7958033125250372
0.8648453074604925
0.19125460723651444
0.9737683191842832
-0.47721542005513795
0.7570039251061271
0.01084824626034342
0.015895864633080237
-0.4726057467387299
0.791717039233752
0.5450777777753089
-0.6904301029658493
-0.5768661156023847
-0.1593647438280914
0.5158708814978581
-0.6326368540507403
0.6171004692268107
-0.5664559723173332
0.35796998368029276
0.09666953484070184
0.3061395070466617
0.6631750603907522
-0.5602565395043557
-0.5292366370413188
0.6830440219732332
-0.957819914880478
0.44052653175908896
0.032792536784408854
0.5067939296142825
0.0963816632017731
-0.08423211113440776
0.8193108101448163
-0.7345691430162096
-0.9765689608976318
0.8751019815627419
0.4773994752624391
0.08801659822813113
-0.9312654866900623
0.9102735345480715
0.4638786576556644
0.2773100320702957
0.541335368326223
0.8420599885134001
-0.6523768458537438
-0.8386550329588951
-0.18101333473055625
-0.34008285980121916
-0.22492127796106198
0.8119065292123383
0.9534348896696481
0.47403002562366114
0.9462460924376062
-0.5388472101898636
-0.5514550498321598
-0.15859043510020432
0.16246483218753988
0.7026643857469318
-0.9259500853753572
-0.17318781286212684
0.5588463617733743
0.5630524504624916
-0.48566328447964136
0.686016087505533
0.24584281020521148
0.3560063426508977
0.1144466349818416
0.5087026210779668
0.7745606784303469
0.5006423313697712
0.9012861533859048
0.9834592887278939
0.9520436409343762
-0.556858806105727
0.2989633544430376
0.5127947570842271
0.5877193528595576
-0.4682292136652612
-0.6965005060059108
0.1914310421594341
0.9185153633815318
0.8009592960379612
-0.47270555413312115
-0.6296034770644386
-0.06799096213286816
0.21180883416912064
-0.4227822941516318
0.46862264798338116
-0.7262520708760554
-0.6250965559940045
0.9097814956749537
0.6077071950896644
-0.14487711038907758
-0.5914075640010807
0.25578100294405925
0.17415303653657266
-0.40975009823704434
0.13626850348783237
0.8757976611005379
0.013398868242659845
-0.36225813176532506
0.11047458792355343
-0.35166830512734626
0.7136694485391193
-0.6834956541736982
-0.39435520288722414
0.525127029817674
-0.04262820553117752
0.17340321952575288
-0.34098037123767716
0.267943638952325
0.8922783020205419
0.5046407116488989
-0.8128963499169037
-0.5666710671959413
-0.23023162237750677
-0.0652913414433955
0.8996540827240043
0.7948570845360701
-0.5765094284724286
0.35682940387282613
-0.4326040069700616
-0.19226309453340495
0.39043721798691644
-0.3515652936707532
-0.1070540452432416
0.8179311771654136
-0.19789077414013972
0.957172137982517
0.3971374492010908
0.5570938507889897
0.6485783902274982
-0.9926795882647896
-0.7897958497106021
-0.4978288871511338
0.6481261926550594
0.8780425983686336
0.4872240779226343
0.6649697328313612
-0.44016859640745837
-0.43171996383166117
0.23009866059423845
0.4114272454566445
-0.2088320788511917
-0.22451153281464967
0.2171524280659789
0.5075930352573179
-0.054996464779019316
0.794374102736709
-0.34882701461768884
0.41663267821219163
-0.6521120218682848
-0.9532709720045851
-0.9318127810567123
0.572984003948386
-0.3132680350686106
-0.5382897936100992
-0.825329011728492
-0.9175884082535576
-0.20554308702430402
0.1241169680160417
-0.5500805631542341
0.5469934923639701
-0.7634794172079139
0.5823121709755091
0.19961937298642365
0.2696036755399978
0.03491718742047554
-0.9142972697036004
-0.3586505996437243
0.9000966492768789
-0.28121141567698255
0.8570650491244969
-0.6495123317563241
0.4512935368315605
-0.11031390616225689
0.3419366827484265
0.19447496180023927
0.4561166477934335
-0.2850460159562993
-0.3906791674650735
-0.696929644882324
-0.2872215961976931
0.34146858504825073
-0.9652108211263991
-0.8299839508555695
-0.2685436061805395
-0.8543483410971678
-0.08953316890062644
-0.05389763434333773
0.42527777051026855
0.82309619045493
0.7788099970888677
0.05777189388223712
-0.4969888423067932
-0.002379303541853048
-0.7545522267796767
0.4319073150958781
-0.18853600476560647
0.874775225353422
0.5350484572521753
0.9632845694995206
0.16834263300486296
-0.42075143760565226
-0.9306475986712788
-0.509403722579578
-0.08092205580187395
0.6007976921830844
0.9604487547660546
0.1355250155319461
0.4610091450866271
0.6756343317989185
0.6927896333233685
-0.7752560032875885
0.17688225379123498
-0.7265859442433334
0.662690763996359
-0.7160450301137502
-0.329395980938871
-0.5830364997304444
0.6965648917796313
0.35877744218163593
-0.8516497644293016
-0.14327244697327737
-0.21551345474093372
0.42034241201875605
0.6475455556552607
-0.48407861498448157
-0.3128781728306067
0.4210587403850383
-0.08462945353339357
-0.5521118898677351
0.9037966872333965
-0.9201910080347719
-0.9682773784850756
0.9989739898879337
-0.6747748833356968
-0.5782522028815796
-0.570409586976505
-0.18915800849432426
-0.015235869906976323
-0.46287531739646254
0.8977483898657915
0.4448821981712377
-0.6753814853763811
-0.29410809266893717
-0.030965279741041997
0.8212869168264979
-0.83599563561923
-0.904749923465422
0.47754301537136923
-0.887966480700888
0.029833294921412155
-0.4413577728312364
-0.825529306326277
0.8820456143887271
-0.5743925755462855
0.44210545653180167
-0.48408291057949415
-0.5055582274872454
-0.8503915054482432
-0.25765028615756624
-0.08030697027980338
-0.8970610404978576
0.009240219515856577
-0.21179243314967436
0.848876383190429
0.3421546447187987
0.22284512233932172
0.9268443042336124
-0.35961096004854043
-0.5624457477568998
-0.6160766369546365
-0.9938085541752093
-0.6797279597940941
-0.4182360470805771
0.7839014041545321
-0.8308501371229289
0.6351144023976227
-0.8797104760959062
-0.2519511056660258
-0.148631533723084
-0.7542370238961729
0.43938644364891205
0.9332431498867446
0.26734537055992824
-0.022347193958091482
0.9976986659655391
0.20959047335189518
0.351492124651702
0.9920884918354604
0.8232791933981893
-0.6282167269587368
-0.34847007374396277
-0.11261043205814658
0.364117772646954
-0.32047687717393686
0.5910403863708583
0.540705527680864
-0.2966506060635993
0.6706844500158251
0.2687752759894127
0.01522704435890944
-0.1533075788971818
-0.2141051596821306
0.4461901316124062
-0.548546479426513
-0.23602404464301055
-0.5233947719688178
0.02113312891212977
-0.022663931531129458
0.6419099579728643
0.6287950955819759
-0.026306042924611805
-0.595205539121199
-0.1856613303115997
0.9352832319999889
0.3867672046907973
0.280697815556779
0.9278011355660672
-0.8982141090347805
-0.4424901661021496
0.004314704033318034
0.9036155265206138
-0.9327554860583706
-0.4115813848513627
0.992841887650078
-0.007331874533150103
-0.6713712688475294
-0.47543681001207133
-0.0729517204670522
0.22073071562403485
0.8543509149086271
-0.46789800349759214
0.0641352912910019
-0.2733490294357597
-0.3504800672685407
0.29319280918189294
-0.3948597765146026
0.1473448772803322
0.5901306974354241
0.5371845125886114
-0.9378524939564643
0.5311310185415543
-0.2536693127740697
-0.2552125657737747
-0.34936640055315293
-0.9673397180213827
0.16273040065404637
-0.7208645592906547
-0.8949014279248538
-0.34410799213837956
0.22668762086641908
-0.6156584227414054
0.6972924678532418
-0.967102240816932
-0.9654378162771804
-0.13895987675964006
0.06150016191829539
0.554914415558259
-0.7692613771330693
0.5290020231500948
-0.9792400308532748
-0.8194823294125763
-0.7352974735194976
-0.31591968011351246
0.5844017999147187
-0.6495824184088187
0.5315939413031654
-0.16102372582085778
0.5652999774553071
0.37587099331705676
0.8657414674728701
-0.5227755514361427
0.7007692535568597
-0.9133250248575263
-0.9350265209609303
0.42764652838592543
0.9154699578716857
0.8425941033619251
0.46726716272484853
-0.3844415316323012
0.8148796187523765
-0.3513493146143656
0.045970542712682305
0.02163873095589945
-0.1710166116537702
0.5973139903870903
0.3846339799314706
-0.8858649688259954
-0.8702217374679379
-0.25247669529443945
0.2745760472340791
0.07730277739967517
-0.5632087012424981
0.20643631904088786
0.03686667806421795
0.5377775776840743
-0.1751081558897043
-0.6696693415261332
0.5788460024992339
0.7094239049691529
0.4730989002426036
-0.11257805683809646
-0.3856748156336638
-0.30257955036756773
0.5498744435099149
0.3538413229279158
-0.14992459732069918
-0.4877482912174029
-0.7736436336396569
0.7737424906926899
-0.23309580913653608
0.6319580772338773
0.08886361109712101
0.04447212560904242
-0.17571716094824374
-0.4333680933707301
-0.7361717675689464
-0.06379700972491181
0.7428909879502128
-0.047478545316264664
-0.5160960645153836
0.5650599532370194
0.8336607065836475
0.6349783933369424
-0.39237304535161743
0.17789659170578442
0.3933962066067356
-0.8048033448410059
0.21330544775222895
-0.35687721604675765
-0.8773860072995879
0.6905954176460595
0.5668809800647046
0.8729207994647762
0.10216079744692741
0.45590116921033697
0.937077396158351
0.39274759418466065
0.2800094150993139
0.5722549423151081
0.6886232911158935
-0.3850574734646206
-0.7526583064586354
0.8226707960020517
0.3653890959412773
0.99064194949535
-0.9067640483676189
-0.7428945191718238
-0.47028618947672773
0.5224860773763679
0.11836976236772853
-0.5655073137295537
-0.41352149177743813
0.5163286883801914
-0.8790263449377693
0.9878205348298974
-0.2287232439302055
0.37260782242172014
-0.7372714299940073
-0.9641081558148497
-0.5125586244311139
0.7419655452310795
0.7150574675204808
0.3393592746225693
0.5152331997473159
-0.05428204804675175
0.24188703055032357
0.9907225137562851
-0.8202737411524172
-0.8661328708479628
0.10601057187762139
0.7298524711759254
-0.5137454891524984
-0.00790132834993825
0.5094817031064705
0.4256057521053652
0.847847281992007
0.6176231118993629
0.6471714359448714
-0.4076054098393018
0.12638135288101116
-0.785973356083264
-0.6614520674376183
0.012031112925700693
0.7868361060510211
-0.6894117690996119
-0.2161852624658627
-0.07348084316906298
-0.7082270173733166
-0.3746412776653256
0.07753304512497781
0.3597591382638589
0.7150753109921297
-0.522364628753191
-0.17287691801422833
-0.6297028590033154
0.7445021285701893
-0.3276531185073206
-0.3233381598058151
-0.6261579536785227
-0.3840389996420534
-0.08432569334329129
0.2284809362832672
-0.9949862001037958
0.7402655656678541
-0.3276387607683836
0.3559050729998834
0.7198209965184865
0.4312468071262068
-0.05856694781261784
0.8455170276878536
-0.8586057534378029
-0.8962928005048308
0.18162217166278255
0.32978249235024
0.19564895475350066
0.976454271740053
-0.5038995451169686
-0.3247800200205531
0.0694404474041582
0.08858996008618854
-0.7318316599593472
-0.03719597700605216
-0.031303064845937756
-0.5729756998593586
0.17409209459853953
-0.7989039876762395
0.7930889621818185
0.43999020491064345
-0.2889829535081299
0.9418398627614448
0.1472194599628685
0.16829639909963467
0.5376643227512573
0.9939046907462121
-0.631763591603034
-0.8109875491208205
0.7446961398566767
0.8481036090984932
-0.9285864255598204
0.046588372342810574
0.9259617903390178
-0.778355788671807
0.6512772728540489
0.9573141871681831
-0.3581101270038918
-0.5859359576552005
-0.565883395327612
-0.7057610416277378
0.5450969457661569
0.6413844296661295
-0.080275757624084
-0.1718472766529785
0.9839671417162391
0.9634434432163314
0.8673826596170682
-0.2739875976686165
0.13885831640092325
-0.4622911629519121
-0.38090407136302135
-0.5607020916086809
0.3416286238771629
-0.378587988613
0.09946258542394038
0.4723100087413772
-0.169064147766965
0.811407243669211
-0.8775762876641162
0.15377158048451525
-0.8164045417813695
0.3045289048462923
-0.992426506749376
-0.6385579439656079
0.3265297840484848
0.6713154507518115
0.34954162162980973
0.13697322620854283
-0.4936662437246288
0.4865513545670049
0.1563785499654392
0.7731009510271467
-0.4597883903804197
0.09614193069544184
-0.3015834961956896
-0.5458594566038687
-0.6173760972965763
0.8624712430176041
0.20077876441863066
-0.9601928126194996
0.2060563297759042
-0.12432813438637647
0.3995515328718684
0.9644296606837541
-0.4227970266962855
-0.40237879472867966
-0.6132010490891833
0.44157775403725635
-0.6118266311317335
-0.4910937733239908
0.5293250699214932
0.08831528774177055
-0.8830677952114836
-0.2366486146917339
0.03510709732159281
-0.18807710481125128
0.9416351797781938
-0.5830162897511765
-0.22557143267197668
-0.6149265473872418
0.8984651964738094
-0.673221343171844
0.34644600983304913
0.35620519983647575
-0.31942875402575577
0.43992538090524025
-0.371907922710593
0.30953407586121073
0.9745155617357462
0.6937579415506934
0.4028940414406028
-0.34800300188053024
0.5672029240791923
-0.557033166687064
0.5485132994194493
0.5134652193626987
0.5474594251384486
0.02888689901652386
0.7017202483577282
-0.7374035120242609
-0.5668670440154177
-0.20161463387065656
-0.35612556235897935
-0.17652965275297405
0.07344372266636545
-0.12191351426206747
0.9161242177492622
0.5770537497461345
-0.08564570601382081
-0.5503343605580491
-0.4804458738773114
-0.40150587870359855
0.8245451927935985
0.15507123182075844
0.38705666402265454
0.31089466868161675
-0.06488498580688495
0.009545050331413618
-0.013866444788378285
-0.12952275956185155
-0.09347532958775195
-0.5981843036439423
-0.32042061915385256
0.8623779440594546
-0.5224638996430724
0.08434992657294527
-0.24539529139061253
0.5322973361928394
-0.22987208639010018
-0.6846598326164097
0.48904737958061867
0.7408334809538163
0.46960909205520995
0.0863529610950363
0.5396026604393986
-0.948630247222444
0.9782178477082755
0.5446289556553745
-0.10061410094329258
-0.3023234592297788
-0.8144608075755404
-0.2730326503931384
0.1880032178980493
-0.9118495377426838
-0.9534368070624435
-0.9963335467118226
-0.1461765934135466
-0.3546860868462318
-0.47704287250601696
-0.08907431449127379
-0.7284994622751311
0.5176121567205716
-0.80698330042749
0.15842366882524872
-0.6009481728600745
0.2470387118814908
0.34523633830497125
0.9881702773437386
-0.18053421664522573
-0.5044049559761808
-0.45011724885933585
0.7204391448727956
0.23888509829468604
0.9778821913551079
-0.8962872459858765
-0.06115410023898808
0.27808302877343777
0.8169840990690069
0.34253839089538984
-0.3700808816699086
-0.543166922039356
-0.051369713565016184
-0.08553703518140399
-0.6951191567541501
-0.6529432265664288
-0.06411708845727593
0.3652247871780354
0.4861364642506012
-0.2885271605484314
0.8150777813038255
0.3633388959002384
0.9837435234590197
-0.9004048121790122
-0.682893454606041
0.5205480652451293
0.4192703344765444
-0.3453284639753351
0.09676388322707469
0.5731031306595449
0.3652250590306217
0.6225451148239937
-0.1214313468772343
-0.5409157148204722
0.7632888937317774
0.4812508827989213
-0.6204949422582051
0.706431905255597
0.471928602565349
0.41051365598075296
-0.27564546038168425
-0.20225044632256917
0.1407373235042073
0.580061883788686
0.8946996905008902
-0.9670533141071169
-0.7695226921831233
-0.3345687819833585
0.9861514916903473
0.06220489875462887
0.018781715098397322
-0.95278940408807
-0.16082839312494102
0.9227426845912057
-0.814747092220709
0.4586850155849762
-0.33457292758117235
0.9245073002279118
-0.2941208481103388
-0.7143237769010284
0.85250427440888
-0.4102890206716159
0.8357687207284161
0.7424780012601331
-0.5290527760216035
0.5997402164665
-0.671311195884223
0.7823614618446861
-0.3478214018388639
-0.25138899378984214
0.7008047356886047
0.8553378602116619
0.7444274122282326
-2.573813908779438e-06
0.3860297516252924
0.9622377071241635
0.1376549830275564
-0.6452258182730146
0.40346457907003397
-0.19766453036862464
0.06843688720246477
0.5219813628397949
0.06721056629517519
-0.2222310979214468
0.65261706994386
0.8628919444783576
-0.13310989124454276
0.4204523215216791
-0.5351542736371537
-0.31198860822293284
-0.8459595769685828
-0.5616156080848553
0.10752288479894112
-0.03959109557579876
-0.1643275806868827
-0.05292520991650407
-0.18804178209693667
0.31915009492596
-0.6842621973321938
0.3552873154862932
-0.349745888728233
-0.30295434377078045
-0.42759821985182356
0.48517882330160567
0.7471247228223199
0.447198076348184
-0.1198458766972661
-0.8144083597914928
-0.5545883610326585
0.5879497278435948
0.5150107331769458
-0.5854176764222434
-0.7214584371947101
-0.7822438654988784
0.520077502992865
-0.8985216130397757
-0.44382034411762694
-0.4114382512154253
0.2748127079920828
0.5031255764674205
-0.37698411116479313
-0.8411828577614087
-0.22112786982126065
0.3481679563330591
-0.1884245610537929
0.5346347744162327
-0.8426615125346002
0.17903064265671365
-0.35272973156135534
-0.3230155344047674
-0.6473617191025844
0.7461395052365936
-0.03993290482224521
0.7717868365910168
0.7793731794381449
0.9648854156124009
-0.5593333708585064
0.5894287187297671
0.9164243553936509
0.7032244763305837
0.006696949998886703
0.045958219499260045
0.7972829562345496
-0.1683446549980506
-0.31792828013123303
-0.4410070980528817
0.32967893276983407
-0.794263743556654
-0.9788189210685669
-0.17267209408820228
-0.9390951491850987
0.18647651711329385
0.7087222063745299
0.8641027611787536
0.8836930645794953
0.23483814221370225
-0.9589944926470186
0.930294243491796
0.017035663468282225
0.041999527758926236
0.8006267473904578
-0.08953725271162782
0.4394062647597572
-0.8849376777262308
-0.1251852314057329
0.7486606296684074
0.07776581128042084
-0.3670070623816029
0.0233707553470418
-0.5617565031330275
-0.6263192661796249
-0.44910068174380163
-0.40463246324013563
-0.5050120216562327
0.46894202116231326
0.5246865877884559
0.9975272475688511
0.03109073280476953
0.21417775732811775
0.7068143138204186
0.5686653922835169
0.7495487777062954
0.8744783867388192
-0.03843056017722013
0.5399577105851887
0.9379041064609785
0.9600092059453904
0.33764749058665533
-0.22172117060993357
-0.4844186675887263
0.665621874995838
-0.11908712394690424
-0.9515413240657984
0.35194504060078186
0.35194872684734874
0.7665039502498291
-0.6196824301085446
0.5998369379553208
-0.7744314489602849
-0.669696722699863
-0.0022445228087714223
0.7968289209591646
-0.5505741140719034
-0.9135213415548251
0.11420146365131806
0.18235062132184215
0.808485081171893
-0.20993257755495762
-0.4861273156556591
0.04561324416864656
-0.24892734339001493
-0.5590628662335767
0.6963192763109136
0.282750952066809
0.2827665715754617
0.9840732418994487
0.9887447479575835
-0.528479462712435
-0.7309782359084309
0.31216958604304357
-0.7278408337411341
-0.9303807239587502
0.8424064220195121
-0.2854586261033056
-0.8057655906477537
-0.07087781156146931
0.8108607780615303
0.991786686681365
0.501290245451418
0.5423314484058369
0.3368437650731174
-0.17742071762347894
-0.6261474432563893
0.19616478937673104
0.9520381340971216
-0.13428030110260988
-0.3721148035637947
-0.18421100399463877
0.08789443466839918
0.09704864777177193
0.6768196564323783
0.1976897603647343
-0.23191463127873901
-0.4010844400898932
0.4610372384300905
-0.7755105091713146
-0.27483817301759417
-0.9372985374619489
0.3213993587605445
-0.13515206476441774
-0.3692002212150698
0.4980197205629011
-0.9525556329297359
0.32411278088918394
-0.9185246262246679
0.6043754566464171
0.6735706544373357
0.35600981245881086
0.6787990748446291
0.4024362854445157
-0.23015918067740485
0.014890726679279152
-0.37755856668926424
-0.0014341562278822242
0.35139760779689067
-0.08703948395081139
-0.2466790225677737
-0.9626718692531822
0.6467443676445166
-0.8915416109844854
-0.0014132571313347775
-0.43770231959363026
-0.5267651863636533
-0.8942846950433732
0.5484893821668866
-0.35716296310264556
-0.6456863411976193
-0.04855405062064791
-0.3330088206990649
-0.031892467810668144
0.8289232825275208
-0.02594120284202266
0.402240054277094
-0.8111284949190497
-0.3781522660968185
-0.7262849191194372
0.49790752435819047
0.39869629398812906
-0.07410188647278708
0.6691196899064864
0.4453459626140908
-0.6951485152706856
-0.7851039065023419
0.7081344935618025
0.13668875435398287
-0.3521236150005548
-0.04452793085037603
-0.8280805554779578
0.9226855176466613
0.3211179083991016
0.18343612117712582
0.9932610894774667
0.3704234602412859
0.1274112664127338
0.7240662298543783
0.14223992104914301
-0.8574424231658568
0.3538696451256367
0.7075928130118075
0.026775800347313042
-0.07975236834576446
-0.38846025562940567
-0.7362211254105269
-0.7561646932958125
-0.09114754327643815
0.26290359157220883
0.7539408724703637
0.08363763391899247
-0.8964065692377664
0.5828125572699753
0.5187847303115591
-0.35452828156514876
-0.25871141661818203
0.30684398038983063
-0.566940901843197
0.5185052025557801
0.6095471698909143
-0.6895253537492472
0.9756427898753477
0.45263143136908046
-0.06001112524432684
-0.007580953134134464
0.6383890575233356
0.007244999112643615
-0.0025372277829350653
0.08864627115002785
0.9667586277389623
0.16561450230191857
0.8905261841001629
0.14414886107129463
-0.8331582644202209
0.6287880769899086
0.554945050018195
-0.669316224021458
-0.2229676719688945
0.9450334166171976
0.22043476475897902
-0.0723187738287356
-0.12049438704236201
-0.08602492907212622
-0.4697987581623297
0.891093849654647
0.9523033797350848
-0.9246054788736975
-0.023914389279061643
0.5176339781534083
-0.5832231857886125
-0.13832920834713303
0.025739677638237944
0.2623972353930721
0.8532727808999792
0.3831145959613273
0.10608472395732343
-0.736021629716794
0.20183978963770122
0.4824764897287776
-0.7844649645503657
-0.8158873999105165
-0.7023897473268703
0.79236747418978
-0.13718751433897636
0.9016128423854594
0.31672229186373174
-0.7614412415668036
-0.45218943984576115
-0.513657954243221
-0.2880754939655309
0.310655369640508
0.2535526883284461
0.3730826216932801
0.5685104386948387
0.5517939444161117
-0.7575085384692177
-0.3049884508213989
-0.19442258975616022
-0.2774293178701266
-0.9761335456926831
0.9017102427470863
0.9529238087007331
-0.3698889627277637
-0.6013964994909102
-0.9391909223297931
0.5612425899539866
-0.36034820357055836
-0.9892310390103808
0.13123325084509058
0.9212602127962628
0.2830087893443041
-0.8439981504925693
-0.8506755954531213
0.5090507852856502
-0.5555107361627427
0.6287252944079902
0.2097749325902329
0.9175543676866577
-0.7327919825699111
-0.7418548105822361
0.5005844845594642
0.44937768732314565
-0.6023214522704683
-0.3957293861230804
-0.29247138814285534
-0.8481848011867577
-0.24333767889147073
0.5730566637256052
-0.8665876563098788
-0.7334779616721566
-0.37439116121990357
0.16164223195737837
0.6806144758381607
0.906486865024924
0.5675695715022524
0.040783019504157296
-0.5254825177063348
-0.577472456426208
-0.026439441926240214
0.35135120087806
0.42022937716846426
0.20998759017607313
-0.8379706978590029
-0.8629845347487465
0.8220656743018485
-0.9945373412320079
-0.3995058933596816
0.01116060547316259
0.6027957727821414
0.9982013154622078
-0.4679614855600014
0.548891499911732
0.4186037201453381
-0.5213554991341955
-0.535109238280272
0.8458960931772611
0.6946593546910129
-0.34086789996595895
-0.13748850318548855
0.5989042539824958
-0.2592849940739633
0.723136065450898
-0.1472895786931175
0.4963860763432675
-0.31451117109393606
0.05617950870822643
-0.21612453597174355
0.728893782367027
0.0457666925815647
0.14924325252154524
-0.01224677525384005
0.284278548037029
-0.27671035062595495
-0.74704708531841
0.03120481737558249
0.4035303949549274
-0.9040721833146308
-0.3227790014165728
-0.7673053222687158
-0.47223772717779844
0.9833533167898951
-0.9514649754344571
0.5224116606899696
0.261116157244628
-0.70687579974006
0.5178030304080312
0.7872999410872982
-0.840953057462109
0.36272591464059495
0.430198190553347
-0.3920865938955915
-0.27392815581781893
0.5823888544848325
0.9542375886436325
0.33894271641790286
-0.9485524001406498
-0.8661160448341061
0.9928529424763182
-0.1937595136987148
-0.2296381585334236
0.9766009458997521
-0.17452100284052907
0.4434424236652369
-0.429366851499333
0.40092200110353793
-0.6588048494214507
-0.8267313272378496
-0.8552396326431249
0.6072089000213714
-0.8780903129614193
-0.9924748246837178
0.3714197257590956
0.5915028502457716
-0.16427014696949047
0.8306229962043615
0.9453709118234432
-0.001760080298088031
-0.9619526565401485
-0.6196784204885629
0.3247378831903351
-0.4451477965161603
0.3407516774765874
-0.5864221926069395
-0.6984860465919344
0.6257353429081601
-0.9048098919464891
0.6896837248945479
-0.6473816780271259
0.779537571929508
0.8827265776786082
0.7892928850838286
-0.8752682924255669
0.8293031837755055
0.257290743124875
-0.12880046543093293
0.11842771560995713
0.562792124876148
-0.7447887988859565
0.28467741315701234
-0.8862639774313555
-0.17810875109866783
0.547873669967975
-0.7105273211940407
-0.6065028438284752
-0.22967917931320142
-0.7326897094497368
0.8016590784771404
-0.49374944594302006
0.12256839032920756
0.9158323565626303
-0.5843197057043453
0.98527120154184
-0.819407963833713
-0.03711890980832753
-0.1515491158573731
0.5291260016808367
-0.8418217649146341
0.8790262412727413
-0.2631851672368046
0.6042991883508081
0.8398648673631127
-0.32346368315840346
0.6871445948327661
-0.04642682903654283
0.8957507880312121
-0.7153962522885253
0.16921183449771657
-0.4506939453884498
-0.11032766829178696
0.6315450202637257
-0.8398510552066416
-0.6756465294375507
-0.49094464716712494
-0.1904074545531978
0.020081131483144107
-0.9057803651088372
-0.16498881495357628
0.2092679914315714
0.5144999552701758
-0.4589509321534801
0.6622316562183415
0.8580467069249595
0.593448720457102
0.8268637306785691
-0.9555568468846155
-0.5666401019234993
-0.9103930444668603
0.0025654796542190932
0.22274559535463984
-0.71296055728446
-0.07313638675030987
-0.6418732217199892
-0.053086504578945704
0.5568590462139389
-0.8906285341332255
-0.6496890692944549
0.6879727549637448
0.9188815268189195
-0.3716058582583439
0.02213552188686953
0.3324845979432358
-0.17781498093087894
-0.1399786071204937
0.2017212831321407
-0.5268067440563075
0.3290636442424652
0.9523468073355363
0.24927193208216034
-0.7944219663244315
0.9896216371026009
0.3395847793613619
-0.2578481337180268
-0.5450927088105715
0.6973225819090867
0.0439992512103179
0.7671474580289941
-0.9547493915621887
-0.11417423264650872
0.30720402095460986
-0.3197681421753642
0.766140453835529
-0.07084084762531795
0.24456456362297324
-0.42406035614045867
0.1938220902336033
-0.42512495795975
0.9642212327050356
-0.40269219789468663
0.403369281099022
-0.6345936383686528
0.9463346737326624
0.4889821591715064
0.8349959244361105
0.6137534298403942
0.9162703254537881
-0.7181545254570165
0.6291935469651654
-0.5237052158371962
0.9361501338716431
-0.795699048507487
0.3512743245206402
0.1353831339267826
-0.5003751495195776
-0.4930475621657701
0.675057443649446
-0.3969396165776151
-0.2681954843525973
0.4058909890345632
-0.9732525687458449
-0.6822103992232629
-0.3765336421592603
0.1452031033175286
0.0880558184966701
-0.6345030078686098
-0.7419378502407958
0.41393249147761735
0.2785213385249371
0.8113771688710246
-0.2374565234643886
0.9243013992185223
0.6471809036615671
0.5716761123904707
0.8721263093482594
0.04180218399128665
0.07800948263565861
0.19880133221329105
-0.2557906984019519
0.08103977975728929
-0.3374980423439458
-0.20007513679605884
-0.863207426264664
-0.22856784666725113
0.47360665044784245
0.7462466789073765
-0.0680279971431117
0.9989820232967581
-0.5159740767511052
0.5435030963924932
0.863496159361485
0.1009294839039845
-0.4698903954236235
0.5597251923444359
-0.19974973247420388
0.3030751058435578
-0.9443624625409618
0.3613396422001512
-0.019545831767293215
0.4999536568012951
-0.4959603953248288
0.7429237833115474
0.3783049945968857
0.6453224449787309
-0.028757862029216787
0.03300221279405362
-0.23847201887406666
-0.9296690385007736
0.7439837564929564
0.3079799843745699
0.21200947126904535
-0.5864184393180865
0.5653810520239478
-0.19980914609203348
-0.6139828466668891
0.1604614139702769
0.4749771235276772
0.3205616144323289
-0.39762228011197215
-0.35808543638733287
0.6466254202682008
0.4375133484119336
0.545129717662426
0.6602790296544274
0.525020951544056
0.3667690630154563
-0.1657579845783671
0.41551818778165306
0.9471482356091591
0.465217221129349
0.2674244565341931
0.03495493939664764
-0.6620069342639735
-0.02559843324600277
0.08532108643512984
0.36047305676816493
0.00452756167803924
-0.7923560694543378
0.013877596559909404
-0.8250674559370851
-0.930307488972371
0.0030484252065448025
-0.7440524504044266
0.41635371170224555
0.017088205613581042
-0.061064229853665886
-0.691626702282014
-0.9835077966017849
0.6083889378381928
0.8547142930264572
-0.8816512644756234
-0.6445520252713397
0.29368310844969364
0.5492663039935803
0.7288104368579251
0.9767537543379471
-0.6036992514934636
0.8302273522061254
-0.9947762968352185
0.9137259701602665
-0.9713006853848649
0.4355381565729995
-0.3042807250433728
-0.6957830997843881
0.5260938911839664
-0.5082211953138376
-0.15258392533611365
-0.4065316075970271
-0.5572821079047987
-0.8929668875943118
0.2383457014763668
-0.9547593940840284
0.32660855907366537
-0.11050215376824024
0.5505097010663431
-0.10949182595642504
-0.5395069063008506
0.42835602649704213
0.3747126423897531
-0.375463980123782
0.7898020492888123
-0.18202213072752133
0.4144304598811919
-0.2696532877898718
-0.17376601429576108
0.065471508408883
-0.601303512746967
-0.5788216580631866
0.8670258464987635
0.7252067511509889
0.8263039448177678
0.1160429123726423
-0.5043022718054788
-0.930628886789099
-0.4186293879064513
0.3446979440547029
0.6498178561316883
0.9497879687355337
0.3689498189095375
-0.9051684261026431
0.6877454370110143
0.3762853016358807
-0.3471808009795352
-0.45284081726799763
-0.6857600952345366
-0.24846486567183756
0.6538767954557133
0.40739775764467406
-0.6749450128752755
-0.46985831037977965
-0.07080050212600869
0.7966629572253393
0.6098822207112427
-0.035270090286761376
0.004313426861745302
-0.7382359090186125
0.6998330085549902
0.24442417716835874
0.16250554854785082
-0.8801941911652535
-0.9363943799939092
-0.13116520354006056
-0.9513709569830815
0.2878493663350661
-0.06831579895779982
-0.7234566615377462
-0.4155608268666029
-0.8487306533047907
0.27302013313788365
0.35052120949863963
0.7143450150282369
0.6842693144594307
0.7343660100071439
-0.8144388055004457
-0.24646061036792766
0.9749498833365959
0.5564279734786993
-0.676445909589484
-0.6857554699737939
-0.8982322557253555
-0.1627914683653425
-0.5108338908818543
0.5856402307449818
0.4848712565714766
0.09664673143284078
0.7970427416856932
-0.6200036664633579
0.8086371217587822
0.8784159628549181
0.8190377506167623
0.8349519718752187
0.6685763633654669
0.41966088220468367
0.9106203974710798
-0.6504464662900549
0.4306156814055957
0.672253925383085
0.41165210705699895
0.6554284648644602
0.40072997427797374
0.7549325538871436
0.3552091766666834
-0.012365893468995859
0.9895795046331399
-0.7623942283324031
0.17751494366310316
-0.25723690680621103
-0.521915715640773
-0.0026616442952205333
0.34042760209703604
0.6820074287435709
0.1199743013504091
-0.682577889524113
-0.558451198042256
0.5259478670945728
0.9228449320684491
-0.9178818779480005
-0.38780934768036546
-0.6614000070246999
0.32557971775911754
0.13010300822525167
-0.1309939367570585
-0.5525223454404529
-5.980993961776412e-06
-0.9457954781777325
-0.7696339326094197
-0.5421500969000035
0.8934765294655236
0.25419737057567726
-0.6956696003331215
-0.9343175723191606
-0.3927994784611828
-0.008759687398454119
0.9533604738474684
-0.9926229057663343
0.9004783182745595
-0.39418719270710434
-0.8112403648430255
-0.07155193491671974
0.8909704807727372
-0.42921670029901615
-0.31559234439977946
-0.478636598298396
0.828210947145082
-0.5579743410181086
-0.8486713332577753
-0.4170659019978826
-0.15011036507395614
-0.9353461463031987
-0.05155347312247294
0.014958937161470232
-0.8855760087712281
-0.6491333140915405
-0.13988948077539298
0.6414472309742489
-0.581151802263628
0.3365384827378375
-0.6394239745699486
0.2701830454736629
-0.5690944382975467
-0.02400986298380081
0.11176853541293297
-0.9572582648882699
0.1879202807617013
-0.27716448720407816
0.659877113360368
-0.9012951897622292
-0.5415122508467478
0.532612064026516
0.04104845611704544
-0.20723442925381907
-0.0748822665594473
0.669583376026939
-0.8466559614225915
0.9710697843169465
0.9212006231568344
-0.49536632858402396
0.35266584111921073
0.4277000952777661
0.14199746568370664
-0.7948220161385382
0.40144595296302676
0.3901041939909813
-0.0718959142389779
0.24843386802293255
0.7520819087275565
0.5470907945408454
-0.42078606785628403
0.7508205995556234
0.9425069046134538
0.5039213069294382
0.5443019815411148
-0.1545380167867428
0.8303755005508859
0.5947695993094823
-0.009046275548664525
0.13929890733693798
-0.756743319784202
0.05617120092639327
-0.7506833093267387
-0.5470966152757235
-0.8001376829757911
0.20655380162512074
0.022609210704407398
-0.5599909467193187
-0.27818406154770514
0.9570270669176353
0.22235721517935314
-0.7801958814542611
0.011161615696166027
-0.010997722178384128
0.8297048236852465
-0.5764927349458742
-0.407331373813659
-0.5250912091930457
-0.7002465413750013
-0.251581048814893
0.20282497562411417
0.8394921055590727
0.6082870730638557
-0.49058907196912943
0.07168811383395292
-0.08490202966174734
-0.6916760044936031
-0.7018445283383477
0.41471966179730546
0.5534606466110239
0.48861455739345083
-0.18025438568310392
-0.6188200240026338
0.18532710891721058
0.18611770527079396
0.09052392797676466
0.999138906280886
-0.33205926192635693
0.09522320096579517
-0.07598918728380988
-0.31013780484590336
0.8707055278198654
-0.2737102882320359
0.8336888232874986
0.8405500228500855
0.6094652264306462
0.8002195473955903
-0.40529836243483874
0.5082214652242601
0.4679622815913851
0.2915233798057365
0.2243658878302304
0.8086197094925865
0.8928841559491448
0.953209501272658
-0.17096953252208458
-0.5454960299065985
0.053966171339141555
-0.07037189131381603
0.3782517238802852
0.3884861439577577
0.9113278689404269
0.6658179999909987
-0.7363481869229024
-0.32670148869892807
-0.9893117245660781
-0.026764137654064823
-0.23382755248904763
-0.7894340622518226
-0.9424280339991113
0.23316769190542486
-0.6248960897331284
0.9976879841533983
-0.20497025442674774
0.8791463075992997
-0.3812525985702589
0.6488027875008541
-0.2876784893209329
0.051060301081755924
0.259609388860774
-0.5984411264983935
0.871262486332575
0.26122083703750043
0.3308345602418865
0.5631677582958433
0.19965278153997723
0.25840762917842425
0.4036917714099148
-0.2972272553391397
0.713321001779212
0.6847995645150237
-0.09087331242529863
-0.5071611028798855
0.5615516698369352
0.6636486057442887
0.4723579200059056
0.5610596592656718
-0.42328274817176204
0.9813985026573446
-0.04252856265341354
0.8052577733949642
-0.42196345257746887
0.7100045427024632
-0.5828460434890359
0.8080482735000911
0.033362376361062006
-0.41946363875116116
-0.19714972057736985
0.0072205297639531905
-0.4269432439414834
-0.7011710482798378
-0.2177293086459562
-0.9901161572913052
-0.8560873530279569
-0.8808254257289678
0.1869943927336781
0.04548111162168372
-0.14923586363383493
-0.09607807741208003
-0.1974849133160035
0.25427118669017296
0.27063146315865727
0.8351351998679024
-0.703635115397065
0.10532667856371236
0.5090074149766213
0.384492727803204
0.23520568153383725
0.17499597416531046
0.9047755739121943
-0.8406086749196041
0.9237671543909584
-0.3666188905109701
-0.20069532390852862
0.24314254422073114
-0.7303187100555827
-0.7848030336238547
0.33538728732564205
0.38735900852070954
-0.8524225027698237
-0.3577203609482331
-0.03880729404065132
-0.6193670321028968
-0.12003626181066383
0.2463130509927499
0.40371141889041606
0.8528948563590015
-0.7693591922084072
0.10033432040982586
-0.4619285814743771
0.11791740454385535
0.2707703475087837
0.3380176036510867
0.27433961096231085
-0.19032713319153172
0.07868306892097054
0.10131298806241254
-0.8558998526665045
-0.16025206233779254
0.014699907354448845
-0.447417669478629
0.5266861908941891
-0.8875808806177357
0.23921615114280934
0.49948669731169576
-0.6414365601798454
-0.22691040556046158
0.43185503584068047
0.17605086531599948
0.05783702136789297
-0.8742367865614178
0.6908217162050213
0.36527181284766563
0.23534098306367496
0.4694924316196292
0.4344674128022867
0.5696788854464394
-0.8639855088115398
-0.6615475074861303
0.003999732011271684
0.16503576038661172
0.6447012346377865
0.11925578131293535
-0.47019610477443374
0.2117720943351524
-0.3796014685239636
0.25223228925939717
-0.6365078746246051
0.5943150863680371
0.7419474443588172
-0.34344158768101746
0.48284250415245167
-0.5951948581691241
0.7185554618039539
-0.8139348792278446
-0.7368225508945144
0.18551613193390412
-0.93459590683973
0.911952652217751
0.30204575042213505
-0.9468335802779633
0.53298046690649
-0.19102983805380624
0.14457643001573095
0.6233342367665746
0.4999819185797225
-0.5257696030007506
-0.03659271646655049
-0.043947593410749164
-0.25858339749443937
0.4815609457103338
0.6233935200113326
-0.46495881763069086
0.3389919971412885
-0.17919848650664788
-0.0903607288814885
0.029046751065708518
0.13806656132631134
-0.2593547831615907
-0.5615322863947462
-0.6574122196079253
0.8666360479206742
-0.4540163124518625
0.85453635071943
0.10814385372007561
-0.8162384477141373
-0.564458140314103
0.9690031292604617
0.17409017035359292
-0.0845231801537333
0.09088758214605139
0.9355648598432337
-0.2558383624742637
0.6918350813758039
-0.6148223748897821
-0.4688184183188733
-0.5852378971238532
0.7477576322594137
0.4079944918456868
-0.15200106961345178
-0.9037407426317643
-0.12178336906273908
-0.5698554080572079
0.03317487384813781
-0.4358854619707566
-0.19165881347081712
-0.4767581553083872
-0.683125639637429
0.9548360040968801
0.4067945209058179
-0.1390518143090306
0.9496273266071779
-0.04340139167296879
0.19582096730484744
0.10321858987058986
-0.6376670129632515
0.17956095834029814
-0.9274413378668239
0.7888319534975496
-0.7814149045217545
0.6497106870740967
-0.08601059230333918
0.6036977083661557
0.9581694476818321
0.10428664326870751
0.7697277408667329
-0.21286034308054158
-0.07749125238572148
-0.9652926035182365
0.5911787355237523
0.042722236289575354
-0.10169018301058357
0.8807172880351778
0.9971541298924346
0.2635045448959196
0.44610065563626305
-0.6279566852401636
0.21360530808772796
-0.726359583748562
-0.9366937203422405
-0.8252377761545113
0.19329981823280154
-0.9421225498767293
-0.021595898949772842
-0.5636718384245657
-0.8978939799521548
-0.13056354588752817
-0.6685143194321436
0.10156929790499691
-0.3163220283311934
-0.14210366281057918
0.6352546067413949
-0.06038109878935938
-0.6722193063287805
0.5507821514860243
0.28820050011766224
-0.40249688859084
0.02691500900098477
-0.3850946224874377
0.9561682929579869
0.41890503242292115
-0.5519500078857665
-0.6169570745906163
0.38218826933499467
0.6688921380537136
0.6987486605896931
-0.3196392724140261
-0.6575873351743706
-0.9908721116012014
0.5923787815893515
-0.9569985493562831
-0.6056367776642042
-0.8438938245046936
-0.4028880797828886
0.20119926709478497
-0.330902106262564
0.42018037150059717
-0.7463135131761203
0.4834298329578355
-0.18612997001449272
-0.6912174443827783
-0.77969302670273
-0.6979850512644818
-0.9808995484666035
0.7744834345150626
-0.37715646666782326
0.21843938234794144
-0.25673603962586655
-0.42616647166734856
0.794690230182672
-0.7357800344305842
-0.9741929244838515
0.6910205009547774
0.2168347984822444
0.04041560997567967
0.9428777965854906
-0.007459648707027985
0.0710169998644701
0.5363160718583231
-0.3427217118096196
-0.9170757756685711
-0.49903629103246516
0.14653833740703048
-0.9798116249692075
0.42365898941351166
0.237542097203981
0.4512260688040557
0.6772226641233248
-0.5195280207630513
-0.46299816343038547
-0.5018789815731277
-0.7423575820343346
-0.1758949718246324
0.3793602397192362
-0.2924371080594371
0.7434693864606768
-0.5824476316326621
0.06122106264513219
0.6769025698728239
0.21738464265559196
0.813505926738857
-0.44221951805298143
0.9281962339014393
-0.4352998339851231
0.44994110690563777
-0.8478359130955389
0.20267102887368962
0.48794405331000057
-0.16272668055723297
-0.11283710409497118
-0.0016619579903640646
-0.13485841479690686
0.31915142753409326
0.6673292177577406
-0.5211293039087626
-0.10021541628615638
-0.6083106387595365
-0.7147431590762041
-0.6337301597131156
0.9295516094831263
0.612891597891834
-0.913728775544921
0.23238452098442053
-0.46876405913676916
0.4918942101299974
0.05036368634504021
-0.3200360072306716
0.21712909129306113
0.05954034071302531
-0.8719042957180825
0.20899940204654874
-0.9931762533361976
0.349580982363667
-0.5536728018518836
0.015408040551083019
-0.5045726333504028
-0.22774902313233528
0.7777848667776014
0.16481338046549593
0.33995850439129716
-0.661709189073657
0.47921812945797204
-0.47538792473266067
0.9257294581780837
0.8200366709565909
0.28255454765100874
0.8099331194976123
0.38853044761224226
-0.8718411703487521
0.6820115036871582
0.4351133601344376
0.3002738346879945
-0.6592002482858959
-0.22764456122432947
-0.10155813977275173
-0.7128461321440444
0.8848033676892569
0.5580152120207973
0.6221929872865252
0.35002852989260025
-0.4983553762006914
-0.18645573397510798
0.8361758538458274
-0.6248219710037846
-0.0026851636355381407
0.9446213023162731
-0.8823264117993672
0.12841315991072533
-0.2923312907400343
-0.016819620035903426
-0.8894698793856202
0.19479081440182644
0.31214540309752214
0.5978009280994936
0.1807508633661314
-0.5507073793071025
-0.18134799150616598
-0.75277154231127
0.23560121545542304
-0.5292235311795063
-0.960815373984442
0.9161125046965242
-0.836836000361912
-0.4928257668440776
0.905891494027429
-0.9419783010327127
-0.905164900647009
-0.8909718707296399
0.47162799755022916
-0.44860258963181904
0.07610696544451045
-0.13244079491749775
0.25357351470653977
0.6249693228746863
0.3910749664038318
0.8460108026913952
-0.2765453260553139
-0.32391714823686635
0.7844709075159759
-0.7533653801024096
0.35477615225703674
0.02641753400854574
-0.6909679743777495
0.21984271970881733
0.16770678847352574
-0.2559182848879142
0.6864860068104425
-0.39650661241109675
-0.03177137464119453
0.335880725483875
-0.3665102963025939
0.16172885003634657
0.45996592835525796
-0.3922516751706141
-0.6658546472369529
-0.07796350825808349
0.6412965778880412
-0.48272244126325775
0.12539994896431578
-0.6375664399614087
0.5141072050431132
-0.5400409374024531
0.3103110498364853
-0.43218140804711397
-0.6874189469059503
0.32560974424322575
0.22939386612402823
0.776418463418898
0.8948151509058999
-0.5830352550747915
-0.06422397757814371
0.9750992230744584
-0.7662792452222592
-0.2311354656471289
0.1669115511034447
0.0662799138759231
0.9134906029467262
0.29959928589507184
0.48396824876581035
-0.08205636058062932
0.2186313308794928
0.8671911952179623
0.4634903356479398
0.9422423504949572
0.4475787330143235
-0.8973013664603093
-0.9046520822288188
0.8918659776393038
0.9905240803366022
-0.6437152516492682
0.40110069793162945
-0.04748164432068515
0.034939785987539426
0.7341330710810523
-0.3020839315776638
-0.7884554111184112
-0.48863002093928
0.30486410548843956
-0.023134953875642825
-0.010844453541556234
0.8147776256610185
0.9033000221121394
0.3217778919421319
0.6554738463563479
0.3571999916284558
0.9172416040314787
0.03145938533907254
-0.019780987591407617
-0.28284948926541176
0.5058792621107296
0.2606038890570737
0.8048305743711512
0.04387104284170235
-0.516419198820424
-0.31079398393883173
-0.8702189308202547
0.6958092394234597
-0.3575596235938838
-0.6430761426343317
0.8368728704836322
-0.5069691794715366
0.40711161328207823
0.8053499263138686
0.9044808810629141
-0.12425726534282955
0.6979622079228733
0.12815052597020374
-0.025461228395957346
-0.7334103162334419
-0.30246882271459963
-0.9658585821972694
-0.29800598764734265
0.2066062424725944
0.46113914344681756
-0.35124504101131204
0.9784117597482831
0.16381277153195295
-0.07888600349771592
0.5756297860044622
0.08183615174552451
-0.8266152674321552
0.9117823958299387
0.5815574442728295
-0.6354830042883313
0.28877237543592127
-0.13151526320383267
-0.8129310141376468
-0.1999296536922885
-0.7393107185710117
-0.03106313111872283
-0.27845411804095366
0.6513534765930671
0.507400087281195
0.2669768439010227
-0.6169617245242749
-0.23975534709177637
0.6155333722284755
0.8743615232396427
-0.14269194290514198
-0.16196469523880605
0.36519731602147126
0.9214501514878244
-0.7639730771662826
-0.4155295074914693
-0.14060999528519255
-0.3374177565222538
0.2523251277826288
-0.2152865034402547
-0.6113512217014738
-0.731160688950639
0.1019871639182871
0.948961779040761
-0.6550310066521001
-0.986067694123091
0.8241606961024448
-0.47974027751341497
0.8380756013778989
0.6020743735476368
-0.6447082223850438
-0.8808844116977275
-0.9081905750016013
0.6358772927969785
0.7620289096247399
0.2265722367045253
-0.562846579373109
-0.548702170802868
0.1874210680940824
-0.5055566618443499
0.5138902938800539
0.32938680679628135
-0.16066999921165387
0.9081728251894929
-0.11995355005428214
-0.8808799999455982
-0.4328088512659261
0.28934127487328104
-0.5893804021998067
-0.0490260556867336
0.605324279967
-0.06964529389947893
-0.7787009250442736
-0.18831693424549067
0.9746860039027772
-0.381641479772014
-0.8188668629534008
-0.5104588718146592
-0.7804284603089235
-0.34987504576928985
0.4780767970522788
0.8059198149453677
0.30777744735417345
0.6269596980303547
0.4847436218627996
-0.6899824225600317
-0.2509515548498903
-0.3968745799549213
0.43053603198800805
0.5066640713320784
0.08318637645550465
-0.6021319895642422
0.32384623117454775
-0.8077765893255374
-0.78801449202008
0.2827829505991098
-0.5063450125034945
-0.47145839959605074
-0.3334611478611089
-0.35010027770406693
-0.6619369138829907
-0.8039112971991591
0.9333345777305564
-0.8678104575186805
-0.822418064367578
-0.14297849719872202
-0.5321129168130787
-0.34883932388642647
0.2836544133208343
0.2287461869667342
0.4854577137153875
-0.9978955420705822
0.39246763431622456
-0.3089333543926023
0.7529845504303594
-0.3827455205175529
0.9831940807468647
0.4651353720734326
-0.3895802850354568
-0.5970332590373033
0.9698797889752645
0.247626936178226
-0.352090626731554
0.5997138195690539
-0.3016202667630405
-0.22984489944084943
0.9008842177460592
-0.9554773446025788
0.7082742693935782
-0.13947953902813826
-0.12812674653950196
0.32616416910917634
0.0797100181472501
0.06115977695719188
0.8598667236107529
-0.9980973658619448
-0.9273434867118777
0.18004872979279107
0.23854860595282568
0.29974243837726333
0.8739822990453603
0.8796551045442604
0.2621761339933981
-0.9893974352503019
-0.8305718859626919
0.7633433086799746
-0.05653245512638003
-0.25633522391789043
0.49029939002771017
0.774794975236359
0.6173211499424551
0.348284853716073
0.9354695924941954
0.2362759689599252
-0.18390003220327333
0.2042723796032655
-0.5108795101043964
0.27003753989525614
0.35309479587058523
-0.931097702747355
0.9811921765936502
-0.03340058872072782
-0.3218106641668457
1.4126367432510009e-06
-0.45734621107638906
0.8614782502764804
-0.9199777983185025
-0.9426456707534521
0.883760369298352
0.8123271128415497
0.8153170196751593
-0.693191963508341
0.3081732006539779
0.5671708741321004
0.5178177457574453
0.7256516886569393
0.5319798798830389
0.16073335131621236
0.24825917491341953
0.6004407730099093
0.10482013528616685
-0.1352110023746076
-0.554448922160552
-0.26710171695645735
0.09393708083082597
0.01045507180073435
0.6483872641131845
-0.07173626424749102
-0.9828623452141567
0.3920732413493977
-0.031956323795302666
-0.022331741731542953
-0.7683892842668638
0.79950064949623
0.31944253889658136
-0.2701057145097059
-0.7125949285012767
-0.171766451045251
0.2510390686095054
-0.6815824204932366
0.8311401473650684
-0.03210007085387079
-0.38673501337257243
-0.41217921935262414
-0.6220437973493231
-0.3139532556778182
0.4449533659173961
-0.11929793587468218
0.45326726003517814
-0.5904382149877683
0.9671435332813487
-0.13129189603475222
-0.49332159773773987
0.7747640875527331
0.5968726743459134
0.8342421554542279
-0.27654024289329127
0.3365180500046103
-0.6103279736151559
0.8815114627595657
-0.5722340860316568
-0.9413331139363399
0.37715904872440054
0.27052556312235665
0.7207597724961241
-0.1200955433957458
0.3751939629182508
0.04752135154775328
-0.22265241972259076
-0.7542734591537892
-0.6359511901965991
0.4557303839828659
0.2799677262985302
-0.06011631700743792
-0.4816370077020753
0.602240850331355
-0.846964369563622
-0.4764310449377118
-0.8835683293541494
0.05126648699177272
0.3074566332555393
-0.7466913100898018
-0.7312853984233816
0.6496656834060286
-0.726735323048491
0.15001605554621666
0.32241572896846415
-0.11299275545789378
0.8783948855569752
0.9305645374234826
-0.5850144553113708
-0.31071423241934215
-0.20157345540997418
0.010191119975254015
-0.322404546850261
-0.8611867813617321
0.32371258734032266
0.920411829259112
-0.9160632922495036
-0.781856850952563
-0.23017897397807624
-0.7856021239407761
0.8865982716824512
-0.2825050912603821
-0.8239039065792949
-0.8985696326194466
0.9566562118977007
-0.009658238875403898
-0.06619764374279426
-0.7225490592354485
0.5475139712565934
0.1287512465286035
0.2762664726030208
-0.28635306889860934
0.9836951033873167
-0.05872949410760975
-0.6356594392497472
-0.8241632402955053
-0.2789449730085942
-0.6072120206654852
0.3662113016801196
0.5232989626122027
-0.38144828509294504
-0.6586907870878287
0.6808226025665398
-0.08215057801889374
0.8173121942261786
-0.6822003372977258
-0.5738680869980711
-0.8456134841333472
0.2668698109596602
0.3708064547401758
-0.6884683106405067
0.3170340144697306
-0.8550777639053453
0.7953744866595135
-0.47500361420108267
0.3816006158385866
-0.01318434689771933
-0.06825777137340872
0.29718610221557856
0.7348823593948821
-0.20003253145854938
0.5277583898369351
-0.4442399107795494
-0.6962173865453147
-0.5847836351385345
-0.2275279332960003
-0.16425764412137966
0.1595670408718033
0.4246184358849179
-0.5590726530152871
0.8095545163525132
0.3140335855191447
-0.72153030932748
-0.005592548030553347
0.5016729833557925
0.5737107906119491
-0.25251807663347314
-0.8708951182527318
-0.8328774512013799
0.4184360752598835
-0.6720256007880588
-0.7740245506049303
0.16316599741218943
0.9484178345041572
0.3473594973141991
0.37125780725268615
-0.6110167086367866
-0.7627544239920955
0.07156487051220672
0.3526749743751525
-0.37034763655205727
0.7923987452906809
-0.6080033133670766
0.539884984857572
-0.31637263369310054
0.42969497672400325
-0.3344555521648642
0.7849030870526773
0.4256330935522189
-0.2188650918480732
-0.7821825353739916
0.9957066321692972
-0.3754532426463958
0.6075851875611861
-0.8247326855076018
-0.5665802683474774
0.6709782464766042
-0.550012419226256
-0.3578488872446919
0.27264259481323294
-0.5511938767593006
-0.4681505920159685
-0.7776098158245754
-0.14810002729338503
0.3350890649823107
0.8724748202510284
0.9365348971505922
0.8137030625029813
-0.05231108810723817
0.5736489987004134
-0.6451715711226982
0.5510930497879059
0.37940819370172885
-0.6436815207519313
-0.9722375372265379
-0.5106911597684346
0.08810583014006888
0.8511851577457128
-0.28733952259235096
-0.8621372855822573
0.9265682349743517
0.3497020576246155
0.7932809205657819
-0.13594604364163337
-0.20418274360625444
0.4126109977652329
0.7858622317717375
-0.0441995001994103
0.36810880771962384
0.7640280506986941
-0.41432175017489115
-0.022940820218536086
0.34066210756415816
-0.41204295992782686
0.6779171050362698
0.43356127772623454
-0.6547269973712899
0.4569976029701124
0.19425835553639392
-0.5998195644529596
0.8739394333022845
-0.02222015295337055
0.16053546560050344
-0.6495621192408415
-0.2412314480889334
0.16011581831468782
0.18490762550055304
-0.4468571532990679
0.3791447428787224
-0.30498580934200176
-0.9996513511854194
0.9348620230996276
0.8552968067603296
-0.664502585596609
0.8652858979765061
0.8360457495586875
-0.3722596541823298
0.39313305271200116
-0.9805846361603381
-0.2572858350551687
-0.3648501397924443
0.6213780221904364
0.8314531818492843
0.9137650757115097
0.7059625925314834
0.9814505716404536
0.6366252141327009
-0.10356701667409918
-0.4967611947774905
-0.3217495022252996
-0.8997134222683604
-0.39957005514843447
-0.5810838594336178
-0.4136413814458989
0.9927780230045543
-0.8025135438182947
0.9994107479528862
-0.6129536461189347
0.6011215946100652
0.8669118979923188
0.6989434455603113
-0.15264458495227382
0.675250129765409
0.2690668174045042
-0.9497048655556082
0.26310934091641053
0.9738907274647107
0.24351937708472499
-0.9352850484962076
-0.40989895275740285
-0.7414500219748457
-0.2256246695700359
-0.5941175584804568
-0.26908852356258883
0.5914654278560911
-0.9623163965026913
-0.15401650365172764
0.0634492049477507
-0.8971745761352198
0.10147859029312911
0.6785532892138301
-0.46423518563787153
-0.617173790997715
0.5938630366239961
0.12994496883818088
-0.07721411069501705
-0.6990271097896864
0.9549742019500913
-0.7087874502578244
-0.1530881758506692
0.6000550079809069
0.03852041149044662
-0.9600659983880625
-0.4418354062373559
0.39940487326125235
0.5996767093138988
0.8971831890821248
-0.130670290093853
0.022594192067212582
0.9840777105262757
-0.3454393210856217
0.9282145263219765
0.7816528799934241
0.8915125985697676
-0.6071172410384967
0.8637937457682763
0.3889111312552829
-0.11818203801468276
0.6151198575882618
-0.1692603302233754
-0.6978604017247424
0.9690508398435387
0.8101225977139279
0.6434293645131789
0.9985918344135393
0.2209223564143896
0.09193298115850838
0.17363438876487255
-0.17889179894828539
-0.07778662985623526
0.6324461144780619
0.08255049836299201
0.04057554733253203
0.8896017854339766
0.9219944292134303
0.9872589790901252
-0.3242036429929418
-0.0579539108531284
-0.6915672939254418
-0.12399371099800605
-0.12526085034028234
-0.07524726801016124
-0.94919939100489
0.612279385823382
-0.045249088098907535
0.04860659262509786
0.19097570543637807
-0.4110931262729172
0.9487306714605451
0.340779105902477
-0.8624138626539377
0.7722513831564177
0.7796873539330513
0.849890586101425
0.9977817433084641
0.7449238443399473
0.6681206616634596
0.6977863571506547
0.3663144930128079
-0.6790555677754614
0.8721027315242169
-0.6415632194927803
0.5886570940456576
0.03720370714284549
-0.7165638339152696
-0.9039525126864798
-0.06865725217946972
0.9411998047714305
0.04168231734372063
-0.5555734860824568
0.1624658270198891
-0.04987282996912723
-0.714182028989031
0.8106952526357053
-0.3054337666615766
-0.7231057916515874
-0.06067574331338128
0.18632847150769985
0.6177490467447309
0.01772037570191173
0.9184784490941624
0.05706326508502303
0.3671136227494794
0.8762868223613263
0.8404666791399811
-0.7505382305660253
-0.08565795510025688
0.05130383299530517
-0.8123257478269157
-0.6933625258230767
-0.8145523099155787
-0.6537562462752187
-0.6669716920364159
-0.7671453177450163
-0.5469221479152568
0.46369871035727517
-0.9880284746732255
0.41475011535302087
-0.06876009699443801
-0.8805498326883499
-0.4456969060246726
-0.7947565069728909
0.1171456246382701
0.7093910826752264
-0.10243664511257015
0.5805933722349107
0.026004097814140183
-0.8064225800836802
0.5814482586814467
-0.6182313970424894
0.582205455870682
0.21246684045040312
-0.1880369465081931
-0.2948241221718705
0.39790817968025516
0.9335106513941888
0.7220840433363293
-0.037606442491694196
0.976494046141143
-0.8249278192249596
0.5834454595667844
-0.13419468531560086
0.3209741073957957
0.9983341393314626
0.5118457792445887
0.45084077582808657
-0.31552606716070913
0.5574563197319335
-0.5420663410133263
-0.03772489895987735
-0.7784761138619855
0.391975263934816
0.5613283581685622
0.9665161769395507
0.28734754760140474
0.4036973370380112
-0.6236412027029121
0.16885808030635066
0.8790302989882883
0.02820022226527176
-0.21657899000763867
-0.3336553190857503
-0.5982868187928214
-0.8020993505767605
-0.777616473818591
0.018806688235896776
0.9587860120956267
0.298421408258142
-0.10828855910736213
-0.8910979044397884
0.9379171906450512
0.06994969137804752
-0.11682506954044625
0.8083324761160174
0.3795532311373705
0.7346358518911699
0.07299256722771556
-0.5124277585378545
0.8288814973305543
-0.8998507257181745
-0.22551957104634957
-0.8675655732264564
-0.5166464557881608
-0.7722759809325419
-0.5018125293237223
0.34779512400508683
-0.5665465878835141
-0.042675512588452875
-0.6067598440571575
-0.06530741349856714
-0.05099170924473071
0.2231194670718573
-0.6223181072331893
0.8192397640186261
-0.2802023010319481
-0.42203069402242677
-0.5091529328562188
0.20940385623077717
-0.20009014335143527
0.6991536245672949
-0.5067436719154037
0.2181314128384921
-0.04216582535348479
-0.48051399937101574
0.14210112225887497
0.35993591891446935
0.468891986924894
-0.5993105054878326
0.27502824386345764
0.9126328667317276
0.5690438351120738
-0.451821948352059
0.41476886647572997
-0.42264253868517354
0.3895566637914809
0.20219039562370014
-0.12959980528008067
-0.037767242792271706
-0.4956386046246755
-0.06842881529080799
0.1417447806863652
-0.03056630827395564
0.8610868287724688
-0.21872238413652298
-0.46894042481159137
0.4429534099989463
-0.26208269780959026
-0.24263087323836285
0.27956713547559886
0.035949392317453775
0.041289422690316546
-0.23008572039925887
0.2590018496678124
-0.39238805011471856
0.6280867116858482
-0.5078086924859221
0.2769138151786898
0.19634011838504042
0.9024830967781827
-0.5715926458433778
-0.932485940894774
-0.9516969745056268
0.679633516400176
0.9253755318353338
0.2587482577787508
0.47193501466222254
0.1349362427937228
0.6476464459502771
0.8471214782251584
-0.3138282823333783
-0.05091895912317579
-0.6985373842055933
0.3437795292689527
-0.9355970472059982
-0.3558314619104972
-0.8644642822028592
-0.5938381056708057
0.8208125574509425
0.7783205391367727
-0.9080796167111923
-0.8866449242038722
-0.4833733556717216
0.5898895482068565
-0.9869658238434265
0.6480281947014555
-0.9466319790985445
-0.05253802235242064
-0.3832706575064545
-0.7631713017099316
0.14973360723930199
0.2770119358565437
0.4546537418127432
-0.33741867832013306
-0.33561516730778207
0.5359672482954514
0.6696289277837308
-0.6549436798033874
-0.5652274851653006
0.4640770115195714
-0.10087798982043615
-0.4061877291851599
0.9880810925825783
-0.31745727592071304
-0.22532041138475423
-0.5057200793468841
0.917535124290016
0.6574193087117952
0.6743246026635257
0.6425060760393148
0.646383802269767
0.6732702220519229
-0.3435925030995489
0.3627135969289868
0.3799375728574705
0.8116170426917451
0.21328497536682328
0.16014749448818164
0.5096036762988143
0.5818462264834222
-0.29953782366732185
-0.27349150130235506
-0.6307325251292
0.7280002926953131
-0.7552029542112689
0.015024739728935895
0.1277605251407658
-0.43204668786278416
0.013799826020695847
0.8592224794932488
-0.0946296442093264
-0.28715513944159676
-0.5054471564725076
0.5383869131303731
0.16028003113568914
0.4628195220349493
-0.5627742373294256
0.638976985583383
-0.0694406413073473
0.8936115618059148
-0.15642638342482088
-0.11310733521320206
0.5854115597561135
0.5177648631369997
-0.542583419061985
0.6537970094857314
-0.9030756526790951
0.7949748210016211
0.11587519550808209
0.05867716823779556
-0.334391143877965
-0.13513545980521272
0.13459364505107682
-0.7865186508266071
-0.44253514475070166
0.8955349863034895
0.9857302672378825
-0.6378328090570717
-0.20443111099651978
0.9493551650657488
-0.19208513155932216
0.7301792990253761
-0.5848156219995937
-0.24906582755785062
0.14228926941074752
0.8399676253987284
-0.41896450102211996
-0.5452926720724901
0.22189713943330225
-0.2557993065889153
-0.5456451856707981
-0.19880815464389118
-0.42201508478374167
0.8446843870467178
-0.26897727996335685
-0.5250927108158783
0.6117375436372634
-0.3967188270419536
0.8329283484936391
-0.5187502477137911
0.4476559465379016
0.7268448084523849
-0.8471382166809894
-0.03392059928932788
0.35336521672896626
0.8702781070356362
0.2572166005196146
-0.5567401094336657
0.035991449038939916
-0.8113332225781964
0.5258200378058056
0.0633294454566542
0.6450660994757491
0.8795786711535284
-0.6773728831347636
0.6178225735170344
-0.1846362542055808
-0.03588365642653985
0.6821829487030076
-0.9396728991966822
-0.41966773851566574
0.266305951059521
0.7301642155867942
0.6444941425528353
0.18411932440886422
0.4771467013462089
0.7169735047213853
0.24270586183288692
-0.7579973833997572
-0.6341543036150636
-0.41055488189528133
-0.07269213367305372
-0.1376717912908456
0.4176700221788294
-0.042433679022359616
-0.14685663475777
-0.36117456255372904
-0.6957775404331197
0.6773755874422491
0.34488765363231333
0.9286847954271478
-0.0009885885616727538
0.33161233354764014
0.669668914301836
0.15312221220489694
0.8587976402631672
-0.5405356466239883
0.31773059588906144
0.26419718257571073
0.9330288607948828
0.23019673266106583
0.5356072882537178
0.8474755868251496
0.04702097126418793
0.23848982737955915
-0.7690853051266329
0.016494569282553995
-0.31416047427494265
0.5498362383071316
0.10896623748536038
-0.4106703428420677
0.6680355256674313
0.6970044634111636
0.34010829445698176
0.4166830679044917
0.49227357034710395
0.07829093817033583
-0.7163835693827618
0.20097410207110378
0.8494350882142627
-0.16573832780383754
-0.7143411479829292
0.6968488205057736
0.8599773374936452
-0.008277228204204077
0.2915728702572983
-0.9215751109503445
-0.3488383568198933
0.7444372915555678
0.6309659176851098
0.12789378772089224
0.792511433307886
0.9282180534267244
0.8352230990226921
-0.09113148319835385
0.7418115035103314
0.45220922482905346
-0.4031393060919082
-0.2966758259242175
0.31470049276528345
0.17531926231256234
0.5321825347672478
-0.7228603889718299
-0.8726550998092664
-0.7073085272149442
0.7387595397901181
0.10167450828428093
-0.1311072658512371
-0.8195190550679721
-0.80391810527298
0.44020283818376504
0.1398366839597533
0.33525903776570076
0.7364226651657405
-0.48739170477571886
0.13126374820655032
0.7787864673051621
0.14371415672966176
-0.333701815598672
-0.7699194673297258
-0.49548278241449134
-0.8025393547213244
-0.965087812294722
-0.6098878625092197
0.4265563544381852
-0.35008063077180873
-0.1074619985725982
-0.49267683868167467
-0.05785217211779492
0.9143463352188408
0.5326691177324716
0.4535010958763306
-0.9861802767467365
0.5034919499928525
0.029369467386004766
0.12740894544287173
-0.5727824893294529
-0.844274359007843
0.1438988354029833
0.537892813013491
0.8077099008869238
0.9463692199550608
0.42306684261300687
-0.895724452525571
-0.5225584025138841
-0.44647182229981763
-0.47992341981185516
-0.743054239876181
-0.5351401334898389
0.527569973523816
0.9946151563153993
-0.2233066524016809
-0.46624508745657667
0.9538735733581862
0.572106548460273
-0.9911472148119924
-0.44955521515514696
-2.227138792602345e-06
-0.7204030505760832
0.7934339587879906
0.7948410103419628
-0.3810806547709864
0.7572511913957336
0.03767292659384891
0.17008661709900497
-0.49315760850045964
0.4298592327888173
0.6571711451662505
0.20168108129210838
0.5735759826755296
0.40287318329182864
0.5158851411509582
0.6793470630285803
0.2491972363637609
-0.5794419984512982
0.5158090614433091
0.5931454581812237
-0.009289515715062757
0.9460221526235297
0.8883368470719917
-0.05119645423463037
-0.798146330659143
-0.02896186092226305
0.9219270388542282
0.7913157625853355
-0.5083245228398818
0.3543358214629735
0.9616169367124445
0.8164812883402937
-0.5675757762406652
0.2602234356083577
-0.699317402807162
-0.9109946827825781
-0.8704052956693558
0.04280361716365899
-0.1153754923023036
0.9259788700200224
0.9623388621510345
0.7490023294186006
0.5022225575119761
-0.2506880413319008
-0.12891263862087388
-0.7070847909045757
-0.935518696470278
0.05020147751463688
-0.2481925363235813
-0.7483312399617399
-0.6316433318188956
0.8593100589725264
-0.6058312029744868
-0.519039050057984
-0.003633387539451194
0.2497114801483975
-0.8285971771224336
0.8930483150887156
-0.11184140922865216
-0.06086840617719913
-0.5518171910890772
0.1246865387568763
0.45208179833638695
0.8112062883120352
0.37103268382435783
0.3521412587513577
0.058196098878462
0.9568811061052471
0.9253036075723404
-0.327821281948178
0.08419829383368226
0.15006067353144809
-0.6263020797561675
-0.997135231063433
0.9465678030645148
-0.6030345686277314
0.11138682257332766
0.7067876634718036
-0.4910425264495826
-0.9311475007390908
-0.609785081997553
-0.20771833183183092
0.7902199216621606
-0.5424280730709801
0.4438218644859233
0.10161903072778222
0.3546265361290377
0.5453454428660949
-0.07028803333207656
0.6832678384255437
-0.08294256061653948
0.7432361180064448
-0.3078777488054125
-0.6810262325816736
-0.4177449883720976
0.7273357965150464
0.23919849753900244
0.6816332603396584
0.5843796436000607
-0.9284487790152877
0.9924074701912247
-0.7413298492184782
0.7118222312187178
-0.5788275293784776
-0.3508292380500095
0.40069094051143467
-0.9339435303463085
-0.2469793111423354
0.48809140510911286
-0.9445214303180921
0.9410760745997218
-0.6617678803339291
0.16677049933662857
0.3774239879061012
0.3261487963516352
-0.09739426165133835
0.7658337143755314
0.5393294911624598
0.10446861709419863
-0.703843998316996
-0.8299894161179207
0.6491708630468369
0.9067270467510347
-0.9401778810193433
-0.11083397726824655
-0.3446604569482182
-0.12696892376124314
0.782497250923767
-0.814278472682475
0.1710910694914045
0.38708155835631225
-0.249695775710765
-0.007568298460110275
-0.4589839916476156
0.21821303726916033
-0.9382425418487876
0.9289940530535338
0.1882122354875167
0.20955532991810596
0.11608703838535273
0.548970530782181
-0.45703889541608356
-0.9397848350502034
-0.7943214990885235
-0.03541396550545528
-0.49286680862354393
-0.14317459589062786
0.7087628275682859
0.9460164547172606
0.06464242731195252
0.19544411006464504
-0.24281611205943238
0.8151407815138306
-0.8650602473909811
0.7830757297383194
0.3209229591666519
0.7743752106909232
0.6324121015030152
0.1831568350214628
0.5329621243312973
-0.8739076308563309
0.22714251399149382
-0.3707691105706221
0.47997881401491965
0.30946055300764375
0.5932278030817904
-0.7053575106626052
0.13777328565815528
0.2781768221751195
-0.002813671847589516
0.5231794051150638
-0.1350987999554767
0.041383084215866894
-0.35406804474086506
0.03526063620526987
-0.6449890666160512
-0.2648626868250041
-0.5806580713893412
-0.16168452998728305
0.5306337403338732
0.2819069027419633
-0.895267678788378
-0.9035490273843014
-0.4083147771612423
0.617999982702511
-0.6300031550843929
0.35158409918268335
-0.6911892802226185
-0.9003324470547847
-0.5720374524943395
-0.7335016112924471
0.36895962139425065
-0.8612564552205905
-0.039694239494701786
0.1631608134219935
-0.6463087530084487
-0.011094081275339951
0.16730389858306327
0.5337751111779356
-0.6736874070030829
-0.5991298094059443
0.4731913954404512
-0.4288074845276787
0.35699707019771026
0.8464674220543088
-0.17735792854427868
-0.5776143785145081
0.42395624229245593
-0.3774992399482725
0.35831039041642165
0.0676822752026717
0.16624616998309888
-0.059795245603902
0.8404200854417545
-0.8248120443814866
-0.13748672641520807
0.5160366550895716
0.015034327677953216
0.35692717716459993
0.5987384659577758
0.4217369596880729
0.5333110953490585
0.5083788965258759
-0.6755596736867842
0.1462731586558823
-0.1710857132808139
-0.1263461628839715
0.23420400565332478
0.4939600546384504
-0.13820659340754737
-0.7438878808076403
-0.3132242170607925
-0.8855805164832735
-0.2390378125114434
0.4866004653236082
-0.4135249932338195
0.22738108971249016
0.26627291479993304
0.18363146438309716
-0.7204174772110457
0.9296394128303136
0.11814553881798089
0.8254505940989993
0.8039493160162138
-0.8532479027833736
-0.06117073659048996
-0.7985338325671443
0.7030206815617981
-0.6585317989014604
-0.037602818077545556
0.3322543140980381
-0.3640810965364172
0.6059834182274879
0.9836772326018639
-0.9754247392120141
0.2409430161471664
0.5379794877241122
-0.9715446098258614
-0.4313022682342343
0.6377630152525058
0.20326592132483878
-0.74934344802491
0.8161661656877162
-0.5338367010519995
0.5240161398114987
0.20790730769186852
0.2620043225291924
0.757302735272506
-0.9063732401899816
-0.538686634830596
0.3610558818749842
-0.4449771196750639
0.7260919460658822
0.6965285273344114
0.4733451063207286
-0.8465649663758006
-0.5509215629527947
0.9709932624653085
0.32349788729238993
-0.06869954843636683
0.7790705707907295
-0.9768780385605411
-0.2251853635710377
-0.2888629965130871
0.47563779715027144
-0.02535501492137792
0.2633779149228501
-0.5632068896443849
-0.02888530230342953
-0.8542319999427411
-0.6376924941206997
-0.7855710913676196
-0.45276128472340044
-0.6904155658363633
0.36342672672095827
0.019997623612733342
0.16796400654365634
-0.004244510320469129
0.47767760260079006
-0.6609988723114776
0.5556579092753333
0.31278233647138576
-0.4426242098887352
0.5325455162907405
0.6431580795574255
-0.4196812475828061
-0.34363427678975644
-0.0973977287372052
0.4189066236784871
-0.6130153760282739
-0.09381348700370018
-0.9280104886383642
0.4078690932635829
0.13062301472263516
0.34104637083959666
0.7295275314357744
0.4590524198626264
-0.03209531486653054
-0.5825435545824529
0.04182290172713144
0.32222845733113636
-0.6054981141388457
0.9562826287974452
0.8850102539132144
0.04645558338710706
-0.010811088557261673
0.18721748795660917
-0.6163672502482742
0.23397879353022047
0.9669875281492456
0.8008676304717461
-0.41575194971001955
0.6098014871021035
-0.33163787023146496
0.5554051044839445
-0.8350659299776724
-0.3876467155912482
0.10197767906479949
0.6734611323297586
0.4702273789434628
0.335939754872818
-0.45804273924173605
0.10532831559304978
0.7693002867654756
0.07383613015407794
-0.7691783071513137
0.18924876124040765
0.9014074166614519
0.9605656107634298
0.7000030668737345
0.4209075125255436
-0.9517711408772418
0.5392855517828912
0.49581213762085674
-0.11802334620687668
-0.08636634585534986
-0.1313902442006143
0.21151135730341167
-0.2419871793761378
0.851940566256993
-0.5419844467986263
0.9480150574826788
0.6325134230839273
-0.9050382004252457
0.9459527759951634
-0.7320399575701249
0.1965728902256929
-0.20005605254025816
0.24386988653405584
-0.18816019878862256
-0.6814639739073198
-0.6293188773931723
0.697076199171155
0.22698175327864917
0.6455900822655452
-0.24089839288669698
0.33316103361699523
-0.25109578938302135
-0.9707754600483085
-0.12665443386306244
0.299061686241727
0.7373193548079009
0.5423732069409245
0.014211602334774089
-0.3483689327025935
0.13215526401894453
-0.26755663455344314
-0.4157500640205451
-0.669364125054192
0.9955896749837491
-0.46598594256469594
0.36169460498569905
-0.9293827872780298
0.960018289004303
0.7524566753134441
-0.9241301251509011
-0.15755693887152344
0.34449914548330096
-0.6053785221216466
-0.2838389387969127
-0.12381072439487346
0.5785100537580664
-0.026871415967578426
0.6484000570699102
-0.8883756675706816
-0.22041816976953893
0.42861439043283006
0.28032400925216544
0.24455253874460575
-0.8761990347258248
-0.893158782614376
-0.5203033817808773
-0.8085983404431816
-0.26825829125599443
-0.3233424529494059
0.5225870559053107
0.9168115152836525
0.09209591498023784
-0.09912132102187199
-0.27614363798192865
0.9040284778538412
0.1958224336233767
0.4225204482867968
-0.9918198592503817
-0.28553016358754
-0.9535498140728117
-0.8851813251891771
-0.5783338950277082
0.8663225083654449
-0.5407480028630692
0.9226776259542213
-0.5787048880568822
-0.5019631244856106
0.9241090972861368
-0.0031479776119872605
0.5854796534844022
-0.42055259480430324
-0.5527448105789505
-0.4530550092625446
-0.7235347858624085
0.9614685640688921
0.6056756081975561
-0.663136384091184
-0.8655891916949022
-0.7095919626750846
0.45121351478735605
0.14717615266856335
-0.40610335041989454
-0.15511625774514748
-0.7651766699575138
-0.29171720781348753
0.3931437510452489
-0.39797429558921843
-0.15507542512661063
0.654109816318346
0.08532054856137099
-0.24073559951380744
-0.3474951571208105
0.35543124480970295
0.22104458556163673
0.0029290781584585665
0.5161682876805397
0.5102140567916388
0.609804086617854
-0.7475101244281201
-0.8175523810051343
0.9961213138050269
-0.32364013697990773
0.3543286323426392
-0.816861319973159
0.16259244417985463
-0.9512546547018137
0.5347081047152527
0.18021439016307486
0.4230988391867218
-0.3263305747546503
-0.5963850615585742
0.4421613899035748
0.7970493720749487
0.546277720908795
-0.6524822849213289
0.25968294714992796
-0.6038312238762652
-0.79031491953331
-0.7070533078607804
0.08428729706609354
0.6255418982615376
-0.6123471507750439
0.053413419507814204
-0.4842692038421608
0.36082992798062696
0.04040449434797728
-0.13726092404072504
-0.38238247647937096
0.650768654907076
-0.959330060052377
-0.22169111824939858
0.1600275547054773
-0.8106173283509356
0.24775380647715078
0.39498767298442045
-0.46497054144806155
-0.7709579214802188
-0.37731362976576266
-0.5870657968208626
0.8607940311410625
0.04525691705450319
0.6955239891349312
0.8887985353222065
0.5713615078027751
0.4297933117049955
0.9540810792948765
0.8602586376257404
0.6858028753512072
-0.45481169847581604
0.7318273213965345
-0.43851189047532024
-0.8062496783341189
-0.9267926470833272
0.05031139797081951
-0.31074807824277506
-0.5378507803746615
-0.8246342242319078
0.23057796064572658
-0.9917622714021648
0.8715799701860232
0.4111839685308046
0.3969127751698038
0.8530416964839256
-0.6566518243216989
0.7096652019953482
-0.4032373142352266
0.38468630972876183
-0.2610588257635549
-0.45793108244737946
-0.28076752496975965
0.02754450429744031
0.5918805393100883
0.19612662427142316
0.4069821219056728
-0.061602474128472265
-0.21515048916984095
0.046813133638842014
-0.07246685409651164
0.3657189203658895
0.7296943843650223
-0.9893301122990534
-0.7732722278886656
0.33695559852216167
0.6797635308622582
0.5514135434758758
-0.14559556458474773
-0.12749780499924704
0.45226913761368254
0.15946092701217637
-0.6124396990683177
0.30014028143064747
0.8827450594864115
0.36110253075035015
-0.8994698112420756
0.2357759251252558
0.8987566331670829
0.34711830003756705
0.33073592743509783
-0.18128672971747714
0.9207558035029596
-0.8832925674448432
-0.04459117885450904
-0.2125882229243911
0.7367949365096081
0.04026926408568392
-0.5800855850406085
0.6780538783456493
0.9429048069670914
0.4095978820713568
-0.3917184132264081
-0.04921664503262017
0.16000655213930928
0.4926303256461794
-0.9552441403497257
0.45178471596151587
0.0606008220623748
0.6027666391064452
-0.4621284159188161
-0.32423058108273406
-0.8879609558224051
-0.5921988535336938
-0.0005058091048011359
-0.07885732191573003
-0.8595293281742793
-0.2649008243705766
-0.7033147185641901
0.5372132570728405
-0.3639565783211551
-0.13111522208198223
0.2408760357588388
0.9701584587678083
-0.8120689857560218
0.5331829055781993
-0.6116133199037217
-0.6206320935314049
-0.8696544411297165
0.5335582315970141
0.9093858407835947
0.14094333983709806
-0.9375935098776319
0.2850478380058698
-0.10494202269576385
0.40268665752942306
0.34560337898629384
-0.2817944290646266
0.2077215357643566
-0.17017221851539366
0.8850515900574006
0.5023174677894857
-0.18750022350348594
-0.8794924685826224
0.42905724494322883
-0.5248612533345602
0.33333070035752854
-0.6378483085114437
-0.9389394065407008
0.7411400080412157
-0.792987677037862
-0.3339032610058672
-0.6320919341630905
-0.4839099064431357
-0.8390053241371751
0.6196004333051015
0.057676460162199086
0.05477811258967033
0.2336121231612204
-0.8711232631865663
0.2614512456633045
0.847599768548331
-0.5915431575518496
-0.6032749255720329
0.5098073182028545
-0.7502159271299833
0.0700938855869594
-0.8747205841343996
-0.842165752029457
-0.5955443987741604
-0.6892382295458042
-0.5080740555190459
0.010470059880105076
-0.9819470098631888
-0.7139250458907429
0.3617659523364605
0.8611765859728542
0.8154691013927722
0.48349865616194343
0.5421667685178994
0.22621836104441756
0.16669740256097756
0.5818122432773563
-0.011661447975051357
0.8099178100524748
-0.33242681113211653
-0.857615547530698
-0.8328171876797108
-0.46645722212475726
-0.9739829027881838
-0.5271703380870588
0.7508312155714473
0.6426740600157105
0.3808057914660721
-0.7300077726347248
-0.6513414132992932
-0.9072878587588524
-0.39516417626925104
-0.535040538109578
-0.5798826330827536
-0.7253628190361812
-0.5578487931805871
-0.48709409571265727
0.4653343264430314
-0.6236379282375426
0.9672365761439252
-0.9828533553408535
0.37798860786493005
0.9608691047154778
-0.7055304907990146
0.3053782521111813
-0.4826510844443861
0.21038216954107972
0.1355721887485499
-0.828832626906802
-0.31007664901050536
0.030700454556546464
0.7352773969195191
0.508562626371251
-0.5127636906300516
0.6026125022028688
0.12920629716388898
0.45985345662819466
-0.8405635636129867
0.6579290115731782
0.7146478375331
-0.9516118015018284
0.11752034131914102
-0.892089829368838
-0.6347130443467455
-0.3681691669938696
-0.14339625574315762
0.876733834768255
0.1895473890333459
0.2722284490037097
-0.452341656189061
0.8183349843789156
-0.5498334581466562
-0.7548307694004563
0.6727097507693263
-0.7583671692971456
-0.2965015071052151
0.17811866689494493
-0.06682417946044043
-0.18528666304663083
-0.10112994144317372
0.4619709787216844
0.04420511428131448
-0.1843529284236225
-0.8424854448771222
-0.11973872625786486
-0.9724538874658977
0.622792228850763
-0.9425872964239324
0.5530452965624599
-0.8968977827729299
0.9399718066013107
0.8371684548860692
-0.2185199976042691
-0.7808009959477791
0.8805963851298291
-0.7145442434304041
0.2914950977381616
-0.08593452500907595
-0.9139017973605147
0.3527286262301484
-0.7771990841752096
0.48578806478644526
-0.04969718239288965
-0.6703514818847675
-0.18216706375803726
0.2416929718159907
-0.6114679493038887
0.2470093517788695
0.19015380720942585
0.0030735812507896253
0.10419922214737287
0.03970483722841581
-0.7669943636472185
-0.8334070725819089
-0.3329471387229108
-0.05147678178696724
0.5410169831463822
-0.748720426542286
-0.5826454142469266
0.31749200726084736
0.14280572090630783
-0.8040672532388036
-0.094355675911451
-0.286835791752861
0.04598371193130868
0.06258097129011087
-0.2233237010766853
0.2169162569805069
0.4199053583116073
-0.28615480541270205
-0.7513170006698436
0.3890192779877275
-0.8612253613798255
0.5451488763099446
-0.6793201377376838
-0.9758495535658662
-0.17053129723081684
-0.8997081606144579
0.3043960719618344
0.7765978844597412
-0.9121570045385436
-0.7952307494514708
-0.9469074267934923
0.43044225782922996
0.45296903671959465
-0.28858311808269854
4.00356736989358e-06
0.7339132925035878
-0.7238542433436359
0.7437649222255933
0.21739847647666521
0.5798391873062458
0.16350534855960897
0.7174453081029706
-0.4714644495634934
0.16107200846561542
0.45495570418063735
-0.5252151679028962
-0.2374796067514262
0.9837195088453776
0.4202847292951837
-0.41879709922846975
-0.9468745874960198
0.1300410776674008
-0.37975470954170887
0.028537564796182968
-0.3828544221219201
0.974465972188465
-0.09828394810196617
-0.17175691218092903
0.2392435573639926
0.38965343067312075
-0.6923210491480289
0.8855213233697081
0.4437038984710444
-0.9317801774249084
0.4793509672663161
0.23114808425676325
-0.9839940510794087
0.0945581881601909
0.6012456233212369
-0.6212725768051948
-0.712866998203042
-0.3427118554013717
0.2806944428314939
0.6091298554828883
0.167419123172045
0.34865877848641347
-0.6842215968920518
-0.007882747008245428
-0.8926702902838457
-0.5052696602399442
-0.22945278550675363
0.6078058582286898
0.5532908302253086
-0.1313288862671913
0.4238381574079313
0.7739568520499733
0.9254962131269222
0.9663033283159337
0.3330202878313604
-0.03258232266959693
-0.05572477213746163
0.015562331488101488
0.9835449215924579
0.8699243328639719
0.18090813241508186
-0.18699391466065807
-0.0828963105978553
-0.15655033195242263
0.07094760708387415
0.08429878342561326
-0.5895296159993384
-0.17040780390716415
-0.615836875738274
-0.14929203627264356
0.9300229015879163
-0.019775611466704295
-0.1261864397754013
0.9391685839489927
0.8628163468146126
-0.5963930355192335
0.6946020133316011
0.3433240302079841
0.4847159469926217
0.34878845218962995
0.18078784734011297
0.24812771712061502
0.5765253386693421
0.37277238154699144
0.6684259758133884
-0.061644205132773244
0.8251542712559028
-0.105596266627209
-0.8946690708178229
-0.21004996769459305
0.678241279913216
0.04197361549613321
0.6403530271424834
-0.747228478536304
-0.8311534990145799
0.7104576936500228
0.2306679112697509
-0.1397981719192781
0.9118919513217177
-0.36031899182803995
0.4367990235924185
-0.8519951917252498
0.8351649027113784
-0.687339277078581
-0.7650569119082505
0.2856848078507162
0.1319925197090377
-0.15413435520523305
0.9942631876848135
-0.10997210517842063
0.8414101292666649
0.22658791233617315
-0.9577422447278456
-0.04314005834726076
-0.4206000297256163
-0.854861802929888
0.9374117104531821
0.31490455301150844
0.6045298516988458
0.08627705039780098
-0.9412621632655207
-0.8414936242177443
0.11942077957877256
-0.1473913714852872
-0.9117419077439155
-0.4448540784281534
0.5853695530336219
0.03547312191663807
0.8764333280967884
-0.14862474865923356
-0.3977430791092426
-0.3625336700497812
0.7002263064203551
0.35161697301248457
-0.041745041409265035
0.6379091665538396
-0.27371431583043626
-0.7109531480842808
-0.5416421354879724
-0.6919829340699324
-0.12510830112130122
-0.13690780720250495
-0.25161667472074156
0.7993729049336464
0.1679761616844886
-0.5645044456904178
-0.940061731963131
0.9704433787585571
-0.029577335047205538
-0.14375917418070103
0.5824319266183436
0.713317206705393
0.6079137415576599
0.562767619330279
0.7510818510263232
0.6106018569994394
-0.991496483390836
0.529128141208892
0.5488862097864402
-0.7483813926214143
0.8686060739083331
-0.870320050283638
0.997580807403955
-0.06816012357804528
-0.8968174417044423
0.3880638892022691
0.8952963326554843
0.77964643935195
-0.22594332049674448
-0.2099080839050107
-0.3267416125161271
0.80103687357715
0.7578597683981432
0.3479586390175149
-0.32292202933145564
0.5713832104254453
-0.263558069663907
-0.8790141171271973
0.32230897841946893
0.03372227182425065
0.07209438627797321
-0.8346364974185647
0.21806526643574548
0.9637678752595518
-0.3295799441719975
0.5533078121437537
0.9942317038955668
0.26156320085555107
0.9900571394657499
0.14992046277691345
-0.0392116441074114
0.14064955496203457
-0.7733962335142257
0.34261739963188337
-0.21312062745894558
0.0049246602425898805
-0.8237970882963994
0.9967928276526064
-0.11542670450993486
-0.3673402355622408
-0.022224457470890524
-0.10476716505175854
0.7108718966475617
-0.21414813703300875
-0.8256876760608893
0.832349356184019
0.44229004774109415
0.47951343303936994
0.3839556426305556
0.5795972572533399
0.5888861761414179
0.2646908111054311
0.9826052904515081
0.8047813748838083
-0.7559012134113761
0.3106666705095051
-0.7127081301814961
0.11690253573377316
0.5361473336326401
0.29633950564808137
-0.05139341433047306
0.9429039120024666
0.9112056286925503
-0.3181354573101347
-0.39875937190707833
0.6035589948520577
0.45104736850894844
-0.13699336536842033
-0.2634517860472789
-0.36534870161063493
-0.9640692463584433
0.39666598591190527
0.738593028672134
0.9254144976672346
-0.9744919240600911
-0.5195985708479252
-0.7490402485005261
-0.9966613108573021
0.8832412730870427
-0.5491805557172967
0.6799112761459143
0.09941625827711015
0.08664545866678248
-0.07513375961518272
0.4338285654382308
0.7085966081917258
0.7051877965763858
-0.362004073558554
-0.027633059851324505
-0.9350564419117532
-0.858180226828487
0.5878865251291439
-0.35313219991322065
0.5022715408157861
-0.19643652573687587
-0.19032333312483862
-0.9947781449547786
0.33533146149199566
0.9567887051320029
-0.07241865566899167
0.4851566387838116
0.7393748068424228
-0.18056397258885878
0.9159903526465221
-0.4836621520024084
-0.005451559579287167
0.8338748651628857
0.7799133019820856
-0.22157356360478453
0.9574711039718566
0.31455477070967874
-0.320964749649775
0.4609511046177254
0.1314615931126103
-0.5056087193992453
0.06772314361685279
0.8002687928651006
0.03913797751146205
-0.5108898643690565
0.6536095257993499
-0.9798468381233723
0.13213624608224772
-0.03636388269358326
0.1935579830847063
-0.0965668022518309
0.9186867589025867
0.04696867581263868
0.3321811249379695
-0.15872578188270955
-0.8133919561185856
-0.3108452647368196
-0.09974925493308592
-0.7839011721022603
-0.46204995336973403
0.8886811111111147
-0.03138128652337075
0.5764183425850087
-0.44594649201159453
-0.9211984640829581
0.49459436463369433
-0.544476073294271
0.8394904195337903
0.765928740604486
0.3580421914401277
-0.24381836367708087
-0.6573770516210931
-0.029070054780145682
0.1596894783333207
-0.909815125739853
0.05054418160596574
0.5277290135840709
0.2803494688837729
0.5865363366797576
0.8017336016812401
0.7596657310036973
-0.6659891994499724
-0.4539672916068273
0.5826483440037838
0.25251074671890167
-0.4186207184417506
-0.5581105017755589
0.5508035613123609
-0.051198963374835066
0.6814593975316503
0.5146574776115976
0.37118226929651854
-0.620692726979591
-0.5428204861863402
-0.09028750277339019
0.8780846950013315
0.24423053941326747
0.42961209733745664
0.898072007804885
-0.9280495827623809
0.6028978736028148
-0.9743014024141397
-0.5630408464616896
-0.45476486989827114
0.8331229150848098
0.20455153786081914
0.4288588002334812
-0.6764998710487266
-0.6792841878831052
-0.48997689541099515
0.6012196486777376
0.22935135999811296
-0.8219390923034005
0.888754196354992
-0.723608107728974
-0.4265695908843254
-0.04362399442335801
-0.5339246387473968
0.148872118240367
-0.8022907617293737
0.5506001558008999
0.6149570663014706
0.42753219154280303
-0.03682052225542704
-0.08719250365662112
-0.1443625888125062
-0.08101897563213055
-0.8876029305534026
-0.07790783406989954
0.5589631769471741
0.9585870088059285
-0.8937276440097675
-0.16582002393373463
-0.4247341805680911
0.49266235007611003
0.6384956512580225
-0.7210181004836294
-0.6726635178153891
-0.05553520858585862
0.550620405197256
-0.24613451781619677
-0.2500805759245823
0.8558519888230418
-0.46331220719304445
0.8229521473877285
-0.24770713235031774
0.8686542693170333
0.100691662808853
-0.8139846035601815
-0.26682502648424034
-0.7740066563416276
0.2882027243709407
0.3554127486204808
-0.8027202394448799
-0.3341414890461952
0.08774376458727812
-0.46113997182475885
0.8549013167366306
-0.8167605189852942
0.5844383363021264
0.7860156541743475
-0.14079641552237754
0.6123785075418562
-0.004496112604924406
-0.42092998684977223
0.34632210252671936
0.9290376780626669
-0.08631313062223843
-0.1181919034127204
-0.6390673689552291
-0.054000943016043496
-0.8649088752679437
0.7081680460284085
0.10760802993227347
0.01390127005926526
0.231624349271485
-0.27495681770156105
0.09258435312311188
-0.6150129390477906
0.48047435268846395
0.7548852649191922
0.805676313238012
0.5627178408722581
0.5045439880154811
0.6032403632275753
0.17406204550484716
-0.8057120442806529
-0.15009804735795984
-0.5992720590859983
-0.8671337847979472
-0.4733167905035933
0.5586226736081706
-0.27085256037267325
-0.24773331062342283
-0.675502435508263
0.11272560560337598
0.7869241709067343
-0.7015429279987276
0.2945007279859871
-0.7671980110225245
-0.7438602222195562
0.30336478991044113
-0.14631347373273026
0.43249303744292744
0.4102837446626807
0.15461932844277923
0.8993633069016486
-0.167678950660821
0.4829517121246913
-0.9633890518954813
-0.4921956676199172
0.20900371834566198
0.9667009169271824
0.30274265385818544
-0.6182238376219849
-0.6332751922294297
-0.48238460428325936
-0.25480352906494264
-0.6881380874114738
0.6544291970804396
-0.21612823221765484
0.9482390972810436
-0.6734324453738698
-0.6045735969144176
-0.7326902782709427
0.4333891969345121
0.47436641827312953
-0.43019569548045766
0.052924699184957964
-0.7453726882621113
-0.8466086495869397
-0.8000388730702667
-0.6590911365219155
0.6033589814811107
0.6682216527622584
0.8763076415160078
-0.850666859711528
-0.4284856995239841
0.49630815866929934
0.12641382823373878
0.7956134142613502
-0.1176456775365664
0.17721526010358502
0.9900402584032328
-0.5955977242988182
0.0845833508320577
-0.10987671326438354
-0.8338366547978384
0.9502324504346098
0.17081684925783447
0.4148720230742323
-0.7118016699198504
0.9141488228564334
0.5772683952543355
0.3559023708757302
-0.5655690075495605
-0.38690645844276994
0.9748239067518985
-0.7845595854341866
0.5673947854709663
0.16917335979649273
0.616198462654043
0.775936073637671
-0.77134625211997
-0.44155563513672286
0.4040153538058233
-0.3499627094351003
-0.5347505139332924
-0.1538066380158148
0.4579168739364481
0.8286195054132899
0.6450678212233538
-0.043864877877247244
0.7282556306038397
0.9249715920833876
-0.4433072165768517
-0.3221013907261471
-0.33840171747612663
-0.10433983686262241
-0.8344496841074889
0.8524651496615726
-0.16996238175076167
0.10056299165252179
-0.9370743812660031
0.7463803248974674
0.7276850238955916
0.9854141300923036
0.8899179879838379
0.40792274134792617
-0.5756830041363957
0.7070759768806949
-0.5597409560266758
-0.2028828784537992
0.8659162140215619
0.9898589406324328
0.08979076090548781
-0.3749680028590452
-0.713998329085259
0.09647283400402773
-0.13825196658040206
-0.3986264801998898
0.41653613789037913
-0.184191384357051
-0.372644545711037
0.12296704196167031
-0.04421671117300673
0.8873356603526034
0.5891913880390313
-0.9624690248389115
-0.6328084070701017
-0.24957175623246422
-0.016517431907460776
0.18688016398886212
0.3896330662960218
-0.49010156198432336
0.12268522679024407
0.7578090301393929
-0.6646203878367076
-0.9908119148188244
0.30235719108802944
0.9996590422682587
-0.472266188906386
-0.31113653068333047
-0.70503795094096
-0.5030822506459822
0.6010141291489504
-0.9379547697096162
0.29156533762178594
-0.6934660900432688
0.7322617307932884
0.6151175803846837
-0.9206005754522881
0.13044163512072968
-0.05124492372389942
-0.9424067618750677
0.023444670251909522
-0.653455027217285
-0.5219444412342183
-0.6116015842236052
-0.5829954599085972
-0.11730708650449596
-0.5604905983127154
-0.5409092533910427
0.5623274096602386
-0.1870135712179817
0.8160249887191438
-0.8441029027321105
-0.4907995747707916
0.9277353279804139
0.8937985633206618
-0.9352390490739729
-0.4003629359062233
0.5396838121146544
0.503104097512084
-0.1491364190169422
0.11986229696832118
-0.7756822607594009
-0.1990985629191615
0.23016656853096154
-0.10445117597477122
-0.33353546070127815
-0.23905126169653215
0.9190657186917333
-0.6683927794813148
0.5257018063184286
-0.4229025784859534
0.7883816666206124
0.3403373555002544
-0.17822202126171546
-0.8381337640499358
0.6551840487929136
0.00025524734918150555
0.7114559358971881
0.7424989895894374
-0.10240358344104905
-0.22328218397674743
-0.5025828902920032
-0.04121218529884802
-0.8518305235205896
0.1383841435732418
0.8170397902337552
-0.11062113057760725
0.11527083830983798
-0.5177253322696778
-0.5358481088868279
0.7760736591725519
-0.9013395490001201
-0.3975093894256241
-0.8636465696632816
-0.4110933856983341
-0.26189523054642816
-0.02420289519758485
-0.9127814821327814
0.5410352775679739
0.5856177236219501
0.9276734159458688
-0.25556437490136696
0.3243081526720144
0.578857728464278
-0.2437088532736614
0.8022221646384842
0.9451556096253861
0.3807807395415538
-0.8421486406601075
-0.05455893027907264
0.513211564238599
-0.8324742061891205
0.5874522939040909
-0.25710966583283557
0.18330711751855744
0.3492667503625648
0.08836013635164752
-0.8044392623809331
0.7910270870475182
0.5414579246205129
-0.3814370243298233
0.19363613626810117
-0.6304844094314368
-0.5225919707642255
0.7274682159408705
-0.8980365061652817
0.480670422354775
-0.8111233996243636
0.16684480533388082
0.8038790802655095
-0.3713740747513766
-0.12569611151833163
0.6701143094237777
-0.3999495204523227
0.3602828881587736
0.86633957507702
0.027624490864123566
0.1759161164546561
-0.5935419340280615
0.23609651839556745
0.6276549422307252
-0.4534920728890266
0.3844025495168999
0.008933039380985885
-0.4416692924011687
0.5261646147722683
0.9745573579189275
-0.45326449021171666
-0.5494474429369565
-0.3790494966100959
0.3431078984775479
0.44410275549456796
-0.8801438941423241
-0.4910975007734969
0.9122611817299877
-0.13642769714937375
0.8029138874885544
0.06541120271541763
0.12387100096946935
0.40612151160791216
0.7498272181011832
-0.3519314914453929
-0.43991310667144806
0.41028077162448073
0.563956068930062
-0.8533148592918312
-0.5556971759800504
-0.7666819377408871
0.6347151649172944
-0.8708508226506337
0.9669263196312134
0.21588247403910388
0.8417165337260191
-0.521803675938743
0.46840847444648803
-0.6809837324443071
-0.22150068861324623
0.542654556993585
-0.9654539658009484
-0.03880389325740975
-0.7301424979823326
0.28516012000412433
-0.1196670370846485
0.0037135007853070596
-0.6488867417429851
0.5741750100696402
-0.16453679857317824
-0.7006824339889081
0.1519473278548903
0.8975848538626015
0.049030521777391235
0.48330690460361503
0.48027129957242054
0.003737599837948302
-0.5549139663697136
0.4078778682611761
-0.42871159437857354
-0.3096335769011336
0.6155270805307433
-0.015864830108104133
-0.831552931100541
0.3223495018238449
-0.6785624524138987
-0.26768104633943035
0.9772432270153457
0.38875033756055255
-0.47909566072667165
0.6872942924662746
-0.8444665668785585
0.6315382903228464
0.028179194399992682
-0.3811711835104857
-0.7065353908977302
-0.7091204828698465
-0.4128987374697802
0.38894800974453325
0.8096245790445874
0.9163329238402739
0.942588169866088
0.35882518167768496
0.415212663305524
-0.3084274633418166
-0.8037721882084388
0.9847679794211126
-0.9829574706228685
0.38115166826808844
-0.8248609331351735
0.25095998652319973
0.5076037173048726
0.15890014236001226
-0.20766064479106694
0.6605864475894723
0.6706660353763907
0.6044263304427888
0.17407945316589934
0.06642500346222269
0.441316251367039
-0.2996293563127343
-0.3399265593020397
-0.22278287960268406
-0.5328227814091365
-0.4491584986224524
0.5728692890879221
0.6729594798597178
0.048404007525765236
0.3376409591199667
-0.8236525787503477
0.9168435328901863
0.9042837864129842
0.00413060552040001
-0.4533873745730943
0.882487420476392
-0.8760837853934722
-0.34577156561018585
0.11113269338348197
-0.4249225414259368
-3.02518622333441e-06
-0.7947887735822197
0.5451033915027912
-0.03892671674721848
-0.5607495759544887
0.8338458867033667
-0.1345689545440345
-0.7189197539019312
-0.7668074859241101
0.331463171731154
-0.10265685559445603
-0.7674653885387182
0.3734192725243428
0.34705174889748425
-0.5712869835795178
0.2891620138451021
-0.026419082745879008
-0.5834690534393374
-0.3695451372201777
0.9289835986598596
0.39997029051679167
-0.6438106951436282
-0.24047448955320494
0.4768460561121777
-0.8206447369491714
0.1833033020454029
0.015333662417224447
-0.1050780146606114
-0.7515697812037325
-0.21264899552804284
-0.7098623360212568
-0.6669859419613806
0.9415985840293195
-0.18603528220979215
0.13597594832906923
0.36381219663276365
0.6793201306885202
-0.9316797754633561
0.10903944496913587
0.5704945507065582
-0.3203727327374313
0.6275868522243035
0.24011667186036134
0.7605832447620899
0.4672592110075351
-0.5134346187918131
0.43850940271690564
-0.2711755281227357
-0.5647396525693531
0.3832192663281171
0.10788577181925363
0.6317141448119314
0.6509848979777313
-0.4719950555555106
-0.6135390710881077
0.3978135161566727
0.4544784717438475
0.9802040554598821
-0.5807550189284287
0.3297090793067743
-0.28514068407396187
-0.6979477561351783
0.5017972647413846
0.5948031549196615
-0.45782652134837964
-0.013032468281871434
-0.28035801978230634
0.527027438152391
0.43979106659917866
0.07910589662660089
0.033090307384095484
-0.36659985507890885
-0.6580520827660682
0.14481025812641773
0.9231588362147678
0.467722871875178
-0.07156304698474947
0.08448831517185806
0.2672315069568919
0.1841655239928473
-0.31666783860526226
0.9963188768045282
0.19589559937591194
0.12269780092389704
-0.11099357124423403
-0.005985579675875652
0.9205511452730388
-0.7426658815355862
-0.22183847313599503
0.1334857995782195
0.16803073698968873
-0.0926914005005739
-0.2308779209120176
0.0837013608635901
0.7470470614231689
0.40062584002998997
0.7727008296827274
-0.9354768373623418
0.039434345625747165
0.6019321447489384
-0.4811778094898238
-0.09864607003770298
0.41292219435161553
-0.6615741737246837
-0.6035932657582399
-0.39727037019059175
0.6059364665852108
-0.8543488146118573
-0.10981476061950793
0.23638927651985103
0.9023540403722132
-0.7847505066322138
-0.7866950444587384
0.8086238550970262
0.3373828239300558
-0.34477698637451937
-0.8331203023490861
-0.8259847834955336
-0.8841276138423768
-0.6411777404215571
-0.7042430742347067
0.6616878850206529
-0.514329491163351
-0.7030802406163265
0.4040225263550544
-0.23874463123613085
0.26074736466298415
-0.998471693160674
0.20901817480323756
-0.7885883434766388
-0.7201535095812326
-0.6405388397877781
0.8879872822042906
0.44811445062032734
-0.39943956949019216
0.16034089650938774
0.8014026348796535
0.1228727201620774
-0.8389652432924722
-0.19251402871461765
0.8994483350378812
-0.35384350812686627
0.5729677656675936
-0.7640015928271864
0.9264143971639611
0.32623270583331676
-0.6132187947013219
-0.13017952014912643
0.9959994711258912
0.9863940981150103
0.7847996763095489
-0.47480022455221765
0.7414338860160888
0.46355776785899067
0.30934073431582065
0.34819626905358775
0.7313785726393005
-0.6935832542266188
-0.09032267219242453
-0.6521048955416974
0.39080189268651905
0.26740353670853334
-0.5488298348849732
0.16645573716319187
0.43993338721460845
-0.8442414239088093
0.4502588722710749
0.34077294870731567
-0.19337989279556655
-0.9164139208487969
-0.29027957619786204
0.7841050194807382
-0.9326392654117412
0.27607277267167696
-0.7719939199393677
-0.4591570135218261
-0.7766454939925557
0.008779159759249363
0.11611414048762773
-0.41594611490170674
0.20939230904807837
0.7819234125178377
0.14274162308051788
0.47781090476566557
-0.4588405267458907
-0.3169946486085457
-0.624823717678704
0.7836331156314762
-0.9523590877349186
0.3789728761333517
0.5152085633551203
0.5909284645088826
-0.05690825143415148
-0.871353294685418
-0.9258919507421778
0.1922781836130663
0.8971373632324582
-0.8083237807507668
0.6540912078857872
-0.20588320531501525
-0.9331260525259291
0.8465141993466245
-0.9116053032894158
0.820445921797274
0.7133123803648811
0.5882504280824328
0.5053551920946845
0.5374621544623295
-0.16681967590553337
-0.33119332613536645
-0.3379786995879938
-0.9506442151174102
0.9159436404414818
-0.20686456829757927
-0.5689932634981325
-0.8696481154164931
-0.9656928547617996
-0.7235416307137454
-0.5696738594239055
-0.511848088792986
0.9621243785105562
-0.5179944091552268
-0.5849567033724139
-0.7702840139362431
-0.0366435876939355
0.5512629962093281
-0.36420428862320775
0.1860163195251019
-0.5629098469230924
0.7666378752492804
-0.9765125265101124
-0.34055065138494656
0.7212652538128971
-0.29127173006004115
-0.3915498400732317
-0.33023605867573974
0.5486525083764521
0.1460556505697377
-0.06447714554968294
-0.9740603951992394
0.4175753864245707
0.18376603454758902
0.8255462247103071
-0.8375907986717145
0.14065172102642118
-0.933065310005607
0.844489234088973
0.08331720756739715
0.6041908433471346
0.24915629891042818
-0.29449313195446214
0.6661230032132908
-0.5012788903260486
0.9280393161867366
-0.9138722711333527
0.054201338156987466
-0.6328854783318247
-0.26773446696970365
-0.8724062218574156
0.6718799443179643
0.8838942659005181
0.03211262852001735
-0.07450708308971904
-0.4065750360790494
0.25278206543319187
-0.03791382087602444
0.3910793193707912
-0.03489547592180934
-0.4233027108954567
-0.3792821173807158
0.4667633893985327
0.8467855278985804
-0.11774448913494215
0.16870033797853867
-0.4324880746070508
0.08860545966866686
-0.5291586830201803
-0.4268068638225605
0.7828840940940374
-0.4850760293906853
-0.23019348475100343
0.8907174151734205
0.5576561635923238
-0.2084138135136817
0.03153581575657438
0.6936549872218193
0.8460946148278491
-0.24670935753740023
0.39846178190283554
0.4801110509408079
-0.10934665964761021
-0.14664600009245884
0.10187627667877869
0.5798475865185513
0.14227781337480083
0.31202819076616506
0.6455695996550718
0.4529238679215378
-0.2995302745340917
-0.05441295006688633
0.2684890973230689
0.7699393399345664
-0.27110962156295487
0.5156254046515599
0.9890786686604507
0.5102270397180482
0.9982907430385719
0.6174968533024183
-0.9761515815671438
-0.13894384830496787
0.6923234305509953
0.010270921307680814
-0.5333700951670313
0.05893237192400223
-0.011975796048611266
-0.08785680438106515
0.5719987368530566
-0.8575547474100694
-0.5205496044569344
0.5281794378231965
0.40085780328381343
0.1443898385312771
-0.016660645711384245
0.6987514650805697
-0.04122823764012423
-0.34263016299444954
-0.9756495496704036
0.46670908927693205
0.8368965012801751
-0.138851020453936
0.9506763829071277
-0.9424263105705569
0.10957433841786335
-0.24615736541404987
0.25809952623981425
0.21456762446247413
0.5056974979839228
0.6732807412912245
-0.4858913004898364
-0.7984001190536008
-0.5920962643474812
-0.650642587194309
0.35938331111592786
-0.2469114503411203
-0.9506089470664049
0.3956655049431689
-0.5236473825238115
-0.6597191967134396
0.969496524512196
0.3542594773398989
-0.937542554377913
0.7216221988747215
-0.6717518801698192
0.2317131241317498
-0.47457359841390995
0.9749108687712853
0.3592252927244932
-0.15814915788730682
-0.1061948766795416
-0.6503504880418002
0.6954869382859912
-0.9130332829115878
-0.636566857204135
-0.24322274753121942
-0.3471069182138191
-0.15573250720065013
-0.01777093970677046
0.6510468596262065
-0.475895685437399
0.2973042123869022
0.5552699652911416
0.8053446383750826
0.39777673522164847
-0.08560119048566445
-0.4803395645930237
-0.2629091180836729
-0.29802380084401914
0.47805590851977176
0.8691648259542388
0.6234738149265404
-0.6236011665732715
-0.7495730558694067
0.7017215601740696
0.09925885223702051
-0.594411977429018
-0.9506665291552708
0.4613503536218205
-0.5095572950120488
0.21107388686942177
-0.6571862891929435
0.15969772850963682
0.0722836341461488
0.46192659565864935
-0.1702223604161528
0.12537821796320658
-0.20127463656586886
-0.2545257195962911
0.4543197225599502
0.016314764010110772
-0.0009554540823866923
-0.9674568333405359
0.18696318016310937
-0.6557578252832621
-0.017584679459730027
0.17381774486082854
-0.47965862939172815
-0.4400842503121602
0.07901614262174153
-0.7573847520787438
0.5478526442081105
0.7787065222653426
0.5871246653474407
0.9993286023810206
0.057773543757949276
0.7008616382493821
-0.1213638295720575
0.1523154750104232
0.824271313914016
0.06602052826101068
-0.956048688065277
-0.8155894223419797
-0.6523353488078845
-0.1453553566568262
0.16010926937486025
-0.619414900421752
-0.098939626583531
-0.5274479218059991
0.3672168025762119
0.16360271917971317
-0.35788392599613683
0.1419840012912515
0.7881077190633433
0.05447431174583619
-0.6560973709308976
-0.03524009777825982
0.10399586252370491
0.6634517006447332
-0.9060731697427599
0.8197732226516166
0.07325771274149397
-0.5715567403293288
0.8400605368755019
-0.8349243503240261
0.6708938477769073
-0.8664423920888017
-0.1614456208637652
-0.7735867788450708
0.2647666382447609
-0.6660003115337985
0.8947216519717782
-0.3270185913117545
-0.9671456998188062
-0.2640421223722599
-0.48752673635641075
0.30136347308492356
-0.850940563077768
0.4535682343591257
0.6515720916615535
0.3513203682969951
-0.34503511522655733
-0.8189109971431904
0.5239965751093121
-0.03607695297068675
-0.5939404585810306
0.5034848007943775
0.3084112305467072
0.3814297792859285
0.30322960057959447
-0.667747937995173
-0.5141507033216615
0.05882739577178379
0.6432438220466832
0.1469188397267427
0.3568785707184101
0.4793194207506935
0.5957767451753435
-0.2527345188147174
-0.6508159178730337
-0.24665379325733894
-0.8367723099133753
0.1712260564171482
-0.006603705368471683
-0.5594691581406013
-0.1627952897691407
0.8581142920211566
-0.34383011921299994
-0.8696632294063056
0.02803174435195465
-0.6674109981294901
-0.12889366180885206
0.1695898700800155
0.28624134477254803
-0.02645034204616034
-0.6075885997694118
-0.5701081704312202
0.9469935956443426
0.3047350358098685
-0.5005740307958104
0.45515447742666093
0.9239752646145065
0.8182815808547586
-0.4299934338497046
0.9388128248607396
0.6920591660154909
0.7138266534519675
0.9048679352236428
0.0017361985663657542
0.37075758271256043
0.35904520660199485
0.23625749949964206
0.0905448944513287
0.6021677794075228
-0.8702823940131824
-0.9046871101898957
0.7645299287590829
0.3828836585744287
0.7631888550460233
-0.9154882442660079
-0.6677138218741034
0.7379436333030743
0.7904003885547639
-0.030815968484194923
-0.7244248881684089
0.7151503723922392
-0.6412839135550661
0.28246977694469677
-0.09515473847579586
0.8549920617267102
-0.28025506166752384
0.7603815851450908
-0.01916815407448036
0.34082595522412484
0.5510486013467661
0.4866583588915643
0.078828891772184
-0.8988972961233577
-0.36226633864563235
0.4941431665202489
0.6858349692776815
0.6705190027131634
0.4807330869785501
-0.373159343560362
-0.6845477756267946
0.10699963691281247
-0.03413259721765215
0.23230592791555232
0.1394247922677058
-0.42327530136485625
0.2357979918564349
-0.2640336921054319
-0.7797847271758791
-0.08356225513529807
-0.6337684439590049
0.6910077239599333
0.42699314572950625
-0.16274480588382503
-0.8399906961295546
-0.013851287746735417
-0.43734346965193616
-0.2627231811264792
-0.016811431213579864
0.5391432095306246
-0.006554852504142339
-0.7767241090442227
0.8190508651013155
0.8020984491222682
-0.37105970560520324
0.008226464845833935
-0.9829789890307457
-0.7680024583665569
0.7716158287445354
0.583105085703925
-0.46115192432807744
-0.5594836044880275
-0.10659868501154521
0.40742591016138097
0.9840794486952146
0.2903279171196472
0.4731299248472303
-0.3237146204995969
-0.9076584683187259
0.21006497674972785
0.35797824960592384
0.1123058391627151
0.09028452643022646
0.1577251111621307
0.016710783750601914
0.6728602421698322
0.4792284012711334
-0.5361127518002891
0.5859920942958112
0.1456779001817432
0.1391467598293564
-0.5417239983256038
0.046788940062758445
-0.4996587079290643
-0.2415595252231015
0.7018244671099544
-0.20268322800346433
-0.3874352602967303
0.8694717112050273
0.8066586185673753
-0.1220420148372613
0.9092171448996377
-0.18241545302670645
-0.2031679304601062
-0.9121385758895445
0.10622818089115657
-0.7767556320724524
-0.7881647911838201
-0.5230038608462723
-0.5075563083906495
0.8106503988577342
-0.925070879074337
0.86155082403442
0.6273114849768247
-0.9421010783390456
0.007374194617011165
-0.05053307418810582
-0.6498767526638414
-0.05397953751043918
0.3140284012035812
0.22382566245923954
-0.41271526727338476
0.8325061526657724
-0.7981297564039227
0.19578981775481913
0.09037745234362515
0.9240876026846989
-0.616474878402772
-0.7213766592528441
0.8180706235593543
-0.20672480195929857
0.41667273610938743
-0.8221452076206927
0.17756639223244194
-0.25345513617181087
0.7815662852694195
0.006600620275870224
0.17174698327995544
0.43375325880472343
0.23141856940264818
0.39778808898697005
0.5681566654564749
0.8600443699235123
0.11078004854294687
-0.3971731200376978
0.27516092596635167
0.04750744022263498
-0.06565327279929534
-0.9478319530737489
-0.5086942419914724
-0.4949827147917682
0.8855808538900884
-0.4832004602889705
0.6688485922062302
-0.1645853953007475
0.9775644867774177
-0.974151476538152
-0.5018872098849197
-0.18042851175050062
-0.7709000822475318
0.4845664317518729
-0.3672090229552882
0.03940516763581607
0.31923327985968847
0.9760228347926992
0.894264948727998
0.9613300942215255
-0.1369867347312015
-0.15395265043844963
-0.30205028804061573
0.8037097634003363
0.9800115595737315
0.6632081170563999
0.0697063662230899
0.2573051197382432
0.37434487189119436
-0.8891229938167162
0.7346092098735049
-0.5157559007083897
0.271870372416614
0.22653832161413423
-0.1775057811700812
0.28958527462298944
0.30444959002895333
-0.18167281527034596
0.6921978875106514
0.688009150807502
-0.2397696570498604
0.2334648068074806
-0.5862362918258991
0.35802008595755036
0.6890661614784992
-0.8250658430127955
-0.8447539984630539
0.24634152118332087
-0.2113062628516662
-0.0758256550850307
-0.8796713627601498
-0.5610799057993487
0.2866222544799215
-0.7887766891227832
0.8962755393818937
0.09473436804771884
-0.8427519298892692
-0.861943281267409
-0.9551454969915039
0.45389995995901783
0.06826680096435787
-0.9337204297575324
-0.5057648050617756
0.36741692363096584
0.3495811068971979
-0.9980046955057116
0.6603101402393485
-0.6248799164546771
-0.462726906739119
0.9831502686748234
0.7789459972410984
-0.5747650868120872
0.1894635529556674
0.8303675987863346
-0.4030281777143456
-0.4507537145347593
-0.5516947850235994
-0.0795405505154334
0.3714050196429999
0.037330318505398585
-0.21798984313170267
0.4985716765884467
0.2055351451038001
-0.2219867292090547
-2.878449349208445e-05
0.603330508059063
0.23002958484850788
-0.34900693008505046
0.07533331100795129
-0.0020509044830656826
-0.1656770445544026
0.4263704716571914
0.8876886105655678
-0.4035074160644268
-0.6532036028161327
0.16678796399795878
-0.4030412097480426
-0.6681856120201743
0.7748171931279653
0.6233520419920394
0.1332736528661591
0.3957357820707563
0.5048326937865475
0.5530070307249617
0.8794533164188199
0.2067969553444069
-0.44761155639496253
0.6418933460265963
0.8721980024589171
-0.1483867141435833
-0.7653482024290881
-0.9293783595592513
-0.3339285712430624
-0.3092080588815038
0.1203740228420831
-0.8917457128621675
-0.822868756954551
0.31640274585895667
0.13418658170615294
-0.14786825316876098
-0.34971476098445825
0.015970427301091217
0.44046395001376704
0.7515712780824837
0.18549930934599534
0.8213499317977284
0.6398078197619979
0.912307812450768
0.3701266060972035
0.4756610588585659
0.04636455341550105
0.6082324669947394
-0.5861770790670722
-0.13006582011999024
-0.6826331151093998
-0.2652898594476816
3.553417956699657e-06
-0.5149697622357146
-0.023547288721393222
0.7749898547194434
0.47845970754482914
0.11805099689621423
0.21204142986283991
0.9003186971566437
0.9800488618052106
-0.8341530468108851
0.1325596321860798
0.21153880712448458
0.679056253357619
-0.818558392986267
0.08848081227955995
0.1098728575406418
0.588417819786375
0.5403096538583501
0.5250709684916668
-0.7025935421508542
0.4919834594429682
-0.8857957230567541
0.9963786846460057
0.8185055430095427
0.6958523344737262
0.12341448680261857
0.20925980711359915
0.7142234032898143
0.8532994340840252
-0.9765563728742028
0.9248524085951617
0.384414747532297
0.3411149673676377
0.44479945910529595
-0.8131353370939378
-0.9463381512977211
0.8833724632405311
0.6953649913206661
0.066745363626739
0.7254967614437724
-0.13023190189263278
0.041196300286538534
0.26226335004046586
-0.6713339097511142
0.710385433707124
0.11259417223090051
0.7158720131560457
-0.8731808801597007
-0.7136367054008348
0.281428086180316
0.14270203278360039
0.21834514526361715
0.07249993861307158
0.34261006141786865
0.1376776837048126
0.8227547836101334
0.8886509897133537
0.3060717552441572
0.0486751499049054
0.4804808959124378
0.10813864329207634
0.4919190420088282
-0.11592506897792854
-0.8266403043937471
-0.12996555934841725
0.9834996819388688
0.09783453547396581
-0.1417858472897695
-0.24880146652425283
0.6511139110083001
-0.353952373338074
0.0018042325846867127
-0.08953823756130222
-0.9662301280251908
0.9456576783932469
-0.7248459969932481
0.6761545928701196
0.7667996844497138
-0.33111184633656154
-0.8728376214647467
-0.3296079902525143
0.8764071400530508
-0.3242456146800934
0.882019385959256
0.550855393962832
-0.6599316015881047
0.7706398943958519
-0.4478109627532221
-0.32335745492682544
0.15617744209901185
0.8914443018518896
-0.8160930880044324
0.29029822967879587
0.161208951961541
-0.9632022558854583
-0.7053274713859232
0.9052612280018816
-0.9916474046056218
0.662770884806272
-0.1478030918310764
-0.879235713119444
0.4631797459370201
-0.16412411943612837
0.6548873683404326
-0.06904497561689554
-0.20474838431847375
-0.9538791087832819
0.8812524871612896
-0.022880221513098927
-0.7562348090093438
0.8772906480798053
-0.6199791957380569
0.7680636431735364
0.37753420119741343
-0.06193932357976539
0.8493468818241809
0.33364650293341125
0.894424328861924
-0.13572472292078874
-0.6144334373623128
-0.6207678716843603
-0.5589334051638738
0.5737354911414432
-0.08398665851932907
-0.680714580918619
0.10362649192376144
0.11701652862266139
-0.687160597477759
-0.500121534233546
-0.37972092591073703
-0.12411264220287278
-0.8905774770982332
-0.2855515593943278
-0.11771718672565343
0.8745237978492192
-0.028645178373690138
0.5802467892423785
0.4848926822376118
-0.6506533309435898
0.09171822055781931
0.07196668207725732
0.8889022310671737
-0.12221611682549494
-0.9391317441775568
0.37349975073965713
0.1498186276491551
-0.32637556097596976
0.4159719915763076
-0.5477158075918095
-0.4297236529018127
0.5674472679875635
0.08240816886018446
-0.6357883002177791
-0.7465907501999455
-0.39764897575452934
0.18877289995757082
0.9627133645250178
-0.12287289920714821
-0.5372553784706247
-0.5366972666903856
-0.07031497800687155
-0.3862867000032811
0.03476649458296289
0.8657129427102448
0.632527425765544
0.11924205519203142
-0.9144509848938124
0.1733650033717653
0.4518287906272056
0.33269834702171286
-0.8664685758788797
0.17396209080012093
0.8250491984469579
-0.838901861555871
0.8470616859752924
0.8626974604968174
-0.06823296927132216
0.2637127073224745
0.22623062503882604
-0.4637605550589266
0.40180739979533614
-0.7819328521689425
-0.7369987114301872
-0.07842248674712322
0.05779643791144126
-0.6028142790230709
-0.9590527405033583
-0.9821052043638153
-0.23714926629639374
0.9075652317387586
0.7754998441063331
-0.5835464048987505
0.2851789478712604
0.28747832957051467
-0.5413055415789739
-0.9601531767569977
-0.3182019380271026
0.02821799174536488
0.5500066513557988
-0.6250221340701256
0.3430430431460847
-0.21564190661174631
0.7953164603110503
0.9524696959899651
-0.018092160973078617
0.20262945282752773
0.4853425366970633
0.2570457831144534
-0.5057801683061778
-0.021618342143829804
-0.5841511864351563
-0.9650001941444488
-0.9201047544495825
0.8573244444011674
-0.4186426844820455
-0.5134709171539147
0.2186004601387296
-0.4898937401371368
0.14756482047358851
0.8980837504281831
-0.8536933323801239
-0.7674066454107343
-0.5540353470035762
0.20232947415654878
-0.9373604539069111
0.30560187787654103
0.07273501551223749
-0.4395513427579818
-0.05938035841845535
0.13029447407118022
-0.8185276958196781
-0.16691046204726143
0.9118198236036693
-0.6766852637652193
0.5481891161817336
-0.32790616944171924
0.47113960510408304
-0.9040197118257199
-0.022049021393154504
0.09035919339111298
0.4913528067786103
0.5542326909914619
-0.2997312372704085
-0.30190429009172487
-0.16814383273011096
-0.5655241328659099
-0.3122544549707991
0.39480754701514975
0.0934289244609233
0.013766205495938927
-0.10472337895897033
0.29449801737118864
-0.8882946208515585
0.026143521088015875
-0.624960039046373
-0.4033792862182155
0.4876619703489995
0.46561011899550264
-0.4194837210224375
0.6698557072473936
-0.3134277056872769
0.6561156800843456
0.48925045050499044
0.5440445796829089
0.3470838967119296
-0.8632597990108255
-0.7013693868843578
-0.03035541007070619
0.8571795091787934
0.6174677794229833
0.5329322263852628
0.9146235022692473
-0.7688196538522616
-0.3771029768230535
-0.47865895533532066
-0.07610096531896614
-0.1573523251278478
0.6284672966712751
-0.18458499736716805
0.057900116255920064
-0.4603217075610575
-0.17044210037185614
0.9783279192832037
0.23570657770230752
0.2324681055450275
0.6870839477614883
0.7960180973083193
-0.4766555963045603
0.3896319705906634
0.5952288238135558
-0.43253145193184
0.7399408950419789
0.23562417392085233
0.49669903889481526
0.09347920827918905
0.8381514205149629
0.9360804188177627
-0.7322470800958167
0.4719171152372068
-0.8152384041223667
0.49347342469409977
-0.498955909839305
0.7727407414336966
-0.41636399323252027
0.10786825236629441
0.04820840782221385
0.7327433859154904
-0.44364702162743064
-0.5151573184029699
-0.39210787142370473
0.9249408024511552
0.9773535889360339
-0.8994322687414547
-0.3806648633430895
-0.1573677036174825
-0.9484180795762781
0.7086741059094259
0.4037153032083282
0.7416950353593639
0.4911009169443622
0.24840326927142878
0.6108406922895181
0.09363168272218785
-0.15944464781455664
-0.4120858204533831
0.6823171209465747
0.1282158801145801
0.38468182985641475
-0.14580345838169506
-0.1867027652370707
0.5936212917822927
0.2585437515306813
-0.4146636472400179
-0.980493910575642
0.49642707181928025
0.6656100812520644
0.498081736674278
0.7662795223343768
0.11531443881557846
0.2326404047713455
-0.02147125457904897
-0.7129006449033998
-0.7677002153354405
0.822819955275874
0.9056597675959243
0.27811080921613435
0.8096882351484342
-0.8826534391284508
0.7892483893896084
0.6141866934811616
-0.1978145075874947
-0.9733891616242477
0.5219589193717666
0.2947543394084743
-0.2951009118107626
0.20715547437685383
0.8911998040585081
-0.7166868865430278
-0.2761969053491846
-0.43259619396303894
0.7130764036537676
-0.24636814967995954
0.4684082936055587
-0.9008195423109941
-0.15678069276507078
0.4174839758808997
-0.04858173726918169
0.8979277758624162
-0.4107531610574202
-0.9442135312369495
-0.7534390950864609
-0.9186178058791091
0.9814439503499743
0.14830537277811415
-0.0357244200179404
0.3053437071218568
0.5179975798971183
-0.5086367034195558
-0.2948735848389348
-0.06214933079699565
0.20324488785410216
-0.35284608935334233
-0.6796442584387856
-0.7270046254897642
-0.22255240812426824
0.5748222251189796
-0.5270767832283048
0.9383243915581161
0.7412486042722964
-0.5328302011994782
-0.3172554623495478
-0.3317736376377831
0.9483998032870846
0.7082811207171957
-0.1377246836527355
-0.6150495034681065
0.6627672842798884
-0.6372375034871464
0.35714953602330335
-0.4039268708828575
0.8786425973754095
0.6720394704569649
0.1832022463988396
-0.3706230460179227
0.4452838545727637
0.9683436784692245
0.27752893559071534
0.9789516308660979
-0.7917782651531294
-0.7935920302961711
0.35735957656342593
-0.9359940587574926
-0.9833193018895148
-0.8827570946591068
-0.6336690469744025
0.8083812923560734
0.6774802152027253
0.7279386054328321
0.20956747921552132
-0.7106963955146364
-0.5848491508363278
-0.4447320396308765
-0.03687128968556519
-0.8249462774164193
-0.4787900005684895
0.8427092517707498
0.4135672385362771
-0.36509986361964625
-0.7451598352786393
-0.06435811765148337
-0.02204104711933521
-0.416758927263908
-0.04496787574681962
-0.2645316086889697
-0.7284710706419121
0.558908964523525
-0.2786394510196014
-0.6981826108925636
-0.4464026029505477
0.9433148700957371
-0.5834550457538671
0.8959069865136798
-0.20396354247304402
-0.6137612637754444
0.8351673237193952
0.6910132838019702
0.11929450224352642
0.5122172329062484
0.33509855700265123
-0.8786362319758767
0.179122186261512
0.47837044591649525
-0.5525104234031145
0.5352890548473366
-0.4176225137655945
-0.7701975325621094
0.9112270049872425
0.2587910438615204
0.6050207525186198
0.49408326206367836
-0.34446227650115346
0.46964907612398843
0.1289393328756912
0.4091143398855607
0.48270261949182774
-0.8409113163061557
0.5768475209499575
0.09152331149210273
0.5491490745233173
0.4499222585965355
-0.6470058955773549
0.7704483715933719
-0.15076288494135381
-0.6973516012596854
-0.4223538558165275
-0.6347877406180882
-0.6618471284694436
-0.16303791470467588
-0.7236813165808487
-0.2311550023639839
-0.14327131843360788
-0.2005512298606868
0.08386396982408147
-0.45586475528065795
-0.7607958601693048
0.4030029561520611
0.8037590479258305
-0.39991346394549715
0.6160089864001098
0.3120735941031192
0.1204649407362165
0.10039526379194404
-0.9818937549418426
-0.47185304342614826
-0.7503665618763248
0.32841637092308534
0.8561865831750703
-0.43651659740593957
-0.7105173164304431
-0.19839665794510777
0.3484204583698591
-0.7943747804339585
0.9173902262161687
0.29591330833308094
0.791040179230051
-0.6114559338025618
0.17237779108637818
-0.35516986160993436
-0.49701897513395243
0.45059811663220356
0.6287503370582264
0.8967962008472504
0.764049027331879
0.8707675936145944
-0.1441887247881356
0.3109342408785952
-0.9297268615286629
0.5940371801995963
0.5795766183367059
0.786520651475817
0.14598838180861612
-0.4588306499912873
0.5106982998204418
0.0117004464248227
0.6982180234606102
0.16142550453730772
-0.26760864607015133
-0.3537466282474974
0.47593996902139096
0.7293522615834772
-0.6658875593778459
-0.11094683133582861
-0.8650520528229693
0.6076537501944663
0.8528182516969962
-0.9136575027194731
0.019764019972051843
0.24059993166285004
-0.20178055211968343
0.5337805464889842
-0.5247210710733645
-0.8032033770780195
0.004942027681613021
-0.734000264382764
-0.42985836273479455
0.0305805531001153
-0.7187491520648516
-0.6692179502061156
0.21466435258546562
0.6108972808802057
-0.5636355985441953
0.3160185349498249
-0.811950989850789
-0.14006789864299074
0.5688125237915029
-0.8577714173195553
-0.5737882758347672
0.8064471254803992
-0.5751216814665308
-0.8394943718161914
-0.47499194043449067
0.24765407989329136
0.22853230021870563
-0.8273087174538949
-0.31428683996515056
-0.8791686534234239
0.33966959532595514
-0.2839875902851975
0.4238616982473916
0.8368988056441279
0.19013624984733946
0.21216371592529268
-0.0771453280650728
-0.5597075838382206
-0.9749714228197918
0.0031939719055354464
-0.09445367100080089
0.3360167791072825
0.40991427375861905
0.6002409383957289
-0.08885728649633784
0.4200731813919046
-0.8965924771823212
-0.8535339171614303
0.6596005002774931
-0.843648709611971
0.16437641188840232
-0.7528440717459903
0.006498504979399078
0.017130422065683604
0.14568479059171646
-0.7032939630482216
0.7629745507349089
-0.38176852266615213
-0.9705726930867122
0.49848540665706453
0.0045926778298626715
-0.4618000534974329
-0.43149488026349
0.9068956444505728
0.8836937000137569
-0.6985062278379721
-0.11864646509057689
-0.7317940255239493
0.7424032780385098
0.17021639872434893
-0.8138996581101602
0.18799273183537968
-0.37115226640877813
0.05158413754390856
0.33842820629238296
0.11073591429217441
-0.08002741004842182
0.7607704226058914
-0.05291878842066874
-0.8493594199998611
0.9161014792816726
-0.4187725762866894
-0.22815982699593618
-0.5753666544216693
-0.7282162223998012
-0.3720916802215854
0.4246751562346873
0.5016547727923539
-0.8181115823158626
-0.4334872557130208
0.5874399827551797
-0.2601012549745972
0.573147541547653
0.981581464199979
0.5370651426481856
-0.5091945964375288
0.6960669317946756
0.7832286050462142
-0.9684279856973229
-0.3023391934760623
0.89744307538463
0.7870431511849337
-0.4164209204661263
0.5945785810556589
0.695431582396882
-0.904196308402081
0.13701581615156133
-0.044301391495567444
0.6916812333092113
0.06366821227694874
-0.5752480431704785
0.3687709816958955
0.4386884581068029
-0.1558146720624627
-0.3719855801517704
-0.20669333207235238
0.10520051624427457
0.826623131445479
0.2021537774574683
0.040003901137623345
0.7347904202183132
0.5240284320755072
0.10488688855057807
-0.387191312003055
0.9817441371823912
0.5550124734228086
-0.6968249938554556
-0.22783322908504083
0.1409632111068537
0.4260977218950344
0.5411027932300969
-0.4206165889191128
-0.28717610090609424
0.9499197982600378
-0.010349263090982053
0.5228764516716948
0.10179822193187738
0.9682426344458113
0.524388095435828
0.6813098843497805
-0.04431466144515617
-0.4559520321899091
-0.05442041406518783
-0.45578495036202554
0.8186033386950626
-0.644191457791352
0.8859513695334803
0.8620477240462895
0.07736565953102022
-0.6315473887218118
-0.9489670669744261
0.8033918681862271
-0.7585861170835687
0.013819091481991017
0.6601891841239768
-0.5462665555051862
0.2674621355512674
-0.12531318892949006
-0.5720716776686199
-0.5497661556720801
0.08294820653665158
0.8813127182901315
-0.3828883527497222
-0.5702727153090397
-0.8423784139991408
0.2686989717065762
0.6868134436591378
-0.8605134295772274
0.507192125245419
-0.9321678991206299
0.17145534859165634
-0.8584960951902687
0.9141846534439653
0.8509251901606557
-0.14498498220447456
0.1397331951255128
0.01161463957749135
0.35554216613000605
0.8949670240313674
0.15322340883507207
0.518146152325626
0.2230024431470354
-0.7791971840084032
0.9655283641219634
-0.036102142616496816
0.8681596261291185
0.4438756403183082
-0.9211371281970246
0.7739114098729669
-0.9620493860823622
-0.7297913309306643
-0.890589462627603
-0.5397446051020969
0.11867789022103503
-0.4096866510283552
-0.5192666156025094
0.0931504702739685
-0.17427013232865973
-0.05658054469347151
0.24127830135023864
0.7597688446337878
0.4488873672609113
0.3320340888924312
0.020301097005476124
-0.4962503382204652
0.48421832842114054
0.85884498577993
0.47545980041402863
-0.8761720429942254
-0.7767510091149078
-0.4571444975819596
0.07960685382058376
-0.9911463633425425
0.7497240852375746
-0.5823953813412367
0.33553609933492146
-0.23045416078815362
0.02492547868399364
0.010499619319238596
-0.26828095780411454
0.8332254614210106
0.5865543256690944
0.060277991512329265
-0.3368451059266433
0.7775743178757615
0.4637906700667358
0.34394555735737287
0.030727410390217313
0.3773831844419442
-0.31052600276530185
0.6470273036172682
-0.13924811456476097
0.07798407830898905
-0.7530379051175276
-0.5889880253250328
0.758700695007972
0.48913316158441433
-0.15541895806544326
-0.11499155916077175
0.67835988110308
-0.9700781996624519
-0.06490545347441379
-0.5617235120331547
0.20900463243828415
0.02516572431117603
-0.9202284166552936
0.605276359705651
-0.3618060525808309
0.8459317175238867
-5.451186961624482e-07
0.2304198419143093
0.8616859312654663
-0.5409514962021194
0.2621118145218688
0.3843708089745357
-0.9021370091145036
0.7422721534874599
0.36451013864896553
0.9213654334208587
-0.6863795295805262
-0.5105573188219388
0.39122249044898116
-0.8402877129148576
0.39985149760501404
0.5565287515809203
0.5986750330082005
0.8567791514412393
0.12539727270837675
-0.0594462728766294
-0.2704747888026193
0.8610285969852669
0.5812268387099861
0.0927038524186079
-0.10558345834629979
-0.6621433749232639
0.5628847353089343
-0.7653985487311412
0.24152079416807704
-0.9379661090122597
-0.6728989215512235
0.5431524962648586
-0.4705285850309151
0.3016963019573766
0.30444252558667917
-0.8920252295112168
-0.017540467749069588
0.9004170904424122
-0.8937211044810269
-0.8169279877235209
0.5174923162060039
-0.7941670789896531
0.8070393606008508
0.7892542447963018
0.2152107764836544
-0.612282505362576
0.7794356019105178
-0.8270683801156986
-0.28396815701377665
-0.8628101359130571
-0.9911904908571287
-0.7702454663235085
0.5410805689832314
0.9194153902666791
-0.8629898468208359
0.4667097814956913
0.503334356928484
-0.5390643355678038
0.48828692966889164
-0.5682688529138831
-0.05138994294873189
0.02329374613684898
0.37940868427138064
0.29717630404707807
0.39295985712511383
-0.9926451737251076
0.3363355416827516
0.42149105101940365
-0.3156784009976321
0.017832629644313477
0.1964527349281699
-0.02623594858637622
0.6752417208374353
-0.24763472369059294
0.31062858650672154
0.8666279235003647
-0.35522033880662973
0.2907279125882791
-0.13268863583845905
0.4588657579849417
0.49915621616350797
0.6338631761639433
-0.8329979156049487
0.6003214035109354
0.7777485778758266
-0.5316432186820212
0.5862888373338013
-0.4058269224951174
0.7074898179125018
0.969725126468068
-0.2928810584985433
0.27496246197016827
0.2808548288366764
-0.8518402708743491
0.7717675489412958
-0.93055284415593
0.040122621718317
-0.7494976995789395
0.26559237442577255
-0.44052805067829326
-0.23364845677819707
0.8929588175956102
-0.027421269701803967
-0.4384133782569909
0.5913208100261597
0.40976028882308835
-0.7185069236995982
-0.10164691230128184
0.4878340701590163
0.11985819519923621
0.9403470333097694
-0.9306812822019424
0.5390732385273369
0.16972663033925772
-0.42067809770297293
0.37387553259044126
-0.046689879025431535
0.1387969881607427
-0.9324022743111418
0.5140997635832163
-0.8105113565927641
0.9066036326777244
-0.37383278231428124
0.6382487108768776
0.5829955702380255
0.7524627712389065
0.2586937194987722
0.4673904625148283
0.7552072860144738
-0.8641704051752267
0.7516347641024874
0.44245982855402394
0.17349412802366745
-0.6142645826527163
0.9727447444406822
0.9722083116268497
-0.05248510023569519
0.16393419279276586
-0.6324974540638242
-0.8755823779211547
-0.29983319809066855
0.46810054930883815
0.33859116329599037
0.031699410961049335
-0.4478993908593478
0.8494558585265344
-0.9651534198418972
0.6926562041544884
-0.9661611171763004
-0.9927747970761661
0.8649123119885314
-0.824264046194313
0.2563295799282991
-0.3401880237608703
0.617374473319036
-0.4209367129049628
-0.43220948057429315
-0.957539197432704
-0.6422764058110869
-0.7343753866109698
0.585651286291904
0.40955429652243647
0.38452272693550915
-0.6087183580662364
-0.9792916605034635
-0.8326837676859503
-0.4982975458192294
0.755645649794668
-0.4908679669223759
0.37348880266409257
-0.7166328398015518
-0.8302492470606049
-0.2312327378671526
-0.23021547717076585
-0.11543091197781519
0.7496271196083404
-0.5942762552669549
-0.8148716851905257
-0.26454990436561976
-0.9770189591349093
0.366258660474655
0.7341936344400487
0.42446969800483103
-0.8237875386928851
0.24745754957322622
-0.7931424179589869
0.8533495595872497
0.4347168739840298
0.949335177370543
-0.43211319788365216
0.7588348340452087
-0.6411335046639463
-0.6551002159833984
0.4253431655724961
0.24485300035398405
0.6231076898619712
-0.4898690697852994
0.8785026751046943
0.23379375926205448
0.46118665799293335
-0.029089951990945773
-0.15169563375041628
0.9694756196276886
-0.440564173320397
-0.27990132286760233
-0.6911153996411191
0.9163667339330087
-0.8398519747323432
-0.9937846131506285
-0.4930999744598855
0.8778702119094512
-0.7109023476608758
0.07035202168790591
-0.3883844685512598
-0.05575444361619304
0.895778290566716
0.5972125488072965
0.9749709728806705
0.670755716448048
0.3289873093919588
-0.26132139827823486
-0.9355255141369582
-0.36288992448168017
-0.824009367542499
-0.5491443709036361
-0.9342559977793845
0.6246387797088537
0.789801086743755
-0.08731029104395605
-0.1185952291408261
-0.5122844790427261
-0.8215838968990773
-0.4387557526595906
0.48085810263876616
0.8566991476588786
0.640854624765871
0.8607174741448379
-0.3216872323364594
-0.17239119364971883
0.3949745360652697
0.8088520517506131
-0.6503380451491214
0.7185876591085155
-0.3975746295348727
-0.8747022450687523
-0.4222843145561926
-0.4962641743399633
-0.9963120252159862
0.14882104494301857
-0.43297588317435887
-0.17387130141118945
0.32556335398775516
-0.9359343000326752
-0.2440320849559674
0.9686510191889459
0.587191875973343
0.13532540306944774
-0.6516482331247445
-0.21684382103328131
0.6821938417908242
0.7682678081691878
-0.9502924272247999
0.6842445767696534
-0.34687387992707636
-0.1422174823737193
-0.42454225969635623
-0.9110112246485995
-0.7159869179044631
-0.7852663288194707
-0.9634979563419661
0.49240073870446
-0.1571361480363955
-0.6676710060553287
-0.7962701575595397
-0.9302038276047917
0.9386737670896358
-0.9758015689559343
-0.6980955586298364
0.4211129134747522
0.7141954568517659
0.5970128089658677
0.8311522818268013
0.14993918222634672
0.6548280681052716
-0.18170247805697248
-0.4000578569694373
-0.10313055217408873
-0.4026066840882473
-0.8550766040726322
0.4057724379392736
-0.7059473179764949
0.546129977727373
0.8908290682080621
-0.14280118505006772
0.5044765588885518
0.32839531298208124
0.930332212539942
0.8446816987330528
-0.25463023349883623
-0.3216684577459677
0.7350159775219214
0.836062018168043
-0.6055575297768747
0.8446192088491052
-0.0183755345034138
0.7850909442012176
0.10304467038007714
0.025377837360689437
0.16561720782971312
-0.2866325953333144
0.5784166655993772
0.6917025413525986
-0.7483041685277407
-0.7219803486859359
-0.6867704139789744
0.05313769202527844
0.8575932487203544
0.48991367534181385
-0.7557176853361803
-0.4790931923355597
-0.07069142042045494
0.5210705915094241
0.5248224371098839
-0.5472925942127883
0.928733035168136
-0.8907251286241532
0.06785476084643759
0.9230969597251016
-0.7409974125824841
0.6776964099918926
0.2527747129824683
0.4016548118131799
-0.03609388689591679
0.3446694240240046
0.21252518072443172
0.6279292419745786
0.5857046043523966
0.8322611749325555
-0.1551159418498147
-0.6914925941825871
-0.46325785320198287
0.475447787532754
0.732800496194768
-0.14073660791793946
0.060315871321111894
0.08103787134023996
-0.8488021764683532
-0.015290721670997457
-0.8938975758385942
-0.800680437704684
-0.7299124483166824
0.43245638151387905
0.3653125778392523
-0.5500983539673417
-0.7491470710638817
0.4427461290948765
-0.028052607850191005
0.3173128196594557
-0.9263255482437067
0.11079168262119916
-0.5739364057368297
-0.3585909206593518
-0.49283321334893393
0.3757260170902812
0.5067152681716907
-0.14929476420857357
-0.5674052865853687
0.9022986327849165
0.7445122801966144
0.1587434047453246
0.06743977497444271
-0.9115335509941919
0.17475409288109653
-0.9146344444810639
-0.5582367720334845
0.8218008077224686
-0.15638253842901895
-0.8190417345645362
0.6615297454015049
-0.8896321623854623
-0.9717860416602293
-0.5862458015618719
-0.2282287187157345
0.04417294904671668
0.303364666947615
0.41358397897556387
0.9851420196846117
-0.7820498399074985
-0.903842997148024
-0.12479284484984852
0.2612159560729099
-0.1012281695546331
0.7296000562259699
-0.4057894750961124
0.19537561405152726
0.03665996187081233
0.18407812080804753
-0.7780009852177717
-0.9688738077824328
-0.406476798266199
-0.47915794555563784
-0.8038396430012545
0.49346828676233795
-0.222348004641031
0.5184799227953897
-0.3705194806364739
0.5969889899201127
0.7218135635755727
0.09850399869075979
0.7610283160556126
0.43414128850982836
0.8387149622627454
-0.08592110640491324
-0.48431959602926017
-0.9495523266245486
0.7285806553112381
0.6852281091686799
-0.15126514475069702
0.07666349121412375
0.3118886937745824
-0.7707583939952893
-0.5600514552946394
-0.785715276050174
0.5858592928579709
-0.2585395493285889
0.4341792900159831
-0.4553757458796607
0.9414735880228362
-0.4842643364636127
0.019679946566312338
-0.32063842720495467
-0.732735694417597
0.6596414852135489
0.5912474678576153
-0.15456278571066218
0.8867267284001913
-0.3709306569370136
0.8433932725816552
0.756153152460519
0.9828065679723279
0.5642917856742623
0.8661132230450738
-0.9886959582349096
-0.5153364485018938
0.6729568953589959
0.016901148715190047
0.710162769590154
0.9100709882407529
0.1137429771261167
-0.8730808465496549
0.30586430139615994
0.28592504092498605
0.8238372732806951
0.3584826485004819
-0.07572459042035952
-0.03170373016208268
-0.9437656050850755
0.8626258503014174
0.9924840988304967
-0.39936400125445337
0.5477184164295688
-0.6819172727575558
-0.49514427098482605
0.11008202841271751
-0.07654180623343958
-0.7072149982991671
0.43108703085609884
-0.6934033354589753
0.4936964418819047
0.8310135930227014
0.9863411520796945
0.9900229746858911
0.15863686199735977
-0.8201273815396023
0.9555126755766453
0.7976723569039001
-0.8149168273708891
0.9086386249781442
0.7692662713236598
0.8677600019185732
-0.4487980797146874
0.974253090281376
-0.2945169633269764
-0.742337106557955
-0.6830917764792914
-0.5191205607195748
-0.47509538794841577
-0.2515850204146615
0.3395782104219334
0.648251406733583
-0.6519220771810343
0.5945680116446037
-0.46993159199276985
-0.935649620031464
-0.8579701405405629
-0.7628173929021359
0.07024127656844197
0.09895494133428123
0.0031535094503977504
-0.858898916199297
0.6636981312260625
0.2210092397498115
-0.6573693411379703
-0.4553140758712928
0.5182545861798085
0.7164811835991944
-0.9137898378889364
0.7073681498352362
-0.21437092504515806
0.6640272637775548
0.4885032907920754
-0.23527833173823484
0.2883039291262407
0.06885576913950368
0.5456181149357369
-0.6923893389571282
-0.6430125625970522
0.6234296339027289
0.22419226278927512
-0.4759680482154356
0.5927765538305877
-0.9956773426212455
0.81175136668165
-0.4095513182809581
-0.14033413856444937
-0.016118397390409614
-0.36668707203377876
-0.05142115753996282
-0.7824379215619459
-0.3897290869403471
0.7763936148831296
-0.8640686623619245
-0.7813863123184186
0.6734703982023158
-0.3238556394966008
-0.1316127235911304
-0.202969929709562
0.3485984215102631
-0.3711882633548504
0.27389919857683703
0.9681644455757082
0.043746147895027336
-0.9342761561908037
-0.10049092729531164
-0.6125457140995653
0.8488335407195677
0.37159955722561006
0.11696227330910759
0.65519889986198
-0.16697183417391373
-0.9760316857466579
0.9803759457780019
-0.3722817660221522
-0.2914513678520959
-0.27801536395143456
-0.6451115625586842
0.21155551576240186
-0.2486735992704781
0.4574684984134452
0.04526156707662765
-0.33620650199333046
-0.3921175368864036
0.2948122928162964
-0.7592892092823027
-0.9525442111446525
0.9034937243000807
-0.7723254420735685
-0.16852534198068167
-0.6346553314993758
0.017971921408602414
-0.5788257757653834
-0.6980941358794062
-0.3501058735028689
0.5207209764883216
-0.1468525075358064
-0.4254462728195603
-0.8185695440959313
-0.31948809656088056
0.6293966608753353
-0.08443497982866072
0.6804095174309848
0.8907262948209306
0.9978890997205635
-0.3219042513332972
-0.8136568534961566
-0.7136401265024983
0.7878930788981564
-0.2549665208066032
-0.8056585483331742
-0.5278978142863131
0.6625812086348202
-0.7901638399219482
-0.8186900133076248
-0.09816552010969957
0.6343104792939849
0.7447383465733088
0.8917723368250966
-0.5520387573510022
-0.9294915066595107
0.9799454183273696
0.9408002538641113
-0.022549074374793244
-0.9352390807151352
0.8680000503156675
-0.6526352810808165
0.19318775851491435
-0.45007413836505045
-0.47445863567418073
0.6936779001627416
-0.9023753567124115
-0.43021285535224696
0.4276044584823221
0.1554115050951649
-0.5733476011797386
0.4504941277537338
0.2481827091315174
0.5073893782655197
-0.8813888512582524
0.8446258955987684
-0.3480811340703778
-0.22965507153475656
0.25366484575848197
0.4148161941042031
-0.40399010987393175
-0.23193877732124515
0.898111269394187
0.09460244734487477
-0.2096812751983878
0.14997261710363408
0.10675196928883383
0.019415913622536706
0.1540252329797626
0.9152332183343339
-0.7208637899130063
0.39863185198053164
0.23826104809808493
0.2321212233867645
0.22108200469294514
-0.7222232959376949
0.3114206491638641
0.42938705316638875
0.16371725893616845
-0.7707046210954602
-0.1018207992910869
-0.5531594292695854
0.3857999066564144
-0.43907335476870957
-0.7918087898137747
-0.5028438918954319
0.5733005681753522
0.4319991965048988
0.31254964411870334
-0.47128229267343463
0.1996188429550642
0.21835957955475072
-0.4032170701278745
0.8641770580694964
0.5178224581789507
-0.1580763833078332
-0.46258336812101203
0.3054806578879055
0.755982338345071
0.24047215316416062
0.3301175133586027
-0.45522705403180164
0.26258762276705255
-0.38719253950012034
0.039866612887069434
-0.6998871926327928
-0.008184810482171567
0.6286713829974944
-0.6850085403071673
0.406527151706118
-0.09912087214273124
-0.17536530245028126
-0.4188738557429359
-0.01802256460496454
-0.7805923377856074
-0.9930996931223754
-0.7020705682898981
-0.40048868855725817
0.6766750461953157
-0.5516829136773728
-0.6071820577928118
-0.9766607779810679
0.34737292587150675
-0.3782051997698093
-0.2056906783180913
-0.9895168694943092
0.8255587570316126
0.19378798855771182
-0.9644273979938969
0.85466055283008
0.0749782046577172
0.3060727660764859
-0.3332500372893945
0.37899965194481533
0.18188408228660835
-0.5970161109525516
0.45396380440257666
0.7335984532770179
0.3482800213798456
-0.6670392239738092
0.09059549376115883
-0.727127809463743
-0.37755788190661943
0.010248125382912532
-0.7041160373223232
-0.08442500932330585
0.9968592029695541
0.030977776145688335
0.6572697315875903
-0.19846898150185158
-0.4589913029260707
-0.4314395123883243
-0.30119591822254277
-0.2730198423311837
0.1421384857339731
-0.7947681415551466
-0.5825543315821555
0.11360939146588932
-0.48730615481240247
-0.15720120059553944
-0.42318078417630356
-0.8824948981066227
0.8147817674661908
0.751614335797832
0.17933853733311356
-0.22419934883840043
-0.06447352364381254
-0.040074197975559
-0.9192144414604246
-0.3472154338127684
0.8485723737852631
0.7616587790166554
-0.7617370089992772
-0.780660445831566
0.24039469164860933
0.26927326367293275
0.4923951131046414
0.9309582289000463
-0.786421064610473
0.5097892583297241
-0.7661572717393779
-0.14932108839931482
-0.34192891558036603
0.41230411760252705
-0.9327374363642248
0.8588555964479345
-0.4241167567614901
-0.6968415491128973
0.9003883993402495
0.6761156197035272
-0.5790184522302393
0.4911889886466747
0.1340523100584463
-0.5801787602109507
-0.37953643018489935
-0.10273031715793968
-0.9079414209326746
-0.8441398355901355
-0.2778650942162797
0.8647267911136078
-0.8752379982780121
-0.2774380862224335
0.2967850727786996
-0.006529189848410663
0.2107245519606834
-0.32527657560028983
0.6958689150224202
0.005595294435146059
0.66338693544764
0.15263676404666415
-0.29747454419929054
-0.3294091754703594
0.9065326675214496
0.2757374942730195
-0.9381515403271712
-0.8867425982117934
0.17690381865920068
-0.8659735737181118
0.22542262507253685
0.09862762035624528
0.9413927492056862
0.5074020689630443
-5.279031466979755e-06
-0.9907604867002342
0.31235027837411145
0.4610132122073549
0.8253503513748073
-0.6737535414594038
-0.6291371213982428
0.5494120670386302
0.1744616911965302
-0.4339862697179646
0.7459783047186452
0.6870674294810841
0.12699002431751527
-0.12818149814989854
0.5850058760431649
0.9553247203291997
-0.9009577919010405
0.8432240420698525
-0.2764203799931546
0.6791570402872928
-0.96701089069658
-0.6096388598021834
-0.6731204674325502
-0.9329998202265506
0.4337593019826915
-0.9364167877492358
-0.011243661354456869
0.22538317202074554
0.15164064867722105
-0.8822557274759668
-0.4749443880734734
0.25985403523360673
-0.5030768883190961
-0.6033839091898119
0.7914827834671492
-0.7473014151032407
-0.8077101908444704
-0.15999741047856908
-0.9700997304226844
-0.05085190554528918
-0.855237881746775
-0.15709255372936481
0.5713837595073437
-0.5084825267229771
-0.028093841375931294
-0.9140871720201433
0.9591166716716308
0.8155051623575011
-0.247577170318382
-0.7310283789053049
0.5652130656712548
0.6867091711074802
-0.9944263018351218
0.011062853013414697
0.7175595027556438
0.815213839545958
0.24563911337297384
-0.5648591063010056
0.75134151843478
0.9437441589980187
-0.987533287596954
-0.7157937301556754
-0.13356492270277243
-0.9579151569985846
-0.9769252975345397
-0.45125166066400557
0.033394617804815674
-0.08372710784290849
0.5850544324572104
-0.3599131509729968
-0.32566795728282005
0.9980061686715189
-0.17176954802212446
-0.5617235688082639
0.024833352716190804
0.10634179784507358
0.7420109168591305
-0.6868261313217183
0.9888014245549369
-0.2094127017403847
-0.8071189062284536
-0.15069311987024023
0.9864687094931046
-0.9759039234244618
0.39818987707045395
0.7488217514596547
0.6078360343942135
0.9172767842489753
-0.22828793293611715
-0.69282395908673
0.37901978908018785
0.46295889826851333
0.521911768560796
0.8537842795571124
-0.6454358462177389
-0.4107418939170051
0.46013120611018143
-0.9526477446096784
-0.9812171229915719
0.8573615965636827
-0.7906086472568749
-0.022850565907298684
0.7612985514205848
0.7615137657959195
0.48738111541063733
-0.3468331390406114
-0.9939237428405184
-0.12310811488471256
-0.17576404940014514
0.07955865300759124
-0.8051504040634341
0.8646200415110514
-0.73030062258076
-0.43329771808678474
0.7977378009262825
-0.5168589577069886
-0.9615567735116257
0.7689902578167203
-0.3332616973064402
0.6990812013313721
-0.09016349249635222
-0.955881419643669
-0.1922047513110077
-0.7895344714664653
0.005302732651685072
-0.7943470963185763
-0.37189403401850196
0.40749256010709883
-0.09136257107282653
-0.3188464675256777
-0.8627371084047311
-0.3358714173706855
-0.45939232091066295
0.6398251149817115
0.31148161932366925
-0.10929185184754255
-0.4029271699470502
-0.850135577022696
-0.6812946903481236
0.6484422697654166
0.6569289135857468
-0.47053974230862416
-0.37565742944573044
0.6981434137554003
0.5813533536773239
0.5403879302646724
-0.7292878504131308
-0.2989785894030692
0.3321398026954093
0.2993294154626682
-0.9814521211587641
-0.40083795570008773
-0.5970387376688949
0.051906652838249655
0.2872583488120404
-0.6338902960219541
0.8276184068271721
-0.8487764876385889
0.021731289311093503
0.4534877335538921
0.4972614422124863
-0.3430757962674585
-0.750805018541175
0.693032939437055
-0.6481533349410369
-0.40426789473695574
0.6746544074405914
-0.13481669328614898
0.4817959420443769
-0.5739020436331264
0.08000996983084985
0.259527105570186
-0.5568355570572463
-0.3948493917304734
0.24978426399111342
-0.6534644371217931
0.1850725855857962
0.500052346780833
-0.268095094712477
0.32893329760694984
0.27488590824047515
-0.8723151782094416
-0.14164489524307697
-0.8885878113351128
-0.2668200971305844
-0.1650240420133655
0.4223699942404057
0.8245626277996042
0.45554475761064783
-0.24726332438054174
-0.9386146554159188
-0.8306883826060933
0.03192381779644847
-0.14114055394458255
-0.09758723429838687
-0.0418803747889451
0.6502792598491707
-0.7497290397033332
0.8958897413961282
-0.9507545807295394
0.2634516246627685
-0.48543348616208015
0.13994763264966623
0.2041107099171426
-0.8247358540606978
-0.7914068249576998
0.1909347558324688
-0.8011292332173808
0.5971640643448722
-0.5281416412023069
0.16762330298220837
-0.9814331166007886
0.11919753082602642
-0.5555527099139163
-0.21415280151246602
-0.710931796910158
-0.543772130837363
-0.5375502133551626
-0.5488210543313194
-0.3247075748769339
0.015439402892753126
0.679551075708538
0.6979827546099961
-0.8081117043300939
-0.7877800104850792
0.3703852708127904
-0.7234372292014024
0.19286167212134475
-0.7277019889749827
-0.3977474636321465
-0.8151316854807484
0.5437793180996199
0.2536959995838528
-0.5520643631452233
0.7830353971088315
0.20955551228691732
0.4919461920890259
-0.6951038831925722
-0.07455225636478068
0.18403020948373977
-0.7802859224920603
-0.12688403832716857
-0.6263453934341277
-0.8243148879718322
0.07081878795531098
-0.8010259112879844
-0.044958028655393785
-0.6551543603505697
-0.6828681666853031
-0.8311898667042159
0.5979167121886231
-0.1610207714584535
-0.3883949858283433
0.3695952662625044
-0.7164491159605038
-0.5586748101172103
0.3854251703624252
0.9375744538086302
0.20314238814998822
0.6237687453637213
-0.07856412089693736
0.9600029025334449
-0.05349402103696105
-0.28624536839784304
-0.02468404658074986
0.7545954911150318
0.7132950400286356
-0.39543039558121806
-0.13930448050921845
-0.2219981957197183
-0.02187319771011946
0.6183063819410994
-0.009031589919340843
0.38225589776999597
-0.5042668674194981
0.518086749449821
0.13672928547890117
0.23580867865736765
-0.7172543989556615
-0.13247964175370774
0.1413618118069644
-0.6969099101497376
0.7954149207503185
0.15555364328281795
-0.45248698876269877
-0.42485247042458735
0.18077465834494721
-0.5337811074248741
0.7804440414457572
0.5720354061655872
-0.4885208274373408
0.11923165035865083
0.06180843782187186
-0.413899140877901
-0.33911529226079046
-0.6411383013930936
-0.838167712076036
0.4403498675965328
0.4272528999575442
-0.278903062354757
-0.5704172526222228
0.4065934191319227
0.6071220927662677
-0.3371642501255611
0.6490231576974445
-0.13934263776799208
-0.5140070904411058
-0.8392219471774591
-0.6164115595781208
-0.603287751128813
0.5343550080968313
0.04581834113865324
-0.24899631290287272
0.26688855673110234
-0.967116341869702
0.7980711126887067
0.8150066898461239
0.7839833527894408
-0.38392864892754847
0.0089479091810971
-0.11787536586802896
0.4041024427192693
-0.6023223827806568
-0.013998050723814423
-0.5936955198882712
0.40085757444103953
0.09285756257578631
0.059807547312830694
-0.21174397795491226
-0.8386351162265899
0.9583289368973373
0.18993299540774167
0.7645206773655869
-0.9996190389371056
0.2024116472985189
-0.024049703700141922
0.2406406229841016
-0.46751612784618524
-0.2492111986153951
-0.8948015265779292
0.21042078030295097
0.09648671489353945
-0.45085066632621956
-0.4675295842462133
0.47946064414509393
-0.9591877919023699
0.10544851235505351
-0.45940099508215504
0.22542542677605748
-0.5319844499952834
-0.031406195242579406
-0.2808204614543302
-0.2182223609186887
-0.36896730546321116
0.33123291086413875
-0.7111402212010639
-0.6977137934127268
0.04865978335639002
-0.3415087248355025
0.15006216944653067
0.08662900348884081
-0.5587156952318727
0.15165868958047746
-0.09456863546136685
-0.6580505854202043
0.8023462955718035
0.641554840421352
0.7575423165002846
-0.41530924088494703
0.5012473030149042
0.7786365203893894
-0.5612941633721992
-0.7488109748508623
0.3222225723103956
0.4533171490673924
0.9500691236238215
-0.7917016359743492
-0.014167474413095236
-0.9361395600491842
0.4123204395489794
-0.9593594723279921
0.5168844435462737
0.27544452636749944
-0.11193104992102865
-0.08870580413237279
-0.4777170257180068
0.2771066136324733
0.6391970195520137
-0.5836940943885026
0.816657199270435
0.273054597504365
0.3905800862835418
0.09573070674238826
0.5034497776746962
-0.9836057560943332
0.43760887855405683
0.895269081006933
-0.036050692183329534
0.411683080651404
-0.34952351420161126
-0.8830480742525243
-0.3033118281025683
-0.23703132599178572
-0.27023600612235754
-0.026093199874553993
0.49347813102734056
-0.5083426841221349
0.2211946511044495
-0.07935923012495291
0.5126640861812242
-0.5986984517996424
-0.5498554678018515
-0.944948694378779
-0.7247176797861392
-0.6945046695110872
-0.4932340618254381
0.233517386505792
-0.0016178392077918233
-0.2024600264605605
0.8263765694090834
-0.5374191727201898
-0.3175015878560292
-0.9396729398031645
0.3874970557498185
-0.10390223143875454
-0.7280041434895106
0.24479371507693123
-0.9863778816361076
-0.5598495011183678
-0.645571252163583
0.91098022799987
-0.16411488172407385
-0.9134968861447643
0.6862571419930108
-0.6318161197970756
0.3119656328695657
-0.4700814521840158
-0.4199627632744118
0.7157672703836789
0.8647397420722521
0.06494089587884487
-0.14209932048675428
0.10637594668810602
0.6289765030877779
0.27516984444230563
0.19605880999041972
-0.9193680028628626
0.15677178693567928
-0.9042278579870391
0.8484520872067742
0.31434130580407116
0.2828482604979894
0.5689004320986696
0.8187804573319963
-0.13932251506560175
0.7374996643716584
-0.018642169651341044
-0.3577673073187877
0.6098576188993929
-0.4936655375047787
0.924610563453448
-0.5519798597293322
0.6983692833416404
-0.989522898979686
-0.12949835984620708
0.5930324937539814
-0.4571099603098799
0.6189465715227248
0.6438555268443922
0.16223963525650373
0.5386632233263661
-0.08381452776830746
0.3539966839296467
0.7691298823903122
-0.15389976779452355
-0.7449963159901418
-0.33009051495904385
0.9770562546834536
-0.7294882832567346
0.038497449776495385
-0.9236753392281081
0.9742332805022256
-0.3449348841891583
-0.9491546881630838
-0.8975476936890481
0.09610867261166724
-0.41827249637620706
-0.2580253840910514
-0.15238593910494458
-0.10426730900916575
-0.06338775958537572
0.19806962244800522
0.7831024681212365
-0.9787987085004686
-0.0274933751262919
0.9658237654192517
-0.07705772028888808
0.11764461462411299
-0.8913964081072632
0.944630597562602
0.39347666783810725
0.5817333420235961
0.18028275584246486
0.63822370376867
0.9654221846648863
0.5055862765153347
-0.5067796074706636
-0.30971948687297624
-0.7695109210412597
-0.021276230800519068
-0.7045416238280107
0.3583226308459691
0.3597852830335525
0.8112746959609507
-0.055407550591228746
0.048486667171627994
-0.9549546525446777
-0.2131516894898834
0.16776285319457632
-0.3444855126882796
-0.8172989171275574
0.5327261564652106
-0.371852386975873
-0.03463873225716169
-0.6175355070045576
-0.25597141293857795
-0.4379860331393466
0.4847117550069919
0.060368957432638086
0.9820588824128593
-0.3794445157593207
-0.4838891130874816
-0.4414156769203865
0.1667157679807647
0.542648350486695
0.41612590308115216
-0.6722862471719836
0.2412925205753163
0.7164592626713457
0.8279064076340317
0.016536651658454256
0.764004951384921
0.6236330382721724
-0.3254219122673656
0.5665939145367166
0.6584887077945488
0.2897713069929047
0.514627500362134
-0.316054306714391
-0.21937161285466772
0.9931015379289102
-0.8210103173996668
-0.4339204052184855
0.42220914515390673
0.5323153158464085
0.5943944648530716
0.8510834289707462
0.31046298948343687
-0.5501012838410191
0.8422139383706895
-0.6158742582926335
-0.5828386717418264
-0.9080530386817374
-0.2573575076206944
-0.08998073336283184
0.5904809184094223
-0.8583224591861454
-0.7108007317173666
0.9236886554986672
0.6136124458641865
0.7380966045879771
0.6497777182500328
0.4328900687773623
0.5938696310359379
0.27864437415825155
0.9213902414533648
-0.015975623968506082
0.9316222193003426
0.16361339483554269
0.3159573441006201
0.051978629750102354
0.7554545325462854
0.07150665946606886
0.6007868639698051
0.6608414912638159
0.5046316348852247
-0.6096893237488084
-0.6945569694676301
0.4539006217374364
0.6775253059737969
0.035000740100494365
-0.6155158413203465
0.202996804793153
-0.023674524677334295
-0.9166100682774574
0.575658317782985
0.7068422634891144
0.04373210248787205
-0.3804243914941962
-0.6282164699162223
0.21662285611416252
-0.10009797927795007
-0.46245202378259265
-0.39044458172346225
-0.04007949627960481
-0.7162102483119099
0.17635946996652743
0.42510606470978607
-0.3260327598646487
0.9456276654417101
-0.0867445530538768
-0.5069514766386984
0.9555328329581224
0.6352636844304073
0.8276429602666131
-0.5084911766116806
0.4486804032721272
0.1706436041533308
0.46806068038189674
-0.5961238172612848
0.4437922204806359
-0.8273283005182014
0.12087827955260516
-0.48085916433133874
0.5174583789917585
-0.04213771391966876
-0.5467103622240891
-0.6492286257585639
-0.572786849216796
0.07643482723670313
0.2938594315033212
0.902458889798513
-0.31944416665270836
-0.27711349156480125
0.08551527937502436
-0.24728156722214958
-0.22999838741200196
0.027016731284451458
0.3294071302630512
0.9967549764868467
-0.2932243896548294
-0.8696216029626331
0.7141719530979256
0.14736239215722113
-0.9968928776840986
-0.4229631331976593
-0.7684310851861333
0.06654951058069836
-0.3094781283518657
0.17001556713594224
-0.8953425815023821
-0.7535729064832764
0.8165002790509499
0.5248412924228026
-0.3956865910390225
0.43237482955721335
-0.02419614909861183
-0.19404637419540963
-0.8023830679706306
0.3955659842791155
0.36505256674663833
-0.8752019114064155
0.4226469019583585
0.19515296669398682
-0.45454449907022837
-0.14984965385325769
-0.36229861922286294
0.4339064105443943
-0.39712993099722027
0.7838821054731941
-0.4324097687796735
-0.642904018715799
0.6267906735301327
-0.3668786967558664
-0.9954539824661397
0.9042605202285035
0.1457653445706495
-0.31618221992591167
-0.3752023339617807
0.05905948655145872
-0.7895026942973221
-0.8182773662975393
0.12190674745413692
-0.4549924396474063
-0.211504367367305
0.5924623487043846
0.9027634831293168
0.1562820883635794
0.9673389450809929
0.7837795580722281
-0.2814014364283457
0.1871602493335689
0.10354306596753833
-0.339107864914314
-0.2386180812062466
-0.650136331721338
-0.5784151607650208
0.3578603845366839
-0.7019148624744906
-0.835009369119915
0.9780546890162491
0.41159103455505686
0.4521536829504167
0.010480173542354532
-0.746132639418029
0.856696506989691
-0.18183343484849668
-0.8338522942641422
0.4356883815379286
0.053395973284063605
0.8931265203325596
-0.0035452018382178545
-0.3947595237250235
-0.6985535639677792
0.06021555675076403
0.07597025389015438
0.7996235848677574
-0.5662218952314407
0.90830969461592
-0.40958519287998724
0.25871184474840586
-0.14554641491548748
-0.24842846602425506
-0.776197382983262
-0.10502345105238153
-0.6264211124982011
0.5030849374387183
-0.05581580931289354
-0.8926354319666965
0.7781693255066746
0.06722705996588352
0.4560994981830051
0.5503121283316135
-0.7366896781986203
-0.8557066419284738
-0.3027654787912868
-0.014275364539839241
0.961429150754922
0.13753877250215385
-0.30230838471221655
-0.029509867657902603
-0.5232905835144894
0.4853630434293906
-0.16378547554856557
-0.8931563905957508
-0.7709749651424905
-0.17980456852707352
0.4789150241675999
-0.17324982998317542
0.749738400752433
0.2127235626461558
-0.4559248298893841
0.33189022426047976
0.9144159621467713
-0.8827036684282528
0.2917037825821909
-0.8475611422618172
-0.5217547238256401
-0.060181197579128654
-0.24735875584032918
-0.6366507759388214
-0.8316661184304586
-0.899460995507998
0.5138241344129997
-0.6016333279413648
-0.5304920621992479
-0.09143894700317837
0.08902470572374464
0.6407874709432796
0.4217347015139894
0.6010330500994578
-0.4203713245680265
0.7926585087176479
0.2004852751256676
-0.38439135684011116
0.8273521246176918
-0.8969592538803368
-0.8003412274491613
-0.7268454456186566
0.3075572006055787
0.4103910185394666
-0.0915359305588117
-0.34780640848827926
0.5231592637033697
-0.5676256435501001
1.1083820773672707e-06
-0.4035111136352796
-0.3569138549726958
0.29386819145012266
-0.19971678961222872
0.8586961814386107
0.14970529030952062
0.8747857598201827
0.19774999639434698
0.1190656995789312
0.5368578550626513
0.6525215630609724
-0.471190110243183
-0.08753946537841295
-0.1352599429461081
0.038167933873359816
-0.5299352891428895
-0.21270791162132197
-0.6008754221868096
0.18840187623339388
0.5126695827034451
-0.6049201790213012
0.8025369444473387
-0.9438556078895906
0.15178417080098683
-0.7608591827268223
0.005115055077663078
-0.04716762381497208
0.9898841186990017
-0.8349873717635132
-0.1372471604308143
0.17684271190578738
-0.9018057887823352
-0.19878106559390996
-0.12898421996881937
0.7352218011872547
0.9236464431475817
0.2010638881893798
0.9894057790159199
-0.41074406462674573
-0.4689858068483508
0.4750502078759722
-0.7133996787012153
0.9161743089207499
-0.8386583572845017
-0.6930044690517339
-0.425429074302375
-0.5157828207915631
0.4886546485449197
-0.5020372405125195
-0.16614845407896706
-0.8697510575472478
-0.5618927127911857
0.49545391682429973
0.8343640830102474
0.5760548197818014
0.07295052496777421
0.8129715659066421
-0.9000457869118215
-0.021055201659593292
0.13359702351751035
-0.4332032591206014
-0.9325469072998969
0.3568694135492234
0.8367649096714518
0.6224344931017545
0.563587851478081
0.9528514707341256
0.6388114948281838
0.2909192849244969
-0.4428298013102597
-0.5544924808471354
0.9220460060603317
0.6330356447111763
0.3595621907785167
-0.5670081926173969
0.24296366532108626
0.872862632886007
0.9130201865354791
-0.16539125939553215
-0.67520178471877
-0.0444174292388412
0.30380197828553124
0.8210300875164243
0.4963411509543032
0.03155295259797586
0.03343724946397164
0.34213656404299786
0.09548887840169518
0.10856061210303247
0.24205791232334062
0.8187225475433033
-0.27009966382085904
0.14289892168734988
-0.5384828385459159
0.43200939100473373
-0.08120789514388574
0.9666962332433904
-0.10847012585885328
-0.00033312357943892805
0.152080946151043
-0.19126638404168553
0.4395661217711977
0.8663046858763415
-0.8274667983152875
0.6344661975107981
-0.7226135454436883
-0.6922235709899175
0.40413715394695743
-0.8499397733361681
0.24284054774255082
0.7186266540253521
-0.9152353729329235
0.19395598992093133
-0.6939510470283923
-0.30359791206591513
-0.08678809590184944
-0.9655538175741452
0.5000075279214675
0.9125958714448754
-0.3243210703347864
0.2583354922983305
0.23513735021485413
-0.5088244647454145
-0.35243159045539324
0.46568897876125165
0.4120683732494415
-0.22085089733056384
0.6219990390047156
0.7970778001992394
-0.5593488717722777
0.19606264661293454
0.9931980202933917
-0.6044534211705771
0.5701255920370792
-0.9206709252182006
-0.06538168385557752
-0.8851629209641252
-0.10944981523950532
-0.7309779873504707
0.9487958917688144
0.11783685735344762
0.9372852012528299
-0.15342855367218622
0.09814169755521007
0.4240303751818679
-0.053344387092081336
0.9567898525084444
-0.608992911309657
-0.5590706402066491
0.4685959721626848
0.800318049898331
-0.7282593477552127
0.06009295685482928
-0.11031417660599847
0.33118641350808725
-0.5138312853325415
-0.5542141060830535
-0.9667010656169752
-0.9004994899517164
-0.32859950939983085
0.5986941192152581
-0.32326944528627033
0.3106211986617921
-0.5290515615228328
0.6020462375398424
-0.14543125308742447
0.9388451699612925
0.9037049840904097
0.81146842490686
0.5698436414185566
0.3331164123732395
-0.9208307983652047
-0.7637188125249732
-0.526796511415996
0.983427629787925
0.24325141538406816
0.41820397782734553
-0.31691160736632484
-0.27227141106042974
0.449081468361221
0.42152447135885557
-0.380482951630158
0.30061047192348805
0.38759892118027295
-0.7791421593120885
0.22396170330491488
-0.7967149415782331
-0.3940855408827465
-0.5516496693516468
0.6077095690025326
-0.5734631007233568
0.4075123402133334
0.8145230234251928
-0.6304385854160462
-0.47210908462324847
0.9967535562765633
-0.5407103105172129
-0.265418416799601
-0.8727818169192181
-0.9668869901591284
0.5542893328766565
0.46740351240524536
-0.7973536574300853
-0.08146690063061199
-0.40250394719087373
0.5331418622346311
0.8302294400732256
0.8109721883162156
0.4700638718505146
0.16649243589754775
0.6335183737106362
0.637103989033645
0.6899813042267551
0.16492458121345438
0.06661742370138958
0.7029332103551498
0.7431828611557302
0.41347194288104694
0.15159934239803802
-0.09398689484474403
-0.10403310984999149
0.69806355613984
-0.24239889152519883
0.023723153606771685
0.6738373259776407
-0.6414073644879648
0.5316092664200132
-0.8014758850596899
-0.662506788459053
-0.06924433964543344
0.6970047977235783
-0.7112282528829569
-0.13318573774095288
-0.7896850511080139
-0.8416027716078218
0.8674901588359203
-0.6102874323734281
0.309760366447595
0.5132168919125989
-0.764837255418714
0.1438557053488204
0.621795326130246
0.7550055219966509
0.7744117840644857
-0.3455482034997987
-0.3482495244828288
-0.3812313368580667
-0.5445448351170121
0.3396975134156574
-0.9726617831737936
-0.6798460529868071
-0.19574921349422958
0.4534367839147111
-0.7756227438822898
-0.05093924033350561
-0.44996830627843853
-0.5471326559799206
0.38074176327649917
0.4314261169142272
-0.7343103635903125
-0.6237365912642426
0.7782571456454394
-0.5512353107092577
0.657045943378262
0.42725544717692443
0.9887244557269026
0.18656553656722663
0.15823205460205658
0.42185666638436853
-0.5752631027351798
-0.28462435611116926
0.014818157092904282
0.12626129442605616
-0.43707788541378084
-0.11568210631282233
-0.8385405608836923
-0.7843238482017697
0.9903285169291429
0.6652661108410245
0.15457215902734278
0.715101959665585
0.028676475350944086
0.9932945611757655
0.033885465334216214
-0.8343273325755792
0.49642852186013253
0.3005120438579645
0.680801185236743
-0.6902872895070468
0.8090543229862212
-0.3762278231416031
-0.5875055556393902
-0.4281236210625748
-0.2794704802059506
0.5871739567121811
0.8526999296210136
0.5629187273361251
-0.2198297226643808
0.2789097662640606
0.9247442579775838
0.07660783516670588
0.9819500318058644
-0.6993100502896545
-0.617709348930292
0.18610476366642417
-0.2560915871178706
0.24377635537321707
-0.37817062541261537
-0.09233306973597855
-0.8595605423695234
-0.618827418092333
-0.03772315155778738
-0.3166226669061147
0.9568799801505473
-0.15852379715094897
0.049023232076470004
0.8036473164949607
0.7143113271853986
-0.5564756027030776
-0.9786787994504004
0.006071276814764309
-0.38413945693946827
-0.8614673689024676
-0.9392697447062313
0.2808933714297752
0.9092342611565254
-0.4774960019642218
-0.26259154076164865
-0.8561851427585415
-0.45153108071380205
-0.098614804400123
0.16588663436321274
-0.4552674607972861
0.1529931937657194
-0.05178522495963933
-0.3634796145836996
-0.4339842021910316
0.04672113426041391
0.8343658027765255
0.8562430421886558
-0.09659300678766476
-0.7887146215949558
-0.4541968950852129
-0.5650887597073859
-0.41381855673325196
-0.035539838013595795
-0.4168245778784432
-0.469289260788372
-0.4614012669301287
0.07142369858666701
-0.013397166443082505
0.7848728515562076
0.6312150406620342
-0.6010392422360669
-0.9267985310164928
0.6648780534249448
0.7624795351474295
-0.07282115212442633
0.24250076433750728
-0.7350649169881783
-0.399825845518188
0.651547140212287
-0.6284357687491195
0.5529663745166638
-0.9544320903565042
-0.29075387601802416
0.4229440134406086
0.17569206441791496
0.7266518207566083
-0.980346020702724
0.31488439554536585
0.8445373453576116
0.04748142808642571
0.16495182744145112
0.937893056763185
0.3808867981693714
0.1730931680973807
-0.0326721283760548
-0.9462603309454581
-0.5097950964755801
0.09053701520606901
0.20335442284683602
-0.5730137050668475
0.46329437256481387
0.2604665988437795
0.17517307518956712
-0.24550814387598346
-0.5246942016998281
0.6534577021860343
-0.1545892925276291
-0.09402839784328809
0.5003233319084179
0.758337181256217
0.5900238551599137
0.94165300943252
-0.6881627425599699
-0.7123925266368082
0.7224416175103129
-0.7224116548721279
0.9030454463726812
-0.36682298230881133
0.11920870339693178
0.48811969817146184
-0.7532935004148519
0.7172966485725004
0.48326573667476164
0.9513169811453203
-0.9511992827050232
-0.6815169782998173
-0.7482552741966901
-0.29340654144947576
0.39918774860705813
0.6787486107949388
0.606000110255526
0.15165492312312476
-0.6011847502086944
-0.5761985178658159
0.23908006693913664
0.48916126313313724
-0.10713887170445169
-0.41559739904667903
-0.9923879033676848
-0.46553836697360285
0.8410419221867689
0.3445452366055423
0.8595167781287241
0.7813851539619375
0.22466833496818675
-0.7529290626759502
0.08110482885815076
0.735825995607232
0.6896338046640308
-0.3795350472652236
0.49747595755622076
0.3831145629425557
-0.43946247682045514
0.17392546476190773
-0.030388509588217528
0.835843203937258
-0.8627452872327035
-0.016298996736996064
-0.8264866298392652
-0.6630669180784675
0.7503538983717309
-0.21182772665661503
-0.6737869031127546
-0.5193939818670799
-0.8754889757094861
-0.4737382938925738
0.01012345724970376
0.8636151740309341
0.5071582594576547
0.8339149395475574
-0.6522815249366737
0.461558876352704
-0.8290139891826394
-0.6667846360676395
0.5272599650001061
0.40531757696362947
0.8563294482940345
-0.42260186407205985
0.37179454026408326
0.5564409349467916
-0.850867440439604
-0.10270520892824703
0.4976121719320762
-0.5752389366625695
0.7468760319952509
0.3685311926095126
0.13175686559397273
-0.7906724579560452
0.510766996203076
-0.9383290868054278
-0.24460386141636523
-0.4449541959078043
0.2812877100348721
0.21073364747812384
0.6975178599007166
-0.3235999891784902
-0.20519850266132866
-0.6033211889708912
-0.16916694429980983
-0.735844974874325
-0.6240058594637601
0.9845585096790003
-0.6066242657950703
0.07284222927695015
0.29306134500744874
0.5613231135760277
-0.3687223150619769
-0.6449330078316395
-0.11168904398007756
0.9609622934657196
0.8036096664883557
-0.11427370337356181
-0.3106306851339887
0.2947309407354497
0.35064637815225747
-0.09196213300567144
0.805918587954308
0.33198268238351974
0.9807522420113675
-0.3057432004221754
0.185304588306636
0.19268184178472403
-0.22272381399824237
-0.4310120553049195
-0.7904867289196855
0.3504429191505514
0.3976863113279321
-0.5948384927176473
-0.4994086752167548
-0.08129828094657673
-0.9674874745750349
-0.9072664816527299
0.869928282593703
0.7457218093531334
-0.6999986508523574
-0.6196353297163039
-0.22028120461632636
-0.8317529304221158
0.3373142200030629
-0.9516956188895431
-0.6492113021779222
0.8718329150314799
0.7557585528558575
-0.5521018926531062
0.966641921332368
-0.35506110520198586
0.6105155461374734
0.2303078345783307
-0.12036424020429526
0.7012757040402682
-0.818422994548891
0.4196084067000425
-0.40493229978542206
0.2961115209668357
0.4549989478222711
0.8208940093963687
-0.019636731026236507
0.3256272820292705
0.00499436192457867
0.18537186476251277
-0.8180920215996262
-0.4133046057276077
-0.4799564265614997
-0.02959676773823178
0.404320496364651
-0.4992307164897596
0.35634456717914653
-0.3746192337376309
-0.47745659294660436
0.1439236887122964
0.2421480123161738
-0.5449447798144486
-0.04180252196452009
-0.4715525659426007
-0.7656317882963686
0.746887871723557
-0.35990169453204635
-0.7600122149457782
0.9173825520367058
0.6129967712110553
-0.3441418385953474
-0.9767047972499343
0.9958656732605402
-0.7274758195992763
0.7483293248185829
0.3834169650784678
-0.0777770143513775
0.1504929328196585
-0.7851748947447604
0.5225173402210274
0.20455295460620937
0.2753130738618605
0.6111010050554437
-0.5210617578810463
0.5678354401162454
0.41705534475390965
0.32347833494520045
0.2290440248788603
0.04356833464715306
-0.1352762167155019
0.9981427298012245
-0.17827739361635447
-0.012729854732870107
0.5367868384636274
-0.7187252064415588
0.014887440741740088
-0.36862409258258566
0.9716818735227482
-0.34745451687269835
0.5250967314285544
-0.7720675067781876
0.10865583803821716
0.7618267377099146
-0.19373121942474586
0.11877678153109958
-0.6317417547521539
-0.2644817770826225
0.27100712369598173
-0.9208035535084526
-0.4826256192445754
0.7474361158828116
0.061391029185445166
0.12180629170178346
0.5826747586161789
-0.5496381705279627
0.4456238647598196
0.17707811143793803
0.883274488397417
-0.19480054976538705
0.9775022783474512
0.25022776057269014
0.828078657046762
-0.8326440166866427
0.7742432858395465
0.041239666643092976
0.3588024207523397
0.2213005646009343
-0.9476085847506758
0.1509319004147929
0.4089041809761558
0.1067481432756799
-0.7273295119458503
-0.48352639166743233
0.5924841903315757
-0.9077712367955165
-0.49143394841959037
0.7374743615613144
-0.1187763104250135
-0.19794886492184416
-0.2087445006851002
-0.18784754544815052
-0.21315845159087676
-0.637717674274379
0.35796976890592513
-0.2640125919075577
-0.9977458870477871
0.24164067885477616
0.5190882351128379
-0.8493279995271061
0.12726751881908038
0.8505148015201314
0.7142142912361651
-0.44580791476096016
0.2875677014076563
0.1382681635267895
0.7131034887394172
-0.9177322528977547
-0.3986726792729736
-0.7951666089178684
0.24003487533867174
0.2737728645372305
-0.2916850505445681
-0.6562001546592455
-0.49973652292487786
0.3441072626142525
-0.021581933631351937
-0.7132610134939597
-0.4239766336049655
-0.2715757263047311
0.31031188188087105
-0.10352097080253524
0.40295224573755656
0.7052455765428582
-0.01615879223131884
-0.008913231335529126
-0.04086069703855322
-0.2398922517050992
0.9687821167309272
0.7470773887495123
-0.5450392540960769
0.15519422666123073
-0.6409829852612832
0.372694784170138
-0.7944699890271758
0.8652552093258465
0.5206021061319541
-0.6851187905458614
-0.11255394415899847
-0.4472798487396174
-0.8209083598980368
-0.2577164080694956
-0.824496291456754
0.6213997528908564
0.4136176212653967
-0.08733424088798233
0.33886120058570185
0.3159980099649784
-0.993341863662304
-0.9289172963752802
-0.09276830151154214
0.7629176842416059
0.3468665894031677
-0.9376061666688758
0.4773970585596048
-0.8394503347920286
0.8861786512376992
0.5612895740276096
0.20948200390896687
0.07345115795791801
-0.43725937182160113
0.1675027933078499
0.8018928744713012
-0.5158999272655886
0.929183559483922
0.9712089144278243
0.7521512294342497
-0.029836672549051743
0.229168014209595
0.9116587618735761
-0.08730686855747197
0.8496184399557927
-0.14073657136344978
-0.2544204048436806
-0.6803528384399048
-0.565476510826183
0.1370950764949637
-0.9695807224908691
0.07675480109329236
-0.28551309995943286
0.9979231550769085
-0.2902148820406014
-0.5178225231080604
0.8671103641026874
-0.31164172012155933
0.5720944315510987
0.10510535599187865
0.1297092410449019
0.8020752643847395
0.853738476164593
0.7395846961944985
-0.5749850459249919
0.41797089945181254
0.6797236176643602
-0.7955913103840937
-0.8656257264304874
0.22818584322417035
0.5125928515452297
0.2599055873200664
0.7356892175422343
0.8917783245514637
0.09680881639515268
0.22321679577631304
0.19743320412656462
0.5845898113301068
0.17369691744838806
-0.22709156372586214
-0.3353732426760398
0.6905310813303951
0.448366592560677
0.7735570158380336
0.9192174234722432
-0.5416680697646168
-0.5398315142222254
0.26837134070041535
0.18485996351106704
0.33487665345040685
0.48542177195078895
0.5336572412401208
-0.04910949001766629
-0.13600426244412955
0.9055468931358925
-0.4119374715866777
0.1529909402509256
0.1562552586322537
-0.9015107298424103
0.6442443789119126
-0.038297089474153
0.7297736472206207
0.8815179072042041
0.7592390994345242
-0.7014935209567725
-0.7191879926945075
-0.5918961704462229
-0.024045995404602394
-0.16012276110783197
-0.04938686878185505
0.43138156715275566
-0.7571888127171391
-0.9420479087048623
0.9041768723178194
0.33167107472813684
4.630420254319081e-08
-0.1253814653057117
0.4590775016131128
-0.3623759922142289
0.9764005242776217
-0.20160461971017685
0.6124939288748941
0.8299630394152058
-0.6635180065638597
0.4105031608054299
-0.8836573056623984
-0.24358793817557411
0.5764297015599664
0.303667469411512
-0.8301028735473124
0.07102902635533859
0.6018377960660823
-0.12030236907305358
-0.9640536699065547
0.5526066495640061
0.4616069395702138
-0.8643966112540786
-0.6424557628650682
-0.4977188723257506
0.6700350876097931
-0.6275442129962214
0.0657542428778135
0.9612097552584316
0.14846176885532691
0.2020413664963001
0.8808698658499794
-0.6607479494179991
-0.023143558562607858
-0.16245829530496514
0.8922794318352907
0.2120059738286315
-0.8475371705332782
-0.12781736135016164
0.24029213279837536
0.6817291177726592
0.02914972024846052
-0.8303631042733102
-0.6480517257048148
0.2532698676944991
-0.9352341283799521
-0.19445698302047232
0.07481244481070237
0.8858380495776985
0.4577048556667205
-0.8930640918217212
0.10311907826636912
-0.6078757532740251
-0.8033046048874748
0.5069649026614778
-0.2992056775280676
-0.32954690871188963
0.7612012756869961
-0.5834355213348814
0.006975054896620536
-0.013603772948970416
-0.2823917363621682
0.4203070321436946
0.9143491857139481
-0.6209489722583781
0.6414702079885972
0.713529742538062
0.6875706027480173
-0.6347361407702921
0.14404830067238272
0.6188911582664286
-0.17211056472869607
-0.7629660197722057
-0.22835461902727186
0.5675254104631212
-0.23131528847612626
-0.42859304112589536
-0.31659641796629945
-0.5982049884320055
-0.9739041364805198
-0.8406126039657197
-0.48321866109591743
-0.3348349248505414
0.11566416055968665
-0.5691060806552621
0.4117903850147837
0.13813939697568367
0.6547390997200548
-0.22266322993678123
-0.1828343141962543
-0.142884074764283
-0.5173624634434502
-0.3130487841352374
-0.3988165739770069
-0.528845238605104
-0.7819724604639854
0.24410841238849823
0.9541270872186999
-0.9404978583449253
0.02552246215470611
-0.3068200395348556
0.18621478130675106
0.03257615114249574
0.7325454524268037
0.7441518441343954
0.35180157089501707
-0.48092278515455716
-0.682636805214745
-0.7829489220312618
0.19525056704139104
-0.7251571505118761
-0.8314867609117278
-0.1663306653833223
-0.3111165199240531
0.4004949391142072
-0.7011046365867808
0.09964197286548404
0.6282835109981861
0.6710021798375883
0.510222165803428
0.8717020813914547
0.37766540146823957
-0.5054728355156517
-0.34524839468259244
-0.9208452092862731
0.21278947576773335
-0.5012331918557109
-0.26151035875343104
0.5590043834253497
0.2317030329893781
0.5010413646496645
0.5673866675861056
-0.2836889521500262
-0.09863683529562331
0.4188793041365144
-0.18144553478148953
-0.8343969856708698
0.44507279774272157
0.9099185888514776
-0.17777322079112043
0.6428336848801224
-0.9163830192711391
0.9425981152116365
0.7490579259105961
-0.3699838953688228
0.7389385441502334
-0.534958020366715
0.13080923464294014
-0.03512404441072825
0.3399963020723272
0.08837054565216103
-0.0775252522328732
0.08292124787934917
-0.336664392911982
-0.2277046224173529
-0.13194634929679672
0.5658623432483518
-0.7791624364640208
0.002930866286205001
0.76303157462446
-0.35713664217086766
0.24479634841881437
-0.24279473009263863
0.12339261411784073
0.5866482483659007
-0.3390099237392046
-0.8304762586319564
-0.6838201056667829
-0.036294726532820176
-0.19220280536806444
-0.09235924628283887
-0.7684336955771216
-0.47048523767459427
-0.4419088317283313
-0.6853651336462236
0.17923379606566736
-0.40809637178719665
0.8371040027270794
0.7254716861670036
-0.4459226442695715
0.9637978283755244
0.709559829496587
-0.5108026901077863
-0.5173835354168885
0.6751979151167399
-0.28520638725304487
0.683998105465199
-0.901592783830029
0.7898467164230636
-0.1619284388347953
-0.4135081586825609
0.45886012171513757
0.863702841190175
0.6681995240816961
0.3780984698071226
-0.2693374412701623
0.3705224689414022
-0.515198852718268
-0.2209102203956852
0.35272921005639324
0.2029314685877377
-0.004701849955320858
-0.9066410395175633
0.006520906635409003
0.2558126943486664
0.23898487975228727
0.10520297387394875
0.939508919287809
0.7753371831220617
0.8965035977316089
0.9927896483671996
0.43799994448376495
0.20337299946193682
-0.1389543235918706
0.8699821315678665
0.768123164114323
-0.5556959394494597
0.6181526607656407
-0.38286509849307304
0.6790028149161749
-0.4684904188708144
-0.24444342895664764
-0.7387257684502538
-0.5199307280997052
0.4200838783763469
0.8372568956280495
0.2447762551799828
0.5432225558906312
0.42935965654253816
0.8483079176696262
0.6902350031043769
0.9441566843725251
-0.7670246275342081
-0.3584108666541092
-0.05635622263266086
-0.3125616131322783
0.3637626018231013
-0.6521773840348968
-0.5338118488680824
-0.5807924199865685
0.2584432819707318
-0.9920173100256755
0.6857267493112467
0.5795464110470788
0.9354925808963772
-0.5413432307947753
-0.5114460409442616
0.806476166859818
-0.8862937809359692
0.09852062976893317
-0.5731683490261017
0.3465151398811841
0.6195752184992325
-0.2394142072137715
0.2643483403228588
-0.6394549001505097
0.16478323412676765
0.9387859414799611
0.15727926929984912
0.7628507036267069
0.5411014010926503
-0.6920894226720703
0.4911425252418605
0.22319475750230988
-0.9514392816891183
-0.20965329377437042
-0.364541019600693
-0.04621461524187158
-0.08750587282239466
-0.07280261143928193
-0.8367945513010594
0.8235042179015519
-0.2796109024899287
-0.9435426826097907
0.31806243704822235
-0.06599015610428459
0.2960704458846214
0.5315595228190698
0.5724098656229104
-0.21732293659388047
-0.7827440115131605
0.5367389982379163
0.5631753125710119
0.06081303784547276
-0.13456557026963956
-0.24796252317710765
-0.6871558996425732
-0.23610402607697759
0.8559406061058772
0.7998926992949745
-0.42124062326378825
-0.949984803729209
-0.3486001985281942
-0.018818644448655216
0.7730162681681327
0.7482617110264524
0.5703442957560823
0.23898944707800698
-0.012301566232724779
0.8869290576805058
0.2321301427620905
0.3984683849059457
0.8046167328302906
-0.5235206829922202
0.8844654623711117
0.31348315376814145
-0.12208904344911295
0.11244859804854568
0.25995693486311255
0.25268994253670796
-0.6244614175858159
0.47728406788394606
-0.299520804221884
-0.24505544121785672
-0.6165038728692696
0.7014815359573575
0.08884108215883006
-0.5123000082984526
-0.5437926135146405
-0.9583933269742684
0.8859044489424269
0.06947393756176538
0.4620673522449928
-0.09935480311682306
-0.9806801670172494
0.9345489729027715
-0.4431133532551819
-0.6640677094242433
-0.3036211746181483
0.47764716819953984
0.4173346964612136
-0.9351140397643988
0.5629831692907438
0.05859411210867505
-0.7254396278785621
-0.510142595057703
0.49213851012240695
-0.7025652322983738
-0.49956052489521974
-0.20908983190427244
-0.048862498026776224
-0.5987518983674585
0.33123998278214756
-0.24229273162188517
0.550168306106147
0.3240759540221486
0.5122417197097365
-0.24761451063626652
0.057739210799231284
-0.27421758046174805
0.25432998332699935
0.016163865532828555
0.25202451127728853
-0.6060853836956354
0.17997578066525743
0.853147487086862
-0.8748791507290273
0.1174083797349786
-0.3584225228279572
-0.7054314465168464
-0.6244052444931446
-0.23494640660992971
0.7253115275454507
0.250897632584989
-0.9188715939544592
0.47538139256850553
0.48476922771301667
0.5665276856973294
0.805523327336384
-0.7074678716403571
0.09574740089071265
-0.4461849163619398
-0.3053031854802393
-0.9838903892050582
-0.7578718072711071
0.25633506996728855
0.2724366340916698
-0.05248821316957487
0.07209569790342782
0.40564158080086365
-0.44023113762641536
0.8965785790893709
-0.9639559021900889
-0.7482031312154963
-0.15359756120264273
-0.047406249748962105
0.16221050167005668
0.20254207965553417
-0.258299382038828
-0.27495932563569875
-0.24844453807317582
0.5551713196042312
-0.5665111343584728
-0.38847371598047653
-0.19092178308874508
-0.7583114255092749
0.4603601515111164
-0.4772533246042383
-0.38450986805206694
0.47320770582480387
0.26682556220616027
-0.258538317971917
0.1609252792793125
-0.477221130571753
-0.5099881425735092
-0.5567946379673145
0.4049064404291207
0.6363224306963235
0.18088653506184227
-0.911280168620614
-0.5447604941641488
0.08945225324070188
-0.12788234130274098
0.9001070790293549
-0.7362990712804347
0.07551226653529917
0.6817864076900204
0.6583171272907711
0.514224229208519
0.17551868614766186
0.9827913673149684
-0.9624219370721017
-0.5300263225648971
-0.2569343413317178
0.6292124267821395
0.30990889288037526
0.3867582000995849
0.41894933816616714
0.16040130927875498
0.40624232111376674
0.8134207703584877
-0.1992751677082169
-0.897292660847537
-0.041151745035243124
-0.7255053916250656
-0.23659354127760368
0.23125472685722548
0.835123061191623
0.6257229547318303
0.18470664883986956
-0.7118085026978501
-0.8650186045927383
-0.39228734052565506
-0.8072247656361865
-0.37360166079024504
-5.723576397732216e-06
0.7014283294106123
0.11187342003116317
0.8974646836052462
0.0954656336094779
-0.44977705942429513
-0.9581758114245198
0.21152857426079796
0.9323553815186902
-0.7558259071544148
-0.4509169692047366
0.18987324915169201
-0.9563308223364171
-0.08486884267846083
0.9279808317303955
-0.18868345869909264
0.3314858083052771
0.736097244654702
0.5921444611831319
-0.5887026959777771
-0.7377706585403266
-0.035318567123426854
0.0967039420303379
0.32888001618222074
-0.9250767196368642
-0.680964592307477
-0.5240973825816396
0.9676699808526003
-0.36645984389641356
-0.9204881493782235
-0.5715282201756132
0.1422021984290036
0.6843091234284671
-0.720359205385583
0.16950431865034155
0.13762742741674727
0.5902282967671431
-0.8292664500210825
-0.9353474053903085
0.9289364594915541
0.20743194098625012
0.032092050434749726
0.5678903978773736
-0.388288878884812
0.23586176150757204
0.580601276245117
-0.8659912205048143
-0.42867207004914054
0.6019377819667248
0.9027003826169541
0.5735330866078131
0.7614586116123953
-0.2087293823305354
0.7739995408283699
-0.48899551472307556
-0.5326552822739342
-0.47020639210219506
-0.7868430026350524
0.47565908499405407
0.051610031891699215
0.128917981250678
-0.6102119157087436
-0.6319285683153517
-0.5680606559164925
0.4534502618013001
-0.3342038826421692
-0.13020151636970387
-0.11100603336643723
0.4711977834905549
0.618583053946487
0.04690914323071019
-0.44034640765306043
-0.6376322127866176
-0.9582431894025497
-0.7822529158146768
-0.15233222278586145
-0.1921085871043598
0.09934012288088008
0.7241847225879977
-0.2922212033362054
-0.5841398857159873
-0.2815077736140217
0.11275943274211275
-0.7127801285514382
-0.9014911083230286
0.881139020782343
-0.4311605776190781
0.8055690338778687
0.8276062486418732
0.17502458756646377
-0.09316527956438048
-0.4699815689654836
-0.23720509201050016
-0.647918501758142
-0.942387683630446
-0.8281400075029246
0.4937757188320486
-0.38607703413259253
-0.03248034697976736
-0.2471324866339701
-0.19351756604192227
-0.3131860974914429
-0.23839019320023883
-0.6665089637246241
0.505947422034265
-0.3472224390211008
0.6113092053020746
-0.04238935871430766
0.9254998711598824
-0.8024753139529887
0.0457673162729466
-0.622701643685217
-0.39190402630819127
0.6394626168949108
-0.4810102679282956
-0.9497085874964062
-0.19129205138158656
0.2235974942187373
0.5106007824801155
0.9331345514104317
-0.24743884847001937
-0.6168589892326029
-0.40639770231341515
-0.4643948343486447
0.13619778560846854
-0.8661294652378887
-0.7542369436853145
-0.008905008709851102
0.6138763021741377
-0.11790361075594695
-0.17196936997461193
0.2186095178324363
0.4254176205518002
-0.5488492763220398
-0.2168079722677504
-0.04048127433697661
0.5971810042535112
-0.7466367409108873
0.2698864097162018
-0.23325588820673246
0.778572792981793
-0.5028353250794786
0.0647396511560247
-0.12541379389896812
-0.55442111617983
0.8964764730415351
0.562494122003647
0.23179976911629718
0.32114930751279847
0.4297932640317928
-0.43612298773310976
0.49348503440572083
-0.6665920567074786
0.935041920206792
-0.6505013334697779
-0.2203883378794143
0.14348536441264106
-0.21579406859596342
-0.6347044573710943
-0.30171736988819003
0.9195558309376016
-0.496459460497431
-0.3184260997372329
0.09664041257733287
0.0026217037912081263
0.04779638016864546
-0.5981854128883339
-0.43300171222935896
0.5964497808260335
0.18732478718068704
0.3159091290865522
0.5490600071175553
-0.869860010058304
0.6077834058316784
-0.7943421302362903
-0.5003580631118489
-0.2342767545851017
-0.3342879455426407
-0.6456853196611833
-0.056474942333306584
0.2211033957297214
-0.6020725526341986
-0.5656905951401967
0.8605516443274175
-0.9980232952876061
-0.8703134280121038
-0.47404538053764916
-0.08871988188054938
0.7882111216699715
0.19066381533065882
0.6401879145210567
-0.35639040415874296
0.6680894374061171
-0.18660055100053105
-0.5307659965096834
0.24953233881542544
0.6000431784818991
0.6997220254094091
-0.11085028618131965
-0.8026174357798592
0.3931736832880164
0.3680997974619813
0.9600190869903527
-0.8747408808637305
-0.06310350208204274
0.3984463078136611
-0.6580399011965588
0.18924348569450125
-0.13220978400945993
0.5865945093215184
0.3289570759425544
-0.6455711763419412
0.05721756867461744
-0.16320394609783695
-0.5725556957493863
-0.2084296347652247
0.0037539386148824965
0.292755289470076
-0.643999378660809
-0.8443965187239099
0.8441606740743438
0.02525035420107367
0.19706382105205866
0.6945395022379804
0.05437241427523953
0.6410106491515453
-0.2084486432767565
-0.7761787600790171
0.8176858249427628
-0.444161000095747
-0.055414434051091366
-0.8018244125002105
0.8169195513422356
-0.8013136419715523
-0.2116317825325682
-0.655319110497366
0.9431286516092822
-0.24011158975792637
0.306377950137147
-0.8856892056995036
-0.84890047855353
-0.43725358971924316
0.8357845842403446
0.9991525821596546
0.4067868285339752
0.5508640996195848
-0.7504947612704874
-0.38396468507047377
-0.28032164797851794
-0.36358227726261116
0.4990616864388657
-0.9191245228746365
0.2802576380760722
0.32149863863268124
0.8750659635750537
-0.6144280769048922
0.0868246556321417
0.8165896582031187
0.12776536867378097
0.3305605302251198
0.1661074617248277
-0.942513195662354
0.6312244606352164
-0.4092059001341797
0.748459639193737
0.3672091186797134
0.14104741432264398
-0.6578837133170602
-0.8722114538407904
0.03842264995464927
-0.759920907920696
0.1528415823032999
0.868666961048829
0.9658237097993309
-0.6158953048181588
0.45626061332291407
-0.25021439144716784
0.17074484776975463
0.6261573423790923
-0.8214710252281399
0.7587497161558743
0.9704171690474752
-0.3339636281994365
0.5198147590207074
0.5604529274348256
0.5383868929472493
-0.6873624430392882
0.8169895517061265
-0.1756116616154908
0.9881128924883331
0.6835895887879953
0.974850605454264
0.9231993776835181
-0.31577895385041005
-0.6348776727280359
-0.8879305610587765
0.3501309827220236
0.42933050252518407
-0.42410835129571295
-0.03780888871369155
0.7324764224990231
0.024155590002185583
-0.02680545727828027
-0.17266391658628094
0.2927997783988062
-0.21525049332644097
0.48260304433343065
0.06924952683334018
-0.43860156435258246
-0.6081009148296088
0.06599401463693888
-0.15288171795167793
-0.9398228904083974
-0.9104327896278936
-0.13052134278027827
-0.1998397275690429
-0.23964303420411603
0.35511647948860325
0.36263363527089565
0.0669909720813624
-0.9690506690074117
-0.26476796801531144
0.39871174389705444
-0.34277714062794834
-0.8387345090431041
-0.30925604664886425
0.8942171974909361
0.7573897608321769
0.5370961513842867
0.9186346184813334
-0.016526534039843277
-0.925618557318074
-0.8863670479521459
0.20650256788229004
-0.6943422873812468
-0.3242034213348277
0.6972711669011478
-0.4999060489691898
-0.9589638531802991
0.7540486644753488
0.7343676278022555
-5.638237333507865e-06
-0.2647368935505432
-0.3612184127483642
0.6219924445140812
0.7933606884646445
-0.14274363958451186
0.30768835282409013
0.47552048849269535
0.8960898140716553
0.8290822181889137
0.9690596113739478
-0.7886808569104151
0.6713332965028791
0.6946721736006474
0.773948246287103
0.8141358019540341
-0.3112988809597499
-0.72915182923853
0.4012009879897669
-0.25503050365318747
-0.7614369247575565
0.9888804681821408
-0.7867532041168954
0.2862116153084402
0.0822281093839976
0.09456445528178525
0.9009372975562426
-0.8656346772320078
0.4218187251365213
0.3068912363015168
0.5357468451098264
0.6434153878544175
-0.3315603735327053
-0.03292958073820196
0.10447556345606746
-0.19468377324819786
0.8115022212123377
0.7192079098379967
0.2520387080347244
0.5785103234136606
-0.7352454346796289
0.0878144231504927
-0.9360420012991859
0.08245544004885352
-0.3703703129843241
0.8156570600039792
0.011242710823551993
-0.6008291972368134
-0.3733006585622263
0.6543802209212441
0.06740712808534388
0.8378463809739789
0.5542990636767979
-0.8656754295210296
0.1382720505807784
-0.9743388641545843
-0.3867124763082337
-0.21795905152334893
-0.8452525254244616
-0.12448221430802842
0.7137807112153716
0.9593224658241104
0.4021850003008163
0.8930905182223641
0.8330994343280065
0.06443987182067401
0.8772115180092455
-0.597995082510892
0.6087927982033035
0.3125651150512839
0.28517383311672784
-0.9545449936041527
0.5304598881439545
0.4569901051361091
-0.05121693294257246
0.8424268871337803
-0.277079170282704
-0.4667479869889113
-0.268142924606637
0.2865249174380577
0.028565272939593253
0.44607125053956204
-0.20613242581583568
0.19521455814852828
-0.6776350257583672
-0.11245945620376152
0.7357785078017276
-0.0862063032318292
0.26944304796006757
0.28074999541023105
-0.6111256988547056
0.6204371568779534
0.6753999893010659
-0.7147648418270175
0.9803343843955201
0.4971213540577937
0.15798609826174836
-0.4634824221284601
0.26616521018520867
0.2741022765209388
0.06084343880795866
-0.584036099664761
-0.9085880589339227
-0.19092764130679254
-0.6417682404163815
-0.7491832571486945
0.29356242390981585
0.7551090762550509
0.8084702419490681
0.04483522753487581
-0.6098468245353237
-0.6133654897466698
0.11749477379119111
0.5896392425135184
0.8956614507443639
0.3333780787516487
-0.20303853098290858
-0.8288569579878404
0.2105466080023164
0.20757917274766546
-0.7535195286857227
-0.04831785723118102
0.9824610981735696
0.7452675545364595
-0.6060391557229642
-0.8282507649600231
-0.4284062606684557
0.425926043940752
-0.9592763474418138
-0.3542229513196147
0.1496449459147996
0.06044901227785105
0.6932236901327878
-0.1585920323503334
0.9986636281778375
0.5107469579297985
-0.8839683683016802
-0.3107710420998958
0.6400132030322344
0.32680179370629237
0.5767823663301259
-0.2876913846224858
0.80890622655967
-0.9387422684058302
-0.8608813993673712
-0.19931413095068096
0.8118929924565723
-0.49655950856763476
-0.26009820633933
-0.13675809232194477
0.7734576507660791
-0.6283897275130585
-0.5917683374389413
0.2935333339288509
-0.004858069862473964
-0.0979470655637445
-0.14309610688741273
0.44633126233728426
-0.5538794628862929
0.41372491439064596
-0.38847533449930144
0.3764192132537502
0.12296616147933451
-0.08641216905072681
-0.11766629669275173
0.9264626398338583
-0.060227609068588955
-0.26289449899361417
-0.317597156709563
0.3799155030901866
-0.22228067723339295
-0.12955545663127688
0.8402198729596928
-0.0070138132522572505
-0.8616274874569785
-0.05001786792710838
0.5306035640550313
0.8058730577647897
0.7260391950261633
0.5947167192450791
0.41092020778832306
-0.14753567239521537
-0.6855022746948324
0.8293655384355356
-0.5977566950750932
0.9502908204488879
0.17831518768651689
0.3673490866769143
0.23531829311694344
0.9932804886586957
-0.8722677219363714
-0.6201109088231689
-0.9582107417418314
-0.6004881281852734
0.061855190583385726
0.45326440148031855
0.6044608619829028
0.6973368099759159
0.0778975601696612
0.7941232214455811
0.6217381065650489
-0.7765621985827238
-0.7543586054809139
0.7097966934550493
-0.48736125587083723
-0.90884796921916
0.7108004907041492
0.8702268272113989
-0.18167055211384203
-0.4800071200252926
-0.10101226346234357
0.2774695352939767
-0.96308164357155
-0.0284385087957093
0.833974254835236
0.6694106112033297
0.23061210281277572
-0.3956168071640085
0.20786798006197418
-0.8040776274106023
0.682194675729683
0.6788955048464115
-0.4350805519076266
-0.9694172542040951
-0.7235763192224247
-0.7709512505792921
-0.0578127147034222
0.3180126041125808
-0.8197711747573282
0.9567725470067321
-0.504657173164301
0.22724444209183756
0.10361629157656982
0.7764126616109089
0.16651854736864138
0.7881879127131057
-0.2128876546721421
0.9598802251890557
-0.25216689921185476
-0.28336030098460624
-0.25440676398677353
0.6371237288239368
-0.7745690874093772
0.7048976041394244
-0.3804080071801773
-0.14388696458054417
-0.3100817403242142
0.145256646106189
-0.2809608064997082
0.04284786624157119
-0.4266973215804055
-0.07709234676597898
0.07942521075692621
-0.5881252910999009
0.25577491944147956
-0.5820583450273284
-0.8801187967945034
-0.5298918938783022
0.305034205946987
0.24560028605092904
-0.6808696391079054
0.5597267988166605
-0.733100279660479
-0.48516123683202145
-0.7949297408611213
0.2812150400333193
-0.20190044889157063
0.5885672004834985
0.9780660773032834
-0.21509923424705735
0.19593466539831875
-0.17188158515027568
0.3039800255199079
0.6313442843487654
-0.4860737044349748
-0.5132898877441175
-0.8039219432152146
0.45045164683652394
0.5419331487031567
0.8565510545086601
-0.6908382124443047
0.6993349108150839
-0.40048250203430924
0.6622791182457795
0.47876450786723956
0.9189939786400588
0.07317268996546217
-0.07003522251566971
-0.19195260653609755
0.031709059019232176
0.9604504118371104
0.6653777529727206
0.3268773293924409
0.6618271345085878
-0.5961975649114996
0.0640366204782127
0.2985530350906099
-0.45375839001730833
0.05264583181819218
-0.49328632252327026
0.839718620855231
-0.29104240016709876
0.5001607877393275
0.3269451969726693
-0.6510105473344928
-0.5594732028027994
0.7538407744437319
-0.16216712044820736
-0.5299680884755793
0.2775218303484088
-0.0485384242462743
-0.8055597134284691
0.780187853072096
-0.19431250425630187
0.5891536212492671
0.3721776647775342
-0.6339151397038687
-0.05234697702440927
0.24079236329114664
0.33125555205585655
-0.7154838799115406
-0.4747271022589868
-0.2584470301763773
0.35532605968624065
-0.8294163414842565
-0.22146032365253643
0.1918743424839186
-0.6208152063226462
0.2282750682694971
0.7031705244941753
0.48926391616259196
0.12385914276104679
-0.008144925460662106
-0.6489709529984773
-0.9089404576354301
0.4173904113990863
-0.9693551194639844
-0.3176699732047401
-0.01487212669168314
-0.8694195020642146
0.10832791584739732
-0.7948175445974719
-0.25651271985734786
-0.848669213901925
0.2917192175006269
-0.07578792983488106
0.829744060999553
0.5343989202514235
0.7786664518751868
-0.3825660950631687
-0.7538827160964303
0.6490817336626719
0.5123382974719357
0.4156377269951159
0.6103239009498911
-0.3914649181791343
0.5959360627118356
-0.7776776632336393
0.4846589162533888
0.6879516883922407
0.0283972834314491
-0.638924414602408
0.9065908226793624
0.00839461233869665
0.42418997675194214
0.7251240364448315
-0.9629448197514536
0.3299874601942938
0.5414310858407727
-0.4212054581743632
-0.22633845843532183
0.6453692155952773
0.7346257456398515
-0.001195250995705832
0.29494476399423486
0.48567126615789386
-0.36573602376643
0.8078641933770251
0.2003405967636457
0.407363153063368
0.15628270206210756
-0.9862328378600189
-0.10200927206257372
-0.9133636819491459
0.9490997469824054
-0.31178677862273074
0.9912681443938235
-0.4585418158217492
0.15015325576347754
0.27984527586975266
0.8781725654931607
-0.8119117511036451
-0.9334983171506643
-0.13455727514746596
-0.5744790648143978
-0.3281348829619273
-0.6508419991228842
-0.7284369990413084
0.5298797951526347
-0.10058679862881045
-0.5759854701545016
0.324045468282012
0.7475772118033295
0.579435521399406
-0.4812997978829634
0.2954593225849227
0.1670860649407763
0.6352763713722168
0.07639727433724265
0.8808047212882714
-0.16941609553694434
0.539035849687949
0.5564042203053293
0.9004188929233488
0.03582364034151789
-0.5773224794117524
-0.4512858621386267
0.3756708537959605
-0.7141341904524665
-0.03203469092076339
-0.9276987729622046
-0.8635331648907634
-0.8325565089078435
-0.38243257968619915
0.9054805465225622
0.41942139960217467
-0.33143941496324114
-0.30349441559235485
0.6557205560377931
0.16583250491860566
0.275253569438365
0.3774757163291564
0.8242348428335062
0.8520185989172201
0.2930547754212623
0.6364409300105474
-0.5554870917245834
-0.9646758153034112
0.24754136995984424
-0.48169931420730716
0.5816935836779882
0.05792327176685416
-0.6313370329498591
0.9977877606630734
0.42881633794415663
0.41096809255101685
-0.4687087262911402
0.8185464084640592
0.09425512254459534
0.5732207737881785
-0.3278029542231804
-0.05386705218455945
0.21575961878881955
0.17367943372665196
0.07786089264835036
0.17741597095109227
-0.04720465279173304
0.2628888620826149
0.8367063092356438
-0.607694124811291
-0.5341869069957698
-0.650488133795454
-0.5097523913145863
0.7688880326608457
-0.51329537446763
-0.3254573133598302
0.267383248607181
0.31072197514665983
-0.5353233155790544
-0.7466228357279614
0.23638535937439828
-0.13916789818863082
-0.43125193466429024
-0.2737132810192494
0.9321228718280772
-0.4892903380032678
-0.9921458617245249
0.13227850454193812
0.11971160673656023
0.3643828535965996
0.7810800657462323
-0.3299210328367238
0.8021123875271037
-0.3566459028225677
-0.40765507953472563
-0.9664186180809083
0.9817594582861916
0.20279514006540358
-0.7953087034588262
0.3999247775227446
-0.7958935888911736
0.9899455874973023
0.5467601734922081
-0.29597870011342703
-0.6931083094042823
-0.39881827943869597
0.007048039301659871
0.827500276274699
0.8674473488419887
0.3540816451227761
-0.7995975941834823
0.06425062362801157
-0.8780203303645023
0.8603947415853463
0.661961281154319
0.6542887997694886
0.8525972134905793
-0.04956307066258603
-0.5458461673017865
-0.2365907622780067
0.48899724547733625
-0.754374088419544
0.2693913278415561
-0.3736633253740826
-0.2140458275167651
-0.23284922381401138
0.9489620759595195
0.34664486706176734
-0.9348411274819272
-0.517879949771871
-0.3732754228058655
-0.5607996834209875
-0.029767245939676192
-0.9684373204781495
0.8551208101121145
-0.17997958601625294
0.6863723300018805
-0.1402994948598141
0.07679770765783313
0.9858069904002054
0.1282927446768456
-0.28202006987223505
0.0900935368141389
-0.7312799382032729
-0.47062673314446446
0.10125591064462625
-0.023009106119610132
-0.3870557579902533
-0.019054723826320126
-0.6384693614406799
-0.49487950543720943
0.3133670025604019
0.7802002732694876
-0.9024583420703781
-0.24046337178372934
-0.38782302984212147
-0.8013028485802135
-0.41585655598531684
0.9426145818158099
0.0034672754220791114
0.5315330903204042
0.956304717020082
-0.6634474179273319
-0.6029525297866243
0.638697923560359
-0.5006012858080876
-0.9032728840545006
-0.4636217971146945
-0.31130436367203085
-0.1099974612073662
-0.36063081458816915
-0.6699090484266572
0.6129466928503042
0.8646541038265587
-0.5451377868808478
-0.5588070130565144
-0.27144053185577227
0.5409965755445441
-0.7370204235159311
-0.2317228052292761
0.38375322467430445
0.07754488369718415
0.31013318937181905
0.14277901051601602
0.007057846235721049
0.5341399487091008
0.892764840536919
-0.5270894050490353
0.01685946935915081
-0.9987404368661463
-0.7776978744104515
0.3362536190546885
0.5225211381763226
0.2879684499363096
0.4001631431262948
-0.0816892924864044
-0.31658289407762197
0.3596640336431234
-0.7043957095988884
0.5399248787059889
0.6018404480701061
0.5323753989426334
-0.16665324557749198
0.9087416008602915
0.7189525538036886
-0.5319467333149951
-0.25001484028115006
0.9075117338897232
-0.2722257543215794
-0.46148600220216635
0.767844990211476
-0.9974782860912085
0.9954581806322312
-0.5099156023354942
0.5111667570609167
0.8146486643373195
-0.32434097308409776
-0.37931126088616746
-0.1112222416037157
-0.9586492412122258
0.5919298038006552
-0.41840269139550523
-0.8416446766968412
0.049104624820072086
0.4546358548615851
0.18330992079562436
-0.46300833419689735
-0.536890060376684
-0.779656396049617
-0.4226463656277253
0.49223242112629634
-0.754495860703442
0.03154375933147942
0.7435734014462049
0.5773901454575872
-0.4645203960533594
0.27375919023772755
-0.6925826936288174
-0.23118140981084806
0.4098642799245201
0.3454572126427098
-0.5012195712176961
-0.18792274420132318
0.13510153873833908
0.2446180062648481
0.8950890149972405
0.6719247733296478
-0.5766349729473582
-0.9261722648583695
0.6507096233949101
-0.14122544625235425
-0.20274983813715608
-0.520475356146529
0.35490374460461505
-0.6909658308256814
-0.41463754141959996
0.320240014983626
-0.049432832399357585
-0.33991019918026977
-0.5200305052907834
0.31040145784943496
-0.9001747690475412
0.5978398437018485
0.7203707385082601
-0.015904145262039378
-0.9978106505550595
0.02663440890108137
-0.5718023516670373
0.22124197402586
-0.31839445656038956
-0.2583412887035348
-0.8144466765456831
-0.25474781233562727
-0.18410066577504633
0.6622274195125756
-0.21805465576589866
0.848123130314968
-0.08600775888880383
-0.5450716063880772
0.8239037819192732
0.8439876094901544
0.24952633729015994
-0.12015221214708904
-0.7853226560340723
-0.49780568190673535
0.049051523098391
-0.7873503114825173
0.6576039305489862
-0.5277472226969029
0.17680060629103592
0.2502993388699483
0.407488584302651
0.013433964255376275
-0.509532762490891
-0.6333536243362075
0.8596293505965045
-0.028562024025408094
-0.8718301300076992
-0.882171545594117
-0.14564384964954882
-0.7376735318027654
-0.9117046868761107
0.02258869229476272
0.8542454261998591
0.8275956036945391
-0.6258280894596222
-0.4705276447773752
-0.41330750625025225
-0.7129679427069169
0.49919589080940563
0.4595934008863112
0.1114028051578706
-0.010138220231747264
-0.38304065424528844
0.799406923380841
-0.15598775788647368
0.27981218624538307
0.33071315536890666
-0.9333869560822065
0.9255136761129453
0.6099054974297227
0.04064977257857036
-0.9133647924843182
-0.980774947667988
-0.47576162416690154
0.6824996223808697
0.19060052958293955
0.5338329525543289
0.9309153404165436
-0.6269577293371451
-0.3037666260190835
-0.8516807084969964
-0.32417164786444985
-0.6783924553506906
0.6318012978671488
0.41497465289412316
0.06953362944698593
-0.1291137622829439
0.09863592449751857
0.20729068456923594
-0.6313036517404897
-0.6761497720605159
-0.19549509189787329
-0.912257405191903
0.6606066748417958
0.9726834263558937
-0.16679139173847068
0.9284501780011383
-0.6085710936322273
-0.030269238052870077
-0.7653186265425125
0.8067989237089307
-0.1120926535284079
-0.024373917790298197
0.7012901348135574
0.13385243368713926
0.5006839523495691
0.69216212509991
-0.1003547767817384
0.5833115976219887
-0.2482624105388345
-0.2347340583282822
-0.051367490336796884
-0.2309868734445657
0.25938353148547044
-0.46284344541529343
-0.5498917899357203
-0.5340195469699924
-0.4352783779215863
-0.056483273712962134
0.4510529874161602
0.8385928046633826
0.6833743882487435
0.9601361656170377
0.2990627840685143
-0.48377242549985877
0.27236029666698913
-0.7217522184080377
0.8729478771861046
-0.24345379447362417
-0.9990505004355448
-0.5322452801179547
-0.7500038733396885
0.17520048940613742
-0.682178822068888
-0.284562838926838
-0.5124352190027284
-0.3294927471899751
-0.6382399894266371
0.5041503091385988
0.1555321042118789
0.9756101344175099
0.6988316399926502
-0.9904774559923639
0.646186443004354
-6.293680587872709e-06
0.45542026697052784
-0.19171866616586986
-0.9393708997925412
-0.3347225563811942
-0.3508567360603514
0.2509501223373791
0.66227451354348
0.7122845223642154
-0.8751182605961927
0.006765361060179886
-0.6013315263437866
0.23851338571795688
-0.16267143808837226
0.7413831859695783
-0.1969471050389182
-0.8759963777952107
0.4739182031826339
-0.5399890682550084
0.49341907425140796
-0.734273497388632
-0.8569307464917377
0.9860303369363907
0.7009664284983332
0.1957242574291922
0.9309901960737377
-0.2036171731686982
-0.751604115873231
0.30257056725592557
0.8419808383567413
-0.7863159642053064
0.6767362096159784
-0.0073144479701297005
-0.06884130583535408
-0.08227673728819052
0.9769529644921309
0.20732213117476506
0.11150771663813175
-0.9225120289595841
0.3199360529482014
-0.46610958214066156
0.36029764175653645
0.15823671904869796
-0.12180371060339579
-0.04050318985525325
-0.7780398497219565
-0.851810998405877
0.4738562184008357
0.9875250109238378
-0.0402847810941287
0.48625900240240694
0.13897860505547288
0.03990446689074445
0.8965846496629721
0.44806922497653523
0.06700869137334187
-0.8444032507231887
-0.30489333041975786
-0.9952563168628912
-0.7671824783287802
0.34320746824327997
-0.5512084639545916
0.37942100200705076
-0.7497491113280927
-0.0253129914296224
0.4866981018643821
-0.6954756375483049
-0.42125201111659183
0.3325770562168635
-0.5922727866997449
0.5291242919283572
0.5903366673912781
0.8931837894250972
0.6004342274518579
0.8835450326859984
0.29920217753487655
0.6705429120181805
-0.11596033781198312
0.5996867816743429
-0.11411955195172821
-0.2022270832411142
0.24386126114794446
-0.8335897498253064
0.7749983393491837
0.09109986395699954
-0.38146007599393816
-0.13635377334545096
-0.6299428906870557
0.5659102426655642
-0.1821286751361304
-0.21471379273251
-0.529261325540558
0.9431928809269587
-0.03737300184235982
0.8483630068840383
0.5291624580223877
-0.3592154561760702
-0.4248784470862184
-0.45905373444366204
-0.9508897728151955
-0.014968395993640115
0.12639240834681306
0.31125062307549584
0.9081097067798513
-0.8205869360569383
0.4327104107694594
-0.42530547251731804
-0.7269345343968627
-0.9005722464564477
0.09212485504961138
0.07211060143401182
-0.6569496631111986
0.6399778463967345
0.4690819775579753
0.8694778033423469
0.05244856778693441
-0.828329778257753
-0.02946586675046725
-0.6805434587094539
-0.3033459585281062
0.02942220877873116
0.8512344777017608
0.2979523032838748
-0.8843507289710432
0.2109075963055659
0.6827941653575715
0.5258708962309525
-0.3074310572371801
-0.5694596384749601
0.8188371730421696
-0.688071869498536
0.039446948775814006
-0.8606483882872784
-0.44305532386930213
0.8885156919130393
0.9256448695353531
-0.8620534962050973
0.9612820849653151
-0.14935424080774423
-0.2850059310870243
-0.21534529935028113
0.7938114305858419
0.6351196667054952
0.006729662222227928
-0.9859919438802673
0.633662479208347
-0.520154340664073
0.6849580885679436
0.16223915805937472
-0.9537317410946483
0.9662945234613235
0.018645057171571562
-0.3012558092046813
0.9654943228398782
-0.669424354583789
0.3374850276939652
-0.7915788534426087
0.05475122237648547
0.894381675619817
0.709435448168247
-0.9237929907268121
-0.8910576806839988
0.7967855093191996
0.19971857584114347
-0.8938513035601167
0.7291670675209443
0.5633285247637179
0.6551084606638342
0.27496394970018834
-0.09840940277568144
-0.35621536271088927
0.9529632870417613
0.7420851630803467
0.10914380697146009
0.37050094337161377
-0.8902631578625344
0.8455463755105628
0.7013144198491202
-0.8943941805372045
0.3136276841659109
-0.830692109275944
-0.5423425838232041
0.2620493465574932
-0.8776532376649405
0.33842691288685744
0.926744988475692
-0.2895995918741808
0.49600725017638575
-0.9952892532352958
0.10617984486605034
0.45769023950696625
-0.3009007372667013
-0.8857995092120657
0.108404011474663
0.5133739204674553
0.8438504107303122
-0.22047262211834573
-0.9764087442554006
-0.3783626844504393
0.36311589179860637
-0.5060419877455307
-0.07868865578010364
-0.3418914591660677
0.2518938071443529
0.314384371829071
0.4533625308966283
-0.08402444805198774
0.40905836335814455
-0.7458971844619418
-0.4255033580736741
-0.10656079136811242
-0.12030518160721666
-0.7397396625715501
0.678253350236897
0.800800507632199
-0.0039731093255836744
-0.3698376388450484
0.49790021582349764
-0.21550362271020793
-0.19259394493265847
-0.9818488801348253
-0.13196714021765252
0.3446105545290222
-0.3033611468919842
0.7246516639266003
-0.8635052045306864
0.743379661948327
-0.08819840828817882
0.31186054315027967
-0.06923805885962486
0.081581269720294
0.11891006196317422
-0.26306794561938185
0.487022655979374
0.6569978751080221
0.3785947270393582
0.5941271441697209
0.07453328292654934
-0.6167991225594692
-0.8964311957133563
-0.6224485018993807
-0.19775051131521343
-0.5900106297874559
-0.8285183472998362
0.43874709171064913
0.9443122639563772
-0.6690570065330892
-0.19226129187726357
0.09267032920675923
-0.6875213256922456
-0.006112613312967419
0.4719328156319922
0.27143268731224857
-0.0991313485400327
0.8109330817567242
0.6336924434759053
-0.34667685038152074
0.6155467586188316
-0.512091785960837
-0.018652860180995313
-0.7858656433746689
-0.5332574478065041
-0.7299064555274793
0.3263162133863732
0.3349181054692419
0.485801032955305
-0.005503318717423397
-0.11771344663391593
-0.24631669242404972
-0.3837825039270896
-0.18742821284975955
0.9219462475986414
-0.8576256253868048
-0.301474473527973
0.9882217359155463
-0.13516680707979956
0.9065649716827848
-0.04144601807366021
-0.09349083161298499
-0.16860736846600832
-0.07085777569373453
-0.7847438186526512
-0.3587770445725227
-0.13041237560157337
0.37567581799765026
-0.7424699743534446
-0.6750608598243919
-0.46326945687323956
-0.4959386907153729
0.62314001531825
-0.8445957049167634
-0.17415344853092116
-0.9185539131694729
-0.2314045893442164
-0.594024165178038
-0.49350254500845797
-0.5500911040846458
-0.025177151206562713
0.03537570660710005
-0.932184155592654
-0.06297374506715456
0.6135344815843216
0.653881958092215
0.6331331862203357
-0.305177008866882
-0.08588373312687203
-0.4687888015755639
-0.340479513143376
-0.5744552255374118
0.8877174653502513
0.25705494977068954
0.1648337868002583
-0.3226839930739649
0.8789708251875256
-0.37163178877272407
0.8036367687407889
0.3569100623023627
0.9787758246688076
0.8242846263222249
-0.8165021428679837
-0.48277534695459917
-0.2459889654277874
0.9703749822156473
-0.8331248760618974
-0.5454786399198224
-0.3478280456029405
-0.1766452577859004
0.6548026907614378
0.5067749330246427
-0.8589562941983658
-0.21992226263575626
-0.2433051252061155
0.6466636589648891
-0.7441806785685071
0.380601115565085
0.45864525841061443
0.9929987765975128
-0.32631743227276067
0.9392924845047179
-0.4181730189587718
0.5852821266736481
-0.7130206666079374
-0.005376116616022178
-0.5439705661461065
-0.6920809835907926
0.6185868842133768
-0.580360747527505
0.37512315552371706
0.17082401039115994
0.7477386183487932
0.34357331588634493
-0.6924793547848583
-0.24215082629668755
-0.2170206513609849
-0.7712360836193334
-0.810040137085814
0.4734493046649548
0.2749147221540045
-0.07424899460489134
-0.042722670421409085
-0.9542021773964754
-0.6083059297305241
-0.2318411044787252
-0.6077070351610083
-0.15755416811532585
0.6551988142048302
0.9271930084717566
-0.24863906405789526
0.05774209176224465
-0.8726921504654123
0.8213885383628691
0.6693343793685737
0.174175175397147
-0.4613970163366131
-0.1579693059800421
-0.5395269910791839
-0.6441770476740897
-0.8628776671825873
-0.28520260321026675
0.037062682363802404
-0.3191500971101996
0.048970091243478744
0.788991758118881
-0.9854708203493453
-0.9596969823869712
0.15135700057210694
0.925762273509797
-0.21951540540333375
0.3028969220066885
-0.09557500820881852
0.9750234188699445
-0.8676477611299782
-0.7819796321248176
0.9978162584282386
0.22239089941519574
0.01037333416510533
-0.8898360914877026
-0.7500269914336629
-0.10301753255697128
-0.3840097517829787
0.002458831196224639
0.57050832387912
0.4009906350177982
0.3201809440579777
-0.8389400837265537
0.5819127893670767
-0.7630510239421303
0.9446864685802671
-0.03916147121774628
-0.48692790373279043
0.9816080127334116
-0.1338187328827946
-0.005240736024813565
-0.492743981685988
-0.1831101687555636
-0.5951408191867339
0.5768573850639812
-0.13292470465296286
-0.21851277182537965
-0.6613685156810962
0.2292701165881308
-0.6499699518959545
0.37891128373070426
0.3083121874169834
-0.45515611560506986
0.7135445974118065
-0.9176806933713304
-0.637766915803864
-0.3956584834217306
-0.841234483425084
-0.481904330886827
0.15340322950886642
-0.37313805872086236
0.6078447529294729
0.6474589027346277
-0.9336572231724918
0.0030631115690541747
0.5030455902334661
-0.7493178974325198
-0.6544166710727761
0.7966709075186266
-0.4495014530280107
0.18125163865816885
0.643165709552991
-0.15243550228851102
-0.2132535973248742
-0.7494633069606076
-0.9288148386403954
0.9518198966826259
-0.827039599740321
0.7576608269506355
0.2045647475781136
-0.3372809850491861
0.6689652053144238
-0.5506922355330026
-0.18944461724176162
0.5017735658848966
-0.9599328178042545
-0.212880604459185
0.3269195268515417
-0.1655977281599257
0.6806794856346898
0.12309072902622505
0.8610917817656765
-0.9309108590599711
0.4962249288871687
-0.33172392227808073
0.28634542965376997
-0.4562569016922203
-0.2834178684513236
0.4293896349338701
-0.47290117049453434
-0.24837863342801283
-0.6822837454449105
0.6136000669010759
-0.8937013802552878
-0.9094342082146878
-0.17214046664401605
-0.6976025741332998
-0.574175343970531
0.981699694016517
-0.8816781167848026
0.9519959346832673
-0.5067154570181459
0.14621935507660502
-0.6980481160842271
0.02584056317799563
0.4331295486615353
0.7598181775665663
-0.7434773562301589
-0.7003018444083378
0.3943502671845017
0.5923251271989346
-0.7857552526219297
0.18089459909336783
0.39313271932074395
0.7387987543320722
-0.7426272189629112
0.8544709492508146
0.3266855128348303
0.7303368991501072
0.0008620970858032952
-0.08230576079289019
-0.48613813074363055
-0.32244338435228603
0.8025863510440487
0.07410851393916995
-0.4158801611552203
-0.9401297507042107
0.3031803392089776
-0.518603374446795
0.6327388118208789
-0.1348934338837132
-0.3756973396125163
-0.39647753292462057
-0.4543146846198562
0.813350379964492
-0.9383856899523172
-0.5214749859577055
0.24457600723864115
-0.12029608139836215
-0.04755065127788553
0.7504636128729376
0.5945440489118476
-0.17484717322782126
0.39167987997927023
-0.7234203713604411
-0.6983214843059526
0.7441207645788104
0.14067138817774688
0.3106801294728412
0.2261419314116171
0.7925979257146956
-0.2502805510753856
-0.9649345877932258
0.7700606013269773
0.09811756866344053
0.746409502661671
-0.7807808012091022
-0.5662627731159167
0.9750133542810056
0.827808479320268
0.05488665147580727
0.6911167505164807
0.5426340781882801
0.08566196391785641
0.7436843069114802
0.8684165821641502
-0.5418780301337528
0.6978102591718689
0.970599290461445
-0.38842955466423557
0.1979103050390272
-0.701294107655584
-0.5288353390875299
0.5475552570879654
-0.9292586457829229
-0.4150180470656183
0.04205950535533394
-0.848515423440718
0.5686897438694682
0.857517450770303
0.4332036942432007
0.9065837719751779
0.012026770185588152
0.8041396053421468
-0.8913079331907796
-0.4334112988789782
0.6161781282370096
-0.2154154383187081
0.4806316601815966
-0.19096786002633548
-0.47479628390639833
-0.6668708361843821
0.2200860710714273
0.4834409810931666
0.595667298616872
-0.3112072674944083
0.5362003881884905
-0.9599414100302818
0.2352985362800316
0.16290551945298135
0.11099496649030467
-0.00868333643149855
-0.726826156111294
0.8696581182925135
0.8203698818955091
0.31160485013677586
-0.8474240073122676
-0.6980438947645882
0.11579377955076664
-0.6076071155968819
-0.07300091664737346
-0.8674429584627579
-0.8770745210607725
-0.6610814896322811
0.6763692066803556
-0.01796584495092287
0.13796652948895333
-0.5532083461455478
0.050556407366829696
0.9533501364467976
-0.27121385773813655
0.7883980738842974
-0.06802404625109978
-0.7950823949602782
-0.004284950850337271
0.23859923504277478
0.3706589718086054
0.11237876195549452
-0.34245787610344103
-0.43643187262614735
-0.821174855729855
0.6944240478713274
-0.6062652140828236
-0.6172772814136067
0.4966363787725627
-0.12840579981949607
-0.6657635918716147
-0.10375673810011898
-0.09218055928707447
-0.35017027956274854
-0.15691695692653027
-0.6408373237407311
0.5906924732475527
-0.9709078851789111
0.6885624841648897
0.8543007875968709
-0.3938869520624267
0.2717774789146625
0.45485490818771734
0.850738113479196
-0.8140437481591685
-0.6015265973051394
0.6646030328772607
0.11771970588447764
0.5751284848524659
0.8171952569028065
-0.619223034031341
-0.5623973486195527
0.11967373886848705
0.4051265049896407
-0.16933210847538072
-0.27695969105356255
0.8347149943885932
-0.5222921301357095
-0.9391002159017865
0.2954003458806518
-0.7911244285304702
0.9581611827995049
0.6928028932753116
0.16334907445311925
-0.28709385778369845
0.9755723447162662
-0.23212841112823915
-0.8687970197789942
0.942536516914536
0.516502825832204
0.447454293236745
0.25851498759422625
-0.9711046172723835
0.6731322572108833
0.5656730609760694
0.377394783050332
-0.6817834909627714
0.263120674008961
0.9054948290753183
-0.9273872567456591
0.3697875340640686
-0.2567961409342907
0.7271512295128149
-0.3091393214467002
-0.161567261683905
-0.7390208467176977
-0.7648389776933957
-0.09823819813003909
-0.1234711946951852
0.6699474081154737
0.801432213124589
0.4186309162186891
0.8995319608536086
-0.2210133801391599
0.6649527010055253
0.5650348776882961
0.2857720599678469
0.5867634262408651
0.10786340999934486
-0.05784448148867911
0.5930154163916639
-0.5763757669140344
0.32550646282324586
-0.2834617028848235
-0.1386075173080553
-0.6333302678640118
-0.18220329220267417
0.6746921806001758
0.6875215427707171
0.039409368438336756
-0.019810846659962023
0.061286088808290895
0.8707941198533231
0.3794851416181644
0.9237077575474737
-0.899132197703876
0.9066208497106221
0.3796000938338746
0.3833170630277849
0.6038602343100468
0.34699050267505216
0.4476542211198995
0.2007523586891664
0.06340044249913611
0.18477856202612972
-0.46650878603539114
0.4879608583500731
0.63245036466934
0.8651879831618288
-0.8826584485762834
0.2708697848093308
-0.35084036860782714
-0.5007981854005749
-0.7576268471177898
0.3152625906871238
-0.36334946696877735
0.6775540755626948
-0.6577098164974668
0.5704389672572954
-0.7963845645096443
0.8697807755215077
0.04962039750323566
-0.1755353285330885
0.38057414858596306
-0.37846393732647754
-0.239144935159739
0.9722750456736258
0.8726193049810713
0.7414680229021735
0.826112576782147
-0.5847011624426732
-0.7423529185048627
-0.7230617488857787
0.680141083900579
-0.9617588403683651
-0.8875255105866231
-0.47116103008860527
-0.6082756833484098
0.5995310884936311
-0.9201094379589653
-0.2942500067630579
0.40171938156704723
-0.07536947041868337
-0.051182197284198816
-0.7772472069810537
0.24814519439845095
-0.5591494699166621
0.6113666215774869
-0.8534999095425131
0.8882858482761105
0.43727048517535283
0.32843139237040364
-0.32234355458310615
0.6371267514283749
-0.08805051530042585
-0.4127329229966874
0.6952395557254789
-0.8513350075398205
0.7270573301904099
-0.9588374378892166
0.8154504239304983
-0.8308768058440437
-0.8855596350521033
-0.5774038616045585
-0.1677151289056933
-0.7577657409369081
-0.8583216736520574
0.6031875626550471
0.07001278564342361
0.04955699944496894
-0.1937797696332546
-0.5981910170768636
0.9859403570448946
-0.384541001859086
0.846827622701821
0.037620510079108715
0.5581989455759879
-4.446356502107702e-06
0.1889223039837078
0.12276111434912917
-0.6667025847764341
-0.6784575199215077
-0.06980606001852485
-0.8008297738124872
0.15916129885464025
-0.7575346294607388
0.011353246479794521
-0.8562686299762357
-0.18427128866618125
-0.9534299045399601
0.2318920266516129
-0.31876832672580613
-0.014330692933325118
0.3700438104787098
0.7954054548413396
-0.16373103542463463
-0.6674654692572337
-0.3104677811483907
0.6389642766207495
-0.5126997847434207
-0.28048250885997383
0.675991812944974
0.3688786072645376
0.5091577161839995
-0.34210971320825045
0.9290613764675604
-0.34366180059086004
-0.737138770210467
0.7532873153075816
0.9290656667892878
0.3881248859219413
-0.6179467664118277
-0.0635341543778043
0.7615597779321273
-0.5335453328395325
-0.8738171462364033
-0.942876737763648
0.9882250077684938
-0.6153272400511716
-0.7852258249636168
-0.6174341496955931
0.7081317840182735
-0.13451813957922942
-0.05001973521951575
-0.3501466845263834
-0.04221988509856023
-0.5307122468497594
0.19147488406723645
0.7801578608824322
0.013573568870384856
0.80255659705498
0.33396235151363207
-0.243996653410955
0.5580030687303625
0.9406634837642001
-0.9065367471969825
-0.6701521600575784
0.3721610126343593
-0.6360222696817261
0.0675901924546638
-0.7021737077213517
-0.5235059807819804
0.8252300924388953
0.9740015326690155
-0.24856311031323552
-0.899054836709315
-0.369120691356695
-0.6914310378570345
0.8758149735794195
-0.6003629013653597
-0.06663050870374038
-0.7955860972404636
-0.0056334021021511305
-0.35270047022465567
-0.7568909755858673
-0.2600900094336831
0.3475706518674805
0.6412574472097595
-0.6189823225365664
-0.22117998822543394
0.069410650824693
0.0012714847307664368
-0.6223656806961737
-0.8669590012599522
-0.10695402640280993
-0.17527066307628836
-0.8311708815292711
-0.525107560309132
-0.6059206256624661
-0.1653034028849442
0.8926221350104615
0.8336776199526766
0.3874669645199697
-0.8875142001282875
-0.05591759517287246
-0.25533425745652144
0.21443459021382735
0.7451988211176521
0.27528610999686165
-0.27890310293382925
-0.38136803025432453
0.4624856034890138
-0.9637583928215459
0.706589938933373
-0.6549175982581771
0.45868678713853955
-0.0006846977575528919
0.014743677868534588
0.32902647876257385
-0.3362789477878505
0.8673837392440913
-0.6837098449815047
-0.39438954150370975
-0.02599569377968347
-0.42929062629814774
-0.45626426266600273
0.6132572402643695
0.22720785242995764
-0.18344292075966306
0.6858063050245445
0.5726163110293556
0.8059244871938457
-0.6259980331163334
-0.5993003403405588
0.406064807503398
-0.7547774595053492
0.6469091083091125
-0.41445830604303463
-0.402223523385442
0.2835293544021138
0.23591564450139837
-0.14892821728220482
-0.354267099316686
-0.7155888588484635
-0.03312879027557044
-0.8855108889177259
-0.14379256983452993
-0.507994759888519
0.13185153988542297
-0.3817428130699614
-0.2232555578196458
-0.2648717432446679
-0.5639416082132402
-0.3974110140512581
0.9214212543729405
-0.6342048543290059
0.42089610403786853
0.7425141211233136
-0.15331858850184266
-0.8019224950927858
0.6180927194537685
-0.357272832301552
0.48963053347258134
0.5271086681251437
0.15874549651519146
0.5590902255599003
0.10575451482581479
0.8009194382499654
-0.21211690674957587
0.7220598073328202
-0.0857310972707353
0.2210922609916474
-0.8989567802039338
0.5841874817156388
0.2837154853192947
0.49756762010089095
-0.959698621856268
-0.8074934037333379
-0.4713047996816475
-0.027528980815987758
-0.24561566774642363
-0.2460335500709132
-0.9153372010772579
-0.561968235585434
0.40879625430019395
-0.9588677070730178
-0.3972280973191587
0.030825956763431382
-0.8314667773397083
0.5218509666957255
-0.5532081563367623
-0.6851298311709401
-0.1109376823460511
-0.2372967280097014
-0.9564083242932518
-0.4900367344019262
-0.315673631779797
0.32270607878525426
-0.9962525366693489
0.787936034738298
0.8110444056450886
-0.4498348945631633
0.7971022579995528
-0.7687865598276793
0.9092010080954547
0.4811874083336296
0.5480121068756107
-0.32986541226997845
-0.6370910064927877
0.012883078210059486
0.018592937046848893
0.6987871630469025
0.18582557261606486
-0.8019519682962387
0.5845144099203055
-0.06727869988265464
0.13159058724602035
0.8151187794880204
0.4321420516687776
0.547964585412118
-0.12364397948757734
-0.20200073344053404
0.5371909072808568
0.6152996465558038
0.3435211672784292
0.7649946341956363
-0.43808147918454254
-0.5173495113707063
0.8769851529956209
0.6149750327558587
-0.38870327570370006
0.23191837100494883
-0.0159058620867647
0.38704321011912124
0.7930709852570279
-0.06315650375088833
-0.22585333571636346
0.3742109944574751
0.0794493509582969
0.9017477444185209
-0.9891519619217005
0.8535283554807851
-0.1296165694556948
-0.5399248826125742
-0.16277750694461884
0.9423351639464791
-0.771181695332828
-0.3759390626025514
0.37722822070689555
0.5709238483763205
0.9082028274479971
-0.09441466361507893
0.951429974605214
0.10474459288973008
-0.6841079300354419
-0.9320477715859758
-0.2710639816039846
0.7151096410936497
-0.030142483462777925
-0.21966049853356684
0.8262296476807565
0.5894331140622071
-0.33194434263380157
-0.07650148028871717
-0.7711018002249315
0.7445581497088603
-0.6322858008942288
-0.8743866767014504
-0.40116617080656547
-0.8021780128588212
-0.12802730694903414
-0.7215595928266523
-0.39569253725984327
-0.5282830631136886
-0.7747752269073077
-0.047732299907538904
-0.683027716741119
0.4127880728386329
0.49906067016165934
0.0006500300157980464
-0.893107059735447
-0.4648698047218808
-0.49376970170501855
0.401516962218622
0.33493935924702994
0.5129248563824573
-0.5226513583629211
0.7396585923099599
-0.14074634871606628
0.7649049345936076
-0.7061179715540771
0.46050359547719943
-0.23190170912700858
0.4967489608910369
0.39369289847233935
0.8397698023308481
0.6447179290499783
0.7810150769577031
-0.6779730829016531
-0.3323749242183211
-0.6485608347749872
0.9758347727305859
-0.4371351726172398
-0.8755259830671617
-0.8280921319004091
0.023583128145142254
0.44335043092475895
0.8192477580003483
-0.6686199035612641
0.7815348690900399
-0.35479865583286857
-0.23847880814279174
0.7398332896357622
0.6851970455184813
0.39314361945490894
0.6300899871312966
0.49789190881176726
-0.03568784452814988
0.3797351752044169
-0.0672259755789808
0.6958580031438708
-0.3058496044173591
0.06635413682226193
-0.7167518093667751
0.4929894785172147
-0.10451676319793225
-0.25569338535933656
-0.7139636309339822
-0.7364329417093702
0.05763048771975986
0.4651356612193049
0.6352278651699621
0.9772067757583852
0.8104159186781962
0.6445842105227065
0.5973903307026827
0.7459031704982704
-0.3388773575345812
-0.08951691620043555
-0.8771007942330824
0.48429016431535815
-0.1167134969283743
0.5607195714199842
0.7903197662876191
-0.26811152976222696
-0.20135034174058375
-0.37948891602246393
0.8565120180178754
-0.5938776556457827
-0.5241537198335965
-0.6296537517973321
0.4929349023738194
0.22674838185304957
0.42896132806084397
-0.44299943229912087
-0.4686346910284599
0.7178783419247335
0.5573415994329927
-0.10673399614444797
0.9876840529861283
-0.5073300473810037
-0.9090668228005803
0.32083557089212633
0.8347324912624767
-0.568901444945669
-0.4663170739050232
-0.812133268721435
-0.4285200570476987
-0.008782760868162709
-0.14479528256851149
-0.28084828892943725
0.4714647582265983
0.8989001204366143
-0.34963983207507177
0.6722304394683776
-0.8918831847370936
0.23814360505511176
-0.41624394265954495
0.7983548671373285
0.7651664550547491
-0.4199672558172239
0.5362245593841073
0.6168589712183475
0.06823863944043593
-0.47591744703491257
-0.15562782049924181
-0.2754686015890554
-0.011679397231797978
-0.07679562119357417
0.15276458721762357
0.3232542267874368
-0.591916786039151
0.9505092953796819
0.8620198696498658
-0.7210875923616592
0.24914820966309403
-0.07120482297485199
-0.6880988859312684
-0.2526199995556786
-0.8365470208767685
-0.9340472611987523
0.6874065360391899
0.27069241365369234
-0.45868955999731886
0.04771078370445034
-0.2950499919256585
0.4356266772518538
-0.4146128559372511
0.9466798135890677
-0.620554931766758
-0.03730933264785557
0.3038378515516829
-0.6189486331962765
0.9911087086560347
0.061143748929332165
-0.4175196920247638
0.23068494733009198
-0.7066222780516557
-0.5132572565335014
0.821761833413015
0.75820951407624
0.6476115362705255
-0.050282420540715266
-0.8262547887533318
-0.967061527044357
0.9120258349161323
0.5714467331893591
0.037988508123530274
-0.964486097787874
0.13183079572289302
0.8715639601020817
0.29252558445599486
0.15015240923545461
-0.814657396329951
0.5617363722569236
0.7084218254414446
-0.14203267870758685
-0.3296216028544119
0.9847478010308539
-0.09951331763480224
0.16495657444437703
0.9011414849100712
-0.7553111238318693
-0.13535112632223195
-0.7962271590744263
0.86194290509085
0.5914071999754643
0.32931346255142374
-0.870949065189473
-0.5940667491834104
0.3405609488584704
-0.02568391430888958
0.35359650066938214
-0.19308488461456927
0.19224649699804397
-0.14478993030764498
-0.425286272773858
-0.8735624289118236
0.09393236043428321
0.21840656432470182
0.5920644279497157
0.7123580774601165
-0.758361271033186
0.4337079979585185
0.11691242164979858
-0.19697807324940328
0.24897542707612635
-0.8620770095948179
-0.7580526309532083
0.7598487765992116
0.432200260155127
0.5978997361756923
-0.4563368427380177
0.7056645708240259
-0.2753584147192462
0.17558855211401442
-0.055686236054269575
-0.42969071424416305
0.2851763982828857
0.07389834195465518
-0.6267392331328274
-0.4112444289192371
0.00608790052954955
-0.6544736701645653
0.10341000614347773
0.5002931249711606
-0.6417534031666468
-0.10317280479304042
0.8016621020249078
-0.8437026131399205
0.7717666111161448
0.9044570411651744
-0.40706498454941464
0.22087557260670976
-0.4436443233980053
0.48013726622495084
0.5640632201794383
-0.1421709723116051
0.5508021301459359
0.9408024172345892
-0.36046012032869057
-0.6111215793328799
0.5021885008786929
-0.1941510036871052
-0.9548985359893694
-0.21843468443866398
0.1202009282980748
0.14268984230191434
0.46642241385692823
0.5782679559256951
0.36837026434501285
0.36722192842235324
0.22391807314947276
-0.6703429834663741
0.8364852712573523
0.04414569173733037
0.0701735847598619
-0.6639273726897501
0.08225001446684857
-0.37531582922389956
0.08247111293511525
0.9854179960234788
-0.7694877978705288
0.5021950226838239
-0.2659356843495063
-0.6334389853367202
-0.3367195680569067
0.331241138261339
-0.43810397118180666
0.3794081431485947
-0.8431124917611997
0.7194725075772556
-0.04889813927389406
0.270561702583881
-0.6822512968901009
0.4066891614136172
0.8864851186646794
0.8074814698464006
-0.1437092686410144
0.19938125906602688
0.43188470021993264
-0.5851392905994837
0.45391596391806677
0.9279083561382716
-0.5275735524983551
-0.26270276609157245
0.6470171099698967
-0.4011684533381554
0.45795773367571513
-0.6931906481245828
-0.5398093898203932
0.36953307553130743
0.7132077180332359
-0.8054396039005697
-0.14552926065958138
0.25026268906311655
0.4868004124362114
0.008311020693528489
0.7343636217955793
0.37536877900064464
-0.8041747758347745
-0.4111999590269352
-0.10400518323704723
0.23527352827747325
0.6035794665050102
0.01702440633641943
0.18353269294852748
-0.07018559044522665
-0.2606994757809842
0.3680212746968683
0.9401292965587238
0.7391222731909217
-0.47875284263105095
0.5222187823671582
0.8249936378688906
0.6268615780812417
-0.7350352568890435
0.6630947948391868
0.9625203499583248
-0.36593062191483566
0.726740059497744
-0.4237519295907939
-0.5393261924315921
-0.5975578704237101
0.49293354692167063
-0.500371581319983
-0.8583491783020356
-0.6643593565582867
-0.6324891845807283
0.7234948842210829
-0.2037372484255639
-0.3602055570733403
-0.4389652938914053
-0.008476227045170062
-0.41871685947033743
-0.05865109360169085
-0.7623497913649744
0.8809875621778152
0.948165384636457
-0.18924832837359934
0.21555877440665022
0.9800402706231052
-0.38330411884083526
-0.32443505994712457
-0.3470192613397238
0.7626875285964981
-0.9621654907050364
-0.26765871268599484
0.8071000604017218
-0.38897974152975495
-0.6584391114940946
0.37543480484004865
0.450691043018775
0.23443476137776612
0.2851860073867919
0.35127339107840866
-0.2217019780085712
0.014040141020601407
-0.33385257138452124
0.6489712927382147
-0.6252536619075891
0.2710125250447669
-0.007456624125282696
-0.12517155905736566
-0.08422105561392601
-0.5663229563282808
-0.7373705260165235
0.5052201007640463
0.42492692238038726
0.45891317454871244
-0.6910120260890903
-0.49443324809008354
0.6602336170847976
-0.12331710722440643
-0.732043569978631
0.37724881219112144
-0.341247587841896
-0.271712088005038
-0.6332490566550699
0.5575476662349519
0.13824614299065485
-0.0022721594945174597
0.7104534182859602
-0.7861017880667057
-0.6317236262775241
-0.43158942142089496
-0.2841505298637975
0.8914087904551004
0.732900695058362
-0.16977543604083167
-0.09417550383008733
-0.3813709279673625
-0.800825451637472
-0.42577789831501867
-0.5940443127060109
-0.372291640400076
0.46397706709456776
0.5328456447961489
0.006327213217370753
0.753520351952801
-0.9007221676103129
-0.5074136008409385
0.1561899102541332
0.14225868713821715
-0.5758376457619716
-0.07302992844865096
-0.5870054455345715
-0.7094899934583653
-0.698696054070204
-0.10894173549611291
-0.969798055487416
0.40620450393691393
-0.5342396475357718
-0.5407774814388424
-0.22283226305345086
-0.12745641816626052
-0.8300238386255239
-0.03426519953897156
-0.5842217109449503
-0.8316874515444932
-0.8908998635769614
0.6744844222626447
-0.7067449807482047
0.5636845310283749
-0.340254590335195
0.01278062811563907
0.24582812806006185
-0.44589810006604136
0.5726311395681214
-0.042391492541782934
-0.14804221388101846
-0.3933515983464066
-0.2727419086346845
-0.8976142047155591
0.6955427245611835
0.9245423139848467
0.8672560675394346
0.681124131486516
0.8090897008270078
0.7938239732257765
0.6756685375645071
0.22732774904743702
0.409364095132412
-0.6359922520267771
-0.02496770415573879
0.07525242802723198
-0.4577970408895873
-0.8478567100210288
-0.45170122184263195
0.5272130999642979
0.37508903570675955
0.12041651587551216
-0.26027043832924135
-0.21751889549871395
-0.7379715397852222
-0.7648634370177597
0.027500712394471296
-0.3994261195317594
0.4535805179593871
-0.05361961301338995
0.17695239177590144
-0.05485645724874153
-0.7122454933567356
-0.05134423803312281
0.9696187604343652
-0.2895912969840352
0.017168529310107858
-0.7445752680322353
0.7982592819647187
0.3173690023349083
-0.8609133851229709
-0.5684789158523069
-0.04343029529852127
-0.6993401270139317
0.32751003352131924
-0.9830050912257151
-0.29550871326314976
-0.7056018776725728
-0.3369049572503371
-0.6147884026339061
0.453666830204809
0.9564013834215406
0.9299255715768207
-0.13654168408890022
-0.13381602092816008
-0.541968179971296
-0.8350205795722154
0.3200519011174965
0.13736630329933658
0.16597621192048662
-0.9460718052478834
0.006758569951144478
-0.9312257433324443
0.7716982842453488
0.4928017090786627
-0.37896755776712143
-0.7726985386220107
0.6073734683838485
-0.910306544769558
-0.10934620405131801
-0.17712525885731334
0.41563820579330946
-0.30929341599887383
0.6659802228496856
0.0778243318671008
-0.9124043853872692
-0.6929902994844643
-0.835240473115924
-0.6136374173175403
0.9398925495853634
-0.6166115996805841
0.2252800631184293
-0.7964841935114124
-0.7804725408728845
-0.04770330853067689
-0.6866606236502533
-0.9498367567844602
-0.9192617242718146
0.36093675282277293
0.4411767201239014
-0.2857900071971349
-0.14975914599191564
-0.9357912556892327
0.9491997866999462
0.5143667835085297
0.1544718914344514
0.9950929202599961
0.7602196946733222
0.03525804484089701
0.49646543929689524
-0.02686230578134574
0.9540097912591095
-8.466560966929718e-07
0.6407472215360628
-0.9546635473086882
-0.5770414503376553
0.289552029305125
-0.8890214335581574
0.04841856364932462
0.2011793286138419
-0.6954007536137441
-0.5921808376072357
-0.9328784640453931
0.48504540730963797
0.5513303736444655
0.49811608647496697
-0.4497526437663133
0.6705575526110137
-0.8385826770570484
-0.5697303701406837
0.7372052427842093
-0.6808299056599874
-0.4821469735942341
0.35825947772869515
-0.8576743704865273
0.9160107763740548
0.6604600643454561
-0.7454991637166659
-0.8691361432449576
0.5247571496905692
0.8136422995070052
-0.6741019644231114
0.0804378461218831
0.10159881869356946
0.6640957763881816
-0.20112187546156157
0.7395696153360307
0.4095351590120362
-0.22977989353963868
0.655892149302584
0.9104393582196493
-0.20536128420048305
0.829950445331739
0.11313462745319658
-0.14912468760457243
-0.18612481956475913
-0.7984753062116514
0.6828781648891349
-0.2698969095063435
-0.7784081715377096
0.9381904501907643
0.48896384971670614
-0.15413707833552404
-0.8749242085186617
0.006188948091077728
-0.5181376144309835
-0.6089339278494172
-0.6193022825257082
-0.31973537376530325
0.3008865474366911
0.15130346343322953
-0.5475580227072891
-0.7697224826100113
-0.9576856800573303
-0.3379040505951054
0.06733325300288118
-0.33503409439370335
-0.3344214784201289
-0.22187986192330023
-0.11116958817827904
-0.16581532062476634
-0.29698808496753865
-0.7203828046434614
0.53874416565929
0.10969420553650562
-0.4805436313836561
0.5367843135535955
-0.4496507005148369
0.6351487677507235
0.029168363920135887
-0.7173172978274214
-0.5406399884217593
0.9683026750200326
-0.0018892588560851169
0.2699036690230434
0.5238662755869401
0.9946438943617877
-0.7231279474182686
-0.9359965809287125
-0.32044132190916974
-0.3988066550578149
0.09503497356397062
0.8359362650820714
-0.95074713241846
0.7098986262178894
0.8778688678974176
-0.8347042097707994
0.6555065431831533
-0.9598691580493779
-0.8633405686685973
0.05351549899911398
0.5340844201967059
-0.8220122492209004
0.7488084923555091
-0.5129199733445641
-0.41034115313691916
-0.0795373770735152
-0.8448677681326263
-0.37699804519299096
-0.15436232312313547
-0.20043759876937045
-0.495869556475296
0.8762011543772443
0.06583015366561384
0.7447192724624303
-0.8038142292386941
-0.9697822277058838
0.12760148477048006
0.3951671941016923
-0.49169845680070123
-0.544685288698171
0.6607472529667575
0.2922477952352791
-0.19928470487060826
0.6618484025377441
-0.16267281844835266
-0.5799273979796106
0.4882141122582114
0.6623089538576086
-0.9959194255845152
0.8569697341967119
0.198432378734152
0.0778853407773025
-0.27632483655262
0.3460868702311904
0.6276686779203127
0.5004727491905779
0.9333777057578752
-0.7055295387161334
-0.8621640751300005
-0.0027794840146122307
-0.8764964244513773
-0.21363617514793054
0.9784751185916876
-0.5072220930189912
-0.939329835518792
0.38782538880792794
0.21999647600204653
0.8158802259449975
-0.7739788155976036
0.13308431362886264
-0.7705176536344029
0.8073735320447477
0.9069074930648809
-0.7166565922379047
0.5259296608397958
-0.4811037861734321
0.14528009691434168
0.04233193760838157
-0.2861847341274305
0.13105140876369997
-0.9797133624570514
-0.0660471156517139
0.07913890173937449
0.6979878399554681
0.4106141600584128
-0.8005995816569544
0.20903864900992936
0.9882011337786664
0.48179733451835727
0.7215790148580965
0.2516275532072143
0.34157760853929187
-0.22149052275383285
0.8305864826965279
0.3438131916144993
0.7677633485556825
0.32937611027715047
-0.8994640516197376
-0.6227813977673196
-0.7579514559088507
-0.5983884404024127
0.10560665477593978
-0.8072684667203249
0.9285103328011388
0.03902473627172798
-0.7324925340762523
0.9108146470810299
0.02587689193465095
0.5429962306225533
0.9259778968945108
0.9334934754620361
-0.6246146996957245
-0.9621100484678969
0.6588888361281818
-0.3849361724884796
-0.8767428906364465
-0.6764152324535695
0.6186515494055422
0.7074746343746237
-0.9097123404836971
-0.71138201679897
-0.7315056250083678
0.45634275142497893
-0.5619960806604879
0.03366379635154192
0.6406845677898438
-0.9088626035148746
-0.6175209141580486
0.22000591603534644
0.2806197138306931
0.9541113950074458
0.7680642615305939
0.04881875235321028
0.8360827181077315
-0.5775623090477962
0.03780404733655266
0.11326759907617028
-0.3614244260593595
0.9383402188859333
-0.45874332956009434
-0.4837923408543992
-0.3819817954841119
-0.777497711117804
0.1724030481438822
0.29371437403789924
-0.536674985646663
-0.5588256405092815
-0.4479657024881887
-0.44410435584281527
-0.08530955051913258
0.104895366060898
-0.8708799877535204
0.49044821072558326
-0.010089990979440614
-0.27141660210254975
-0.9954365580840967
-0.12294686685257879
-0.7778007763544743
0.21179246640519525
-0.9528941988682459
-0.4328115425748038
0.6591398845218516
-0.08344502845593842
0.3439536255673287
0.8161616721433238
0.8960131118944571
-0.8494642359258765
0.24528867656684272
-0.3347800680496907
-0.5354654056156126
0.2106905119134146
0.22723064050348918
-0.9373688996272505
0.1252652795772755
-0.6429448885122311
-0.9079757291976702
-0.2701949257346947
-0.4634745648923455
-0.7431472605282476
-0.3184727472750345
0.021632740761403386
-0.06626214380463095
-0.2722462386822172
-0.4832785250885242
-0.37244132453937046
0.7016384737560921
0.12424173329056525
-0.00624361406464297
0.5137201964522046
-0.33673509314121325
-0.13007232010737288
0.36950206338351294
0.49620336486694056
-0.7789351636671792
-0.050750018870971726
0.25270040462688925
0.23932368452398367
0.9103442038704125
0.02464630397242551
-0.46943366851933943
-0.544770389586861
0.3408931155318329
0.6955481682999824
-0.3270326222438622
-0.300288026551186
-0.08321658883202909
0.12296750325397401
-0.6284919229867545
0.6746780259297095
0.5149517173067342
-0.0021563397100133963
-0.10353416293500838
0.35805078726583056
-0.3485734068207857
0.27475579015017165
0.4591239120610235
0.42284925972994714
-0.22736738872710158
0.9250466412860718
-0.6572306753686898
0.13598934954543793
0.5922026308703146
-0.060313431404624605
-0.09888177924425175
0.31301853874099217
0.5763265638338205
0.7989021498256476
-0.8370375644595844
0.5895921750825233
0.6128658699510099
0.5042070957795504
-0.3353620431727953
-0.6998739866935162
-0.5219432190726367
0.278316543274335
-0.2074664538190638
0.4388744054365118
-0.8982922270369426
-0.7315854403238837
-0.6988353420390944
0.783250857924514
0.25562044248828
-0.9116156965455396
0.7459604132363697
-0.015501905059339433
0.2351296603918677
0.594789526629022
0.7137011398930887
-0.37194965659275414
0.49324126677606767
0.44511478616371813
0.9887528330508966
-0.967809091173903
0.7435526737335519
-0.6709872172419303
-0.808083165116148
-0.6122626121178119
0.21355749407220026
-0.5175482164730261
-0.6744797602232255
0.9556823047099388
0.7396174371402049
-0.12877663960447186
-0.8678380601266134
-0.9340071641738001
-0.16770371709462267
-0.15686148423228252
-0.2583679113376481
0.6124893363707091
-0.8032763665571204
0.307245236942415
0.5750677634242556
-0.2769327901851612
-0.7679370181138226
0.384999156053236
0.941302347683704
0.6470261608310207
-0.2622293012939161
0.6342216600167997
-0.8628141162914014
0.7665250366133958
0.5161883532345557
0.8710691587189393
0.2701958185830666
-0.6723992526149942
-0.32542442327601195
-0.7676604243022425
-0.3120073451295913
0.5727261166939235
0.5253366268614716
0.023241374468393826
0.21096170815583012
-0.819888545522908
0.2561924881177552
0.13557831359502132
0.5239567883400117
-0.07238775349148324
-0.6717196522802181
0.1879962039498408
-0.26082728322762416
-0.046951081749999804
0.39982500540731825
-0.623425491195501
-0.4412247988487725
-0.7445833045274374
-0.7677976574418899
-0.2212106332468929
-0.27039997598694615
0.20111068837857446
0.7009807119267516
-0.6111153628253355
-0.37590164513254076
0.026550537305338517
0.13452897865939395
0.8247902516197156
0.4358301540963536
0.024472208577252408
-0.46800513041946257
-0.33655448712134667
0.9429707154323643
-0.728060298821072
0.07351561005283694
-0.5670530538100191
-0.7482042239391093
-0.680412239616012
0.6274116663267962
0.3417695464759576
0.9420917534282757
0.44777279069786075
0.829530092050519
0.7973496605868158
0.23435536005252808
-0.5444258184601849
-0.1162364850959625
0.816683484641463
-0.006125118585799068
0.3679909184373611
0.38160755728852735
0.6899487542209519
-0.6541304241142123
-0.23403287497687963
-0.46434733347488244
0.1509656559785082
0.8396498457004273
0.6510180127342684
0.765612194793317
-0.6033673729216502
0.1850260689259979
0.9848496908672888
-0.35687933957323825
0.09760407883389242
-0.6468532861221675
0.2320840006261766
-0.3709818816706184
-0.32153241078665695
-0.18044215059459542
-0.4851843779984095
0.37119064630795595
0.40612585280206337
-0.3175314007767017
0.15788440339737203
0.44782139406220417
-0.6249411914310091
0.9031125329046398
0.627370070832726
0.3059305745193054
0.03239129549956884
-0.6341444366110001
0.8815893491580165
-0.41787313104960844
-0.9572624765808748
-0.8314094865705866
-0.07243205943464082
-0.9521632400352121
-0.7475154691616581
-0.2969341021339489
0.2579257273076389
0.8618628764933385
-0.8559404549973925
-0.6026380875287193
-0.6955401821240669
-0.2711718828150842
0.17206840722391054
0.9446112999660718
-0.626169077941624
0.039939000097322326
-0.7308328277581562
0.04557357252620058
-0.6261046015274981
-0.08286048503884608
-0.013215169068628768
-0.12011739544635612
0.8799767931379009
-0.5106039408713434
-0.27045386261347815
0.8838448013858445
-0.8681558806557195
0.2897763866859373
0.5199208935732751
0.016256287455208795
-0.7899416860008053
0.8502779535760852
0.5412973017793583
-0.48812100942130526
-0.5248153670665004
0.4334217215093716
-0.0795496037347508
-0.4261590133853434
-0.4353438675634564
-0.24537068605305173
-0.5913213867578835
0.2207982154112853
-0.7612541637180272
0.15233414752221996
-0.22112276885968543
0.3495477963455716
-0.683955349631835
-0.6250430113395664
-0.3123103312764452
-0.15325967428724438
0.7633205910013012
0.43197677571195575
0.9446935689844315
-0.06587186039443807
-0.08730308221229732
-0.25263298122397937
0.44341478524378863
0.9339296126200023
-0.4028276217817581
0.6636476206925778
-0.24455117397790896
-0.3187018193772215
0.9037665274570981
-0.17805475322874373
0.6866943851523216
0.3304156337049091
0.5794546882924662
0.6972896153077055
0.8596580967236752
0.2563861910329178
-0.8090188375627861
0.4150182741747612
-0.05341970714096653
0.3395000474895332
0.18247363315969803
0.3249624224523279
0.3107987342157228
-0.026178956775192375
-0.029462058662450698
-0.36754980459859365
-0.10419456035950149
0.7064141943871212
-0.5994722088248545
-0.4948738501057519
-0.5840235323270462
0.6764238085605525
0.5350607477323912
0.9926340416365443
-0.692675165003122
0.510000679085804
0.009043631887293905
0.9467476699025419
-0.06069365892916255
0.8254031636300405
0.44443075476216154
-0.07121206715606088
0.032280930621136565
-0.4806019803732103
-0.48364213852001536
0.42948125002356896
0.2996322703527495
0.49956015381514807
-0.3065038369103737
0.2244786037437384
0.8540793558434723
-0.5827072448124284
0.08518549983276308
-0.4220467232569894
0.5887769614793875
-0.14366298865394164
0.9634526357184701
0.6679472183183353
-0.617210233448179
-0.42290185552767157
-0.6985732251356775
0.9153508916570103
0.8860782083422404
-0.5745645653752238
-0.988677276156257
-0.6624307072790193
-0.8133839957436708
-0.41073394930739454
0.3430863264153564
0.1660472799064087
0.03912205402568089
-0.6338864259586543
0.1277282213921363
-0.5149933343292566
-0.7976418614005946
0.9193149851054246
0.1106610145998227
0.48736447379298664
-0.3061802167941806
-0.5249146281627823
0.5015924854486999
-0.44452596110552667
-0.8366688584519513
0.8848622598961885
-0.16079322998439194
-0.15571042767250765
0.44049091539870044
0.2287715397747876
0.8753090380197099
0.2946318743905845
0.1317698591896543
0.7480909014918541
0.03762092097516995
0.22535001141175448
-0.8030224937493183
0.3355260720659543
0.3515537510637273
0.8201237590197434
-0.1654501885695141
0.4512130254993051
-0.6030874055430367
-0.945413672772069
-0.04053560929118173
0.9371043491646297
-0.5418450854149137
-0.4057258738656951
-0.3745939528347697
-0.2711263502526102
0.12800061805367435
-0.17666835313111762
-0.8592723216456517
-0.6644867546446472
0.7964923618280788
-0.4912088100763208
-0.3732676695909207
0.5823377817927295
-0.208970365306006
0.3671561010464981
-0.6088688231465358
-0.4623138223599243
0.24009069212608913
-0.560225795864946
0.9435737071885865
-0.896355788579195
0.18034666058180315
0.9519469001620234
-0.6347920026641136
0.0017454744564666415
0.19885638257474075
-0.29354407483382733
0.5718544735814745
-0.7515210379468943
0.9631568955998435
0.7081948416611988
0.46750748821358884
-0.5909429447502473
-0.9382245277147319
-0.5889651796517333
0.3190229123210528
0.2015119610024072
0.2536673944935912
-0.19670517370758378
0.6214487385927676
0.3204922989252448
-0.10059487501662812
0.8783132635349129
-0.6302559541185384
0.1285031805857273
-0.4888141749565403
0.04929799897583524
-0.060788067090422934
0.24742021206844209
0.7706904015762754
-0.5048190382140463
0.12066677982194873
-0.46335869670259827
0.9117841348842938
-0.16966923647935855
0.47526882456394126
-0.5493585469641602
0.2295077637790185
-0.9926784022561479
-0.8877490647752742
-0.6785687939340295
0.8652350706599766
-0.8679637945480068
0.6871823255477512
-0.0382619209081243
-0.06351804603071565
0.9995020118495597
-0.5687253712202687
-0.43063800184198375
0.34113732935177077
-0.3474097643103704
0.8182826154086789
-0.7368865033215077
-0.3438071257857971
-0.11609667262408885
-0.9809940921096066
0.7266808078877461
0.2540576147299875
0.21086144748286517
0.2380000658863466
0.17949027656246466
-0.38352086315617256
-0.16485628164379915
0.90177071143704
0.6011424123044539
-0.21630501246203407
0.11297247160073487
0.3343639521081323
-0.4609527779642826
-0.26529963602366036
0.678212133375558
0.42416177931523014
0.9212076749069738
0.4361141263082664
-0.8825839193362441
0.062175220885819504
0.09182834220272107
-0.42224112181415085
0.61358263054975
-0.3977329840865358
-0.12045551245884245
0.1982711708704934
-0.11458779767909351
0.05487613080307821
-0.34145738256356795
0.12514514395179646
0.09584408953520109
0.4269494097693755
-0.7060832713777
-0.22756309627166266
-0.9045761289046391
0.0689740325442665
0.6909041359733769
0.053741040987649986
-0.44433109334423176
-0.24705191762815049
-0.8235447520210772
0.7401182418229921
0.9194446317527032
-0.5166702427063619
0.83128560389145
0.9353328904787797
0.6875050381552865
0.23859076879169772
-0.684868496003955
0.3620501439789665
0.43786797004791667
0.8605075029919149
0.6428248844081588
-0.5367264569572519
-0.6474468561813655
-0.8808535489408392
-0.16200920434510963
-0.5488304727575178
-0.9661799334809658
0.6945114074109288
0.006155740361112934
0.7618074636640279
0.10172837481799485
0.693366233036906
0.8452910422379163
0.8339487045750984
0.5072908916127976
-0.5910455593332749
-0.7440525777710629
0.38994145268983216
-0.529285881259427
-0.380510845607134
0.7767205550765892
-0.048117132960626474
0.36023120391659025
0.9068417566411942
-0.6008956676084556
0.1202955643026371
-0.6382644157733617
-0.03322450516822695
0.7221349976561116
-0.11506037542508785
-0.7502736413906841
0.057236630488676665
0.035227714507052664
-0.8331889039027408
-0.741292263257791
-0.5467795144086735
0.1503162545353296
-0.36704461851774384
-0.2686430300806688
0.7337581936338666
0.12846242918588668
-0.914832539560591
-0.24136524973730267
0.015918824347064042
0.2125031666595001
0.7517939893344341
0.9347832006607808
-0.0004087371134340323
0.5005484740633483
-0.8186169903439184
0.4714735652399975
-4.774228993251203e-06
-0.7649422686932477
0.8951505670659465
0.2662055832497503
0.5467165957886384
-0.6698958919757763
-0.8366317348359684
-0.05763386214596422
-0.3498410317605394
-0.48624008198194013
0.09532872510130841
-0.015882111349796002
0.4007560903998719
0.08410785776173868
-0.4914283082391493
-0.04490622292161928
-0.5404940380510304
-0.8195109898906099
0.21973541862724577
-0.21992635906048164
0.8088664853483627
-0.15129191694548738
0.8550414659215362
0.40276268147994143
0.1094645481426797
0.6515963294079679
0.5093248751190489
-0.7970309626936616
-0.40400024000170354
0.8905003822970072
0.5055103032449157
0.3424165131074042
-0.1464825015136315
0.5615191248065743
0.041611754121563704
0.33304428988105705
-0.746415275988404
0.848853929993088
0.32790634448330613
-0.8994989935316315
-0.8592151881004997
-0.17004145072255694
-0.568231203273494
-0.34883508117189654
0.39716498004799705
-0.03478229538882416
0.2854742592096562
-0.9241463755996535
-0.9105478106877365
0.17879340511762698
0.1376528807592552
-0.32751118288695547
-0.800798585147722
0.5161542080557029
0.03823449396152201
0.3379405642317934
0.7849661289585477
0.7352614874313117
-0.833444870750748
0.2862492393552116
0.6096932678813631
0.21882397567714484
0.06105677389227049
0.3063120598273119
0.5099969798748722
0.8964316714863818
0.13683483432480692
-0.4916237539284547
-0.9530337600300354
-0.7714916497225742
0.5635197499425373
-0.6176905075719902
0.7350818051744621
-0.9299672595491999
-0.7050486138220227
0.84994973357456
-0.40190809526868
-0.997651648417311
-0.03497454381842748
-0.18967760798793407
0.206377224336333
0.5819037354607224
-0.7216811511551424
-0.4910593060309687
0.11382411049247465
-0.8721997132837374
-0.8398494520183017
-0.1799198973193623
0.3654221854813311
-0.9543461017320676
0.3196509563722991
-0.12105299764739086
0.9475058019220817
-0.462091402424961
0.9813710163039779
0.03493639885441384
-0.02355528798586868
-0.25817639984333474
-0.27130577544085144
0.8518266998160247
0.17844734103643276
0.08074693004976555
-0.7660411672248192
-0.36683514081963553
0.04081448173650746
0.08642169953248412
0.4100744013298767
0.800510816396085
-0.8705461867180591
0.8050234949485229
0.876220951458013
0.43827161986626684
-0.13497763595559498
0.6006591713952087
-0.30167749924817655
-0.09163702816364094
0.737530360771109
-0.8682186228258111
-0.7302873600377
0.8184267994385444
0.30126634856817314
0.2185202273442306
-0.19942296410397906
-0.7956792417666104
-0.4330795159373236
0.8526393904846871
0.8833448809452223
0.4438471965806899
-0.15096701863962353
-0.6840578366232875
0.5458808200030713
0.12355473141186567
-0.03020506816050953
0.5038035747083396
0.09470412211247453
-0.1335133594775938
-0.4200900771668252
-0.5699571100568395
0.3350844541038406
0.7117703231371884
-0.6394615288379026
-0.2779619706993064
-0.5905362729038282
0.9952585113383021
-0.41333221768757644
-0.8515680360734716
0.8677931333402673
-0.8536118780332378
-0.789134972379986
0.18531121590344823
-0.03434869238439565
-0.3827968386991875
0.3285764791831622
-0.8502863001680129
0.16724163397173591
-0.2629832830607106
-0.8918634748134252
-0.9742387417052827
0.7316254081912528
-0.06171971605900709
-0.605707140956208
-0.7617545244094884
0.2664644801930861
-0.5846506264946741
-0.9500235800626484
-0.16174499724729002
-0.1709113650424976
0.8889494144051848
0.08793170519427829
-0.797296290334661
-0.7750266765970195
-0.8797603774106286
0.41337497180439864
0.5528863823662067
0.7926844110531837
0.8246239811560127
-0.618715156865332
0.24957389174269184
0.42213773360779383
-0.8591366470235822
-0.751810023293268
0.9126511647181104
-0.8866834127993238
0.7186206517704107
0.5760139079518443
0.1931943631960915
-0.6111703530739664
0.0076538519099587825
0.0019013268925929551
-0.45439748973690974
-0.30003252035535555
-0.01475091452367761
-0.3010261905602829
0.4542045601283797
0.41231709958323054
0.1854536460022786
-0.45230903003339895
0.643024460678278
0.6396421760000379
0.4384257744531461
-0.8830015070740527
0.4412949665089998
-0.8454393213357115
0.6511822527659336
0.197997517111141
0.20643381368240094
0.6992256857213458
-0.8805957294012777
0.3232979429741807
-0.2272586720462534
0.6203433431715976
-0.7322746161832588
0.7092098566112919
0.300361776896291
-0.7384242091421159
0.43707936207191783
0.4129743803130196
-0.6338700060783584
0.7020548749896082
0.5808087981579466
-0.34007742280855413
0.541530527760847
-0.9383851386745269
0.7992046360932258
-0.7642106255594878
0.8409551542292111
-0.8215089144356471
0.06696264208655589
-0.20622402879833834
-0.21598941251441062
-0.440511293395174
-0.1241459777988785
0.893850710035973
-0.267077703551065
0.27036642198292893
-0.3715708321083952
-0.9930915221966882
0.8362262114559612
-0.07733270947454687
-0.01912067585976272
-0.5035515405474007
0.9660014321953143
0.3026576251819325
-0.018905759220509265
0.8298404781792974
-0.992066657435014
-0.135465692108641
-0.6321232714233094
0.9910473389390961
-0.3132010561054926
-0.2553789155024002
0.4368135289406341
0.6055599233172109
0.35343914051726366
-0.05838383985798168
-0.9280472518893186
0.4021959722626818
-0.1722163696761619
-0.22668982306147795
0.2384772569797437
0.43334433327846633
-0.6909184818769329
-0.9969578433023722
0.2543087395301967
0.3987492306591998
0.4958817350744057
0.9045009954619478
-0.10001377285494745
-0.6974467856607441
0.5567451049056146
-0.04140531878842313
-0.8149556401358076
-0.5687430687924767
-0.2821864926571382
-0.6845633685109546
-0.8272820639240999
0.2181818715738125
0.399305363490467
-0.8769329615084149
0.5388825061524776
-0.041350389554376976
0.28693052295390986
-0.275175518045331
-0.7618740905638133
0.00903243953597932
-0.6633636489212679
0.7227787606993195
0.9994171621870013
-0.4793414650237002
0.9487419983361585
0.20074965378672205
0.6573318408635569
0.5079027682943829
-0.8361384430940682
-0.8026407146532977
-0.49792539061763763
-0.8046676906383932
0.8460936156958448
-0.9458228474659122
-0.2514081799572125
-0.1151007128757857
0.621195781961484
-0.8082818561336506
-0.08880240450717498
-0.8758759071918201
-0.9245321090891675
0.1643728720840789
0.32692873292695124
0.5184836359735565
-0.6465714549366344
0.6745865716452848
0.346904849400951
-0.39896270205085904
0.5092549620376388
0.21943206986640373
-0.5585746808160962
-0.33306733360332896
-0.4133285599592516
-0.12413465084842769
-0.942336826797672
0.9166613823765131
0.5244835646786786
0.06562808870578196
-0.9308947154540698
0.19001304448617581
0.8820686018120222
-0.9623951683824548
-0.18300299840796336
-0.9407112998176748
0.14352279183364058
-0.9398172380211611
0.18232267096435467
-0.6902936931433108
0.21565511696510598
0.5364219240881223
-0.9410546124756356
-0.49872166006204766
0.17922783736921866
0.8798545761720391
0.9572436583731871
-0.8079381981424072
-0.8752977875977537
-0.12208113323532975
0.7732437380272843
-0.20347583548335338
0.19891581295289548
0.31624510611469575
-0.41650931598910784
0.3310607860772817
-0.4003808988371979
-0.3164313324792275
-0.3340970474887782
0.09686388283733122
0.8751607103795089
0.13139329368704525
-0.27309585212120335
-0.8929993575534931
0.1865719492514091
0.9206894561345966
0.6443111680807182
-0.9170214247331188
0.2898300609053626
-0.23769267531438132
0.6165941322138282
0.5064159414822862
-0.6989358944556379
-0.8586296150463937
0.3546726186478226
-0.595639326798233
0.634788445028359
0.034585218685443106
0.6218911477508035
-0.0031796128978182335
-0.9160270291145256
0.788519972502281
-0.5717895237128073
0.9287192945352536
-0.032627808011150616
-0.9727608581025503
-0.659501083000673
-0.5003297266467716
-0.7098251553479905
-0.9890339789519746
-0.1632319428242344
0.4636507420462961
-0.6230096470504871
0.7814617958890903
-0.20124089899922776
0.037833469406161675
0.8402605355255072
0.09644740638788774
0.45775139954284993
-0.9770993193055928
-0.7633471434318084
-0.9918816786533093
-0.41299132705121644
0.7410083336503162
-0.9318343915573036
0.6514357794104918
-0.08746681354895956
0.9860187358822308
-0.9279800102963978
-0.29262371348259814
-0.42097572171284064
-0.353474117016494
0.4628214879928615
0.07912700810638629
-0.34609177736763086
0.5859691045718664
0.22994355422969373
0.26430125312812036
-0.046242406878630474
-0.35445809053105765
0.9410804994128321
0.623458111867989
0.028288293419269302
-0.17607790971997855
-0.9246344098568995
-0.6110168694636655
-0.25840137337265023
0.1421133085109385
-0.5317590231503981
0.9110382082291162
0.040933350509537725
0.582807230042605
0.7350244413966353
0.16405930175079658
0.9334783376778867
0.47778195195615963
0.9873965114593477
-0.3872515081020446
0.1914900247418467
-0.04289614630635514
-0.7276288495497133
0.39675045473370646
-0.5400433981510142
0.6051018532524631
-0.9732575953070456
-0.5783287336323144
-0.5315708899493441
0.13564623038710716
-0.6898289366065049
0.8386833028093905
-0.33817366959434036
0.999567253753588
0.19163321587565962
-0.5794327688932764
0.6812983609870793
-0.1748884528500083
-0.5729846985159479
0.478397648597477
-0.8927372085284333
0.06584191523190666
-0.8747877186486184
0.29004029955775457
-0.8144850319712337
-0.49605773417624166
0.1940607035181007
0.855887861738064
-0.7448200104179508
0.5873174205180709
0.4264982278549524
0.8078305032221084
0.7728440327002846
0.9345838440420682
0.0037765398176567246
-0.6032691184569637
0.5328134681444407
-0.5617174340734289
-0.9247914352741937
-0.2066576228910358
0.534302424944038
0.025501479191841942
-0.9057618551913728
0.19813758614021304
0.013946833908819567
0.6743724166857799
0.4686978226149634
0.0002886011332525751
0.4151995244995268
-0.45220980969151214
0.08822474529282842
0.33643609920080186
-0.02462897958634346
-0.0037740511060586723
0.9426397895892665
0.8934117457074596
-0.11315402832538833
-0.9318814017584214
0.6877574588710391
-0.8440829968474712
-0.5463327645681028
0.6793572579444543
0.5464313800776581
0.9542158032681507
0.6283670503371221
-0.8802205255223968
-0.7019795626981727
0.890249491992021
-0.08153001610949022
0.3077902512362924
-0.41980868078871775
0.11071786027744837
0.13636025692051756
0.3401258044066757
-0.025822853066923557
-0.9421913484248687
0.6603855006972197
-0.3526307653725259
0.1709633925551606
-0.36542980242130135
-0.2189800193884396
0.9848439995300924
0.12649179800790275
0.5479129634457212
-0.0698417788628479
0.12992078538714733
-0.07288224651138078
-0.08231345442712082
0.22339930939117664
0.7831051731615383
0.0032713117521242408
0.953101752846805
-0.8968118972838851
-0.9710556286837687
-0.6082505727965839
-0.32971507598410227
0.1727426482069465
0.6958858465899034
-0.758970390779101
0.19315187965298808
0.7138679487131356
0.5692384743925571
0.6809152748287621
0.7342663831202398
0.5126604967546715
-0.32714112554678104
0.9802118898374526
-0.14454150173330543
0.811399117519824
0.7889031196961322
-0.15209811636805654
-0.5278999143444123
0.9919661431521986
-0.3926265655215301
-0.17785355565564895
0.599733856904218
0.5804240866199798
0.02848805330435565
-0.8375103476433848
0.8370014107396174
-0.9228344528165302
0.04152593936649485
0.3145863290407385
-0.8183089345685985
-0.9204928847023558
-0.9262176156665405
0.5079479885502819
-0.7404202884842134
0.8730287559132837
0.2625899232356148
0.9028074642097066
-0.7255612485711327
-0.1842299248271586
0.9550116917369317
-0.5914484943718289
0.0889287478593173
-0.1366427482809738
-0.7557269883991244
0.8074468999681615
-0.7246778407205623
0.4403873374120817
0.5065780250318587
-0.21542474650784146
0.0887077007629815
0.33180981981708546
0.8154772456631197
0.7596560887466731
0.09285222006498307
0.06763091069834143
-0.7980978112501712
-0.10077657065242568
0.7381552171910969
-0.09558128907901123
-0.1564150443252626
0.008075103470527114
0.9489665633767604
-0.0682114364395272
-0.05512404189237219
-0.6228432867213733
0.6477200738617905
-0.6428137781302894
-0.19210533644051195
-0.4674837323211743
0.09667059501574593
0.5186670978556236
0.5090476682443481
0.8649939471658369
-0.3484357879267029
0.5154517073199792
-0.18875680838094083
-0.3666098150861682
0.36763241517370915
0.2941283320367528
-0.2068246600792884
-0.2353156868612459
0.7200820643682518
0.6207767482504262
0.5505546041748572
-0.20649381022718133
0.9380223562776359
0.6925182019472175
-0.9805821520650991
0.7150089585642535
-0.5133222066437234
0.35542288975284064
0.20935886091279965
-0.4507410157977527
0.48941612701093384
0.2908856440847487
0.015739033252124366
0.6576432535984994
0.3984750862176447
-0.2718909262360646
0.5045328510741719
0.7943328548728095
-0.35484146882259165
0.7955930442010752
-0.12745912043373533
-0.3902668866967446
0.02734445206608302
-0.49232441038471925
-0.9167454819698618
0.2601461678532591
-0.5261814582119273
-0.3727104290651472
0.43425230045540264
-0.5908588180100784
0.5173904222216378
0.2848199984636524
-0.46001173726071537
-0.22864577055409036
-0.8661403129235337
0.11734454166050323
0.9829367583819073
0.7270245289990871
-0.9684740886291661
-0.8177230102550694
0.0019110252985139464
-0.7084823621830538
0.36654389642845886
-0.1390064987756679
0.29274287735993215
-0.2119251441272319
-0.07129900483796497
0.9750083349164796
0.04387681898821972
0.14735793584744306
0.39446549899185
0.8410030342076071
-0.9181179558850672
0.16062594706740485
0.3734170629978103
-0.3168961950110032
-0.7181463839377714
-0.2261312952594247
-0.23291429634577665
0.7152934644635569
-0.07166880551419896
0.9550783925732511
0.9129939855153779
0.8377549496385224
0.37144854807260286
-0.9010028525800196
-0.6558326640671917
0.14192044059177356
-0.8117632497062373
0.7856162983071671
0.7425955718916937
0.3618309375307636
0.5307980588153207
-0.5711687717992681
-0.8074346171390975
-0.10524244809391765
0.2665653535634678
0.8605529991513323
0.6202036913646302
0.4079425409467342
0.6864606159407218
0.9675390705167837
-0.4680266747844038
0.12264076000486605
-0.6927578022222632
0.7951201181818122
-0.7485572274547203
0.6335744201217988
0.3671526440935655
-0.3564539230825574
0.05129680145016269
-0.2000031541488454
0.003986211388933514
0.3653781720857472
-0.7919831635924615
0.9321927043216778
0.8880429448771605
0.009524944755689102
-0.8445550310189587
0.7221673158083131
-0.7256602587859314
0.7406386983690775
-0.6151405719872043
-0.009446782959157398
-0.6566157706363811
-0.9048957730988683
0.456410922683194
0.08472369589582045
-0.26142739581850427
0.347023735312523
-0.09438978586240801
-0.7057432188887092
0.037036506695744625
0.9690142062895066
-0.8404428698651816
0.5406972047963929
-0.4973493843233019
-0.9597118117728112
0.6564757191276305
0.6312936188344898
-0.5419044238330588
-0.31533908381680753
0.8474622254679514
0.23765353258992827
0.3555401806486449
-0.7632651104114236
-0.36738639132205875
0.2949678008068466
0.36309610527618674
-0.9756548040619866
-0.3357685979675452
0.35182838674887507
0.11152569846264929
0.21425655593885903
0.34944638244198856
-0.5356500326587947
0.8566781442204433
0.16300243395242817
-0.783056526904423
0.41816532411496105
0.5556745873294572
-0.8409376397339638
-0.8045228872065286
0.5478223784601541
0.3782010498333037
0.9115212375370865
0.47375894530108353
-0.19337392816753773
-0.47132802906458005
-0.4382893626943336
-0.319050141467202
0.621781181938103
0.3017560332711722
0.5841825159268808
-0.051455141217253475
-0.05489974744542936
0.21062296409933223
0.6275345601018876
-0.9887779576442599
0.9330517323953182
-0.10225891111575465
-0.9332742814195026
-0.3225829282006891
0.7475354965648162
-0.016207959897479585
-0.5152455450002775
-0.25519645835418125
0.21215290585917956
0.30704678830471743
0.06125676249537437
-0.13082491251618866
-0.37917777765229044
-0.31923369965971027
0.5771559424354029
-0.14775962298011924
-0.4305313685483263
0.7638194940452863
6.472697620460936e-06
0.22327335588620678
-0.24619604734548606
0.5250084510489017
0.4580097300783079
0.9436505074929087
-0.8238833666652949
0.15765688582018544
0.8621048608662478
-0.9889814323258421
0.6730651930456939
0.6764916083093955
-0.5693169695444695
-0.5565875981209567
-0.7212755631533665
0.6205152859160283
0.9581648936437341
-0.6567091169212287
0.24788745437270254
-0.85203710820445
-0.020924285630983697
-0.054269542741054444
-0.3779628812387317
-0.20233011146501134
0.9846029329052535
0.502442446614255
-0.29128463145819694
0.9357050068266684
-0.11591377276669146
0.4723354908226911
0.037793192201803105
0.45483934268349846
-0.9040730854814467
-0.7159223823985155
-0.8502538926798253
0.6563139395424327
0.7910328827526718
0.029412306110686792
-0.6831032035242126
-0.11621800151282624
-0.34353205516093577
-0.3455851286391993
-0.3568394119507128
0.7141927254036402
-0.6058805550781656
-0.9143257807438687
-0.9162816669098093
0.7577360082062325
0.36844721988534324
-0.5061207172499966
0.8563210511844936
-0.43126380813347565
-0.042625556478769866
0.7002006895813961
-0.184664463800845
-0.4538101901578444
0.11713214734435295
-0.9543399680410369
-0.6148961848448256
-0.3283065938214542
0.1683923885896872
0.026338081304199124
0.9015402022788432
-0.41622025188833933
-0.47566997322814775
-0.4397102423939252
-0.5546432912604926
-0.8714466580341382
-0.6021844661995401
-0.46394222376856586
0.5392762226369255
-0.8834113396516952
-0.9526988514941691
0.8205700673604968
0.8821391627832889
-0.03583202299623389
-0.4327324731832469
0.7480970486752481
-0.6307504215197298
0.4928146801753573
-0.057940388853003774
0.6073590462364195
0.4183351767625363
0.6001231898082935
-0.6983423547058547
0.7366671416858346
-0.26369263793256015
0.6560165208437096
0.34865536030012256
-0.8543779010885337
-0.20386099015157533
-0.6186504906871502
0.9725201835509875
-0.025435973232881836
0.1674665861734247
0.8848446901669509
-0.6217036538694457
0.9484115403751304
0.43080244955352953
0.7406381192185267
-0.1284165582561806
0.6912497326786737
0.6532868868192491
-0.555132829421303
-0.9036739961557299
0.95678756776966
0.7445005664128193
0.9073700383486619
-0.3345574919092868
-0.6254985063502256
-0.2684048408616899
0.37277633237371255
0.5298798932570281
0.30492910068289825
-0.08841159937785936
0.09895085574732398
0.6596181132644119
-0.4205593094080564
-0.5995752817064834
0.7492758692688368
0.9273102781758003
0.5047115780906225
-0.6959410865625236
0.8748923078357947
-0.8250303832684452
0.014026084287838404
-0.43367149736773325
-0.8875977974304705
-0.31956189198321455
0.5219155500474002
-0.4268408052209188
-0.4652027152061517
-0.6898834421012512
0.6744561846414117
-0.0632290557707783
-0.7646334059523844
0.19275268664968304
-0.5971956502960649
0.1963862995060351
-0.22302129745417498
-0.7654966589123842
0.3549117027036375
0.7642522628328436
-0.31427779825180213
-0.9217151858628263
-0.5707625058766126
-0.9898034843057171
-0.6573204422546187
0.2949576571599402
0.9667953034114026
0.4410416624468869
0.4245161624780649
0.8519085172636841
-0.22297981571158293
-0.7488181545023593
-0.8725698824605129
-0.754309668827833
-0.6042115712960249
-0.8689264116861866
0.29443222207934583
0.4807438719330534
0.5043310203061334
0.034472584039321706
0.5075627003949282
0.6092834332467274
0.44294382109993224
-0.9182433061495571
-0.4854772959259337
-0.924925883677836
-0.8975314135175798
0.47216832166154954
0.24108868543736017
-0.31502571567411897
0.35321498065442003
0.5386142423774629
-0.43948664377312197
-0.32565725886157704
0.634865482709768
0.3381472146762143
-0.6251847788040905
0.47898781300039006
0.9817993900575093
-0.054887929816990276
-0.9636963961598164
0.9023184546201742
-0.2030156473952232
0.30638941623154387
-0.3167926752899774
0.05051767135196783
-0.9350181003296756
-0.3867509405988204
-0.7227677965463483
-0.5589823973625725
0.9235445810047758
-0.43036232148301606
-0.05577541360374269
-0.5500349548344701
-0.8534427123676527
0.27795889222678505
0.4075364884136401
-0.2653572464867251
0.8963678821405698
0.094443606380033
0.04088619904045696
-0.9508844872834992
-0.5095435538188504
0.9378390290081967
-0.5988057030956025
-0.8486155205648641
0.003207597365549813
-0.22426100233036342
0.20937807375801534
-0.8527364624258799
-0.48379766706728755
-0.5292185139620988
0.5464796504119682
0.6341575054086378
0.880105551415656
-0.3161095353489401
0.3389987965349529
0.2631836502042568
0.8617818508081144
-0.8594745689201609
0.7663078126156047
-0.8897804809301977
0.8768708404329946
0.8317991852216504
0.9203809928850843
0.6764474592647589
-0.5636238320011946
0.9320040309188976
0.47387766002509657
0.7821158617701953
0.7273186564320205
0.6033438895332003
0.25641737028791156
-0.3150128306149654
-0.5680825778196816
-0.15268249880069407
0.8636298916341361
-0.8359003393920412
0.7579693022926096
0.6344215526488136
-0.6844587266067811
-0.2508156958334769
-0.7509233982645225
-0.9504930875034182
0.960906306148498
-0.25557480103782787
0.688858639806679
0.05297903619717759
-0.2482121942253681
0.5788463093387592
0.4606840321858865
-0.7341940326367191
-0.3361855030080596
-0.5787817480110566
0.759099107178087
-0.2982141879873683
-0.45545865201130936
0.7431135954570756
0.06020207175334264
0.7935031539339673
-0.476229872091608
0.8336732534196757
0.35541601393180716
0.636297224194049
0.9876582053114641
0.27626491061115654
0.5948809520413516
-0.47755063957739646
0.26520431075766965
0.9894288700493425
-0.41278139373084743
-0.06617438480684223
0.1873026456693935
0.6797540550010279
0.3428962167134787
0.11182086510241707
0.6392195952938138
0.8689329836129258
0.7614543517753924
0.40471140641341163
0.4081296999234951
-0.5388202693091906
0.18543112765168
-0.7779346949493241
0.325427055554789
0.5459717162664771
-0.662986020409469
-0.9841765389814711
-0.8643913456239186
0.34389643867266867
0.06941969608376343
0.4750740041619202
0.792350789613012
-0.8741544631017909
0.017352892555251354
-0.7921202335021579
0.20189844051891215
0.408701170931314
-0.027819000730638647
0.7226135021960004
-0.5764415220659896
-0.7120361469170972
-0.4911222617135925
0.38615913976867233
-0.5448735207187856
0.8515238068665139
0.44631339772876166
-0.19722021869234707
0.14993981435267156
-0.5474920021020533
-0.8057378816447822
0.23248807624175374
-0.3114965008723739
0.8625258914363172
0.32711896519358596
0.6732302981720444
-0.19016027206687625
0.827833958539537
0.3126103027950859
0.5997761104276738
-0.9351444703562992
0.4605951287198683
-0.17152745852286816
-0.3345682856686788
0.670859703224762
-0.7289511312796983
-0.8553904222427088
0.5220755925864079
-0.5393171626578277
0.3463203393333115
-0.07962812787985248
-0.3329799745324953
0.11021901744477969
0.2407959396147623
0.730463827798667
0.6834126459010323
0.051975480696320187
0.13790533844337216
-0.7313798855844456
-0.8796859233889961
-0.6875270308545359
0.2226178727612387
0.2294613898621599
0.08508650182864483
0.125852102911852
-0.7732746226441937
0.46292316585641063
-0.020094100106288895
-0.9572067739990787
0.7129123241580484
0.8154665202002553
0.3531762082817212
0.31874084654173473
0.7114392397638887
-0.23942182614959578
-0.15227910766384972
0.3060762238607176
0.3626909262940313
-0.593022038624255
0.19078503350981313
-0.16376041984443246
0.507748259187617
-0.325566389344917
-0.3226260000728476
0.06038127040528396
-0.9553794763600023
0.9990712927248316
-0.2561254037276157
0.6414068049924343
-0.3340555179525215
-0.1378500955866199
-0.2589612494934053
-0.6728383089546058
-0.9414821948951864
0.8588383108368258
-0.671853864066835
-0.5708111507662978
0.3651922653951869
0.21989745477298359
0.2538742136017041
-0.3622090291118959
0.7536498780100115
0.1953465379375236
-0.30995891222270855
0.5648661127648918
-0.46081149919557834
-0.0418838158087794
-0.44159691070799423
-0.796018435206904
0.8418610643051814
-0.620677487121599
0.13923247784246118
-0.19724718989327727
-0.5393844684690021
0.7012471726788996
-0.6318173447926693
0.7062992276043367
0.8411642974446947
-0.20568535814836073
-0.7852275952193577
0.8250778697601441
0.10561124005542935
0.43146827122747966
-0.017390253444538425
0.6826098129365772
0.3070424386190629
0.7150065836172944
0.8421321041917099
-0.06650895804620297
0.0770757583672805
-0.5697679677754566
0.5475940271790766
-0.5965349912421268
0.662321187310612
0.7331338622654072
-0.9797401297359041
-0.2873462364507666
-0.35936406810043175
-0.1782721479237097
0.49362045528872
0.29544438147782315
-0.7270520481955374
-0.043323338862901184
0.9610091905114964
-0.8630624502871614
0.04032905839689856
-0.5829503105037939
-0.01874588157170354
0.6532014095790981
-0.5863164304995239
0.3237446239001067
-0.44140709645949716
-0.008642898392991418
-0.35565731798989453
-0.6031700181449339
0.9170701063943681
-0.757096542299746
0.057064690689797894
-0.8949683113046629
0.21309410341748414
-0.3042045984050475
-0.44925893806415346
0.23133832871154994
0.3262128351681361
0.6748498687721924
0.35811600468607563
-0.6909292906862794
0.9835361152280238
-0.8621646603599948
-0.8184521038749492
-0.30617172930930303
0.12972403114363612
0.4087892142595917
0.6519837488095181
-0.6166328156526055
-0.113865629521067
0.11631907333020021
0.6065270088544449
0.346203394774869
-0.44477244754804846
0.025847789715840137
0.5822973901586108
0.8888104711872895
0.45006053871735485
-0.25688124812004376
0.5431767974934152
-0.3823456064144307
-0.17654406359993355
-0.7454043138324603
0.18976359886111066
-0.5219087205415285
0.9723734820987748
0.9501640075827236
-0.36316431261829507
-0.15236742992437713
-0.01587419444185989
-0.9575873137529469
-0.6194024158514133
-0.6998880493341603
0.2967008774157883
-0.786617027277749
-0.713699891739157
0.4551236129876289
-0.9501318575907688
0.5453852593868688
0.5413854172885435
-0.3644365369471879
-0.17234746857181896
0.6569347205946316
-0.03701596267833528
0.35755000761914435
-0.425040040934189
-0.5025107962758989
-0.5250813313643223
-0.33872339671310003
0.7839982166108878
0.01451973535427352
-0.2849691517812974
0.859590063824105
0.13848343901467158
0.6686632844170253
-0.9112796245103125
0.2455784124496041
0.744603135579651
0.45999314499739485
-0.4607753472824081
-0.4689245480988929
-0.1090369360391225
0.1546304935101372
0.20733208663713867
0.7379122961374255
0.31949973230316214
-0.49573442469521994
0.6890799353592836
0.9460701257620857
0.8060045863573723
0.2890875529609929
-0.06774203593425948
-0.27809930912195985
-0.1723838135471304
0.7450179375428683
0.6722493875167304
-0.23287061078669422
-0.6345975689847995
-0.5786735544122276
-0.5539119008257555
0.06068964069167051
0.14352555482987217
-0.2863372300186884
0.2712558855383074
0.62564472313829
-0.6842916059518538
0.3242215021433925
-0.5281140764237007
0.38124840452896075
-0.7339499789452046
-0.5792226802160875
-0.980410268527968
-0.251813203468296
0.19709664250787137
0.026839788146098626
-0.9605314462656228
-0.5452695705138808
-0.1288888941698659
-0.31108558530930436
0.8757672339506218
-0.48706198136801965
0.7805300205572224
0.5910073059541584
0.8342430168838734
0.21527730167477643
0.3903697096803959
-0.5828478987138608
0.01315712029357511
0.05803063187224183
0.4371294544555161
-0.5430887507931319
0.16297546265145213
0.0721458822984069
-0.1632407314360207
0.3117930839957237
-0.8315465866650887
-0.3055130807205752
-0.30961496362188745
-0.6747469927578846
0.6178716495286505
0.7651125016137809
-0.36555123167632747
0.025373525017970702
-0.6189134451189073
0.2307637276627278
-0.6262287265312947
0.30196347298345544
0.24880480214348
0.1307000375851399
-0.7262978461943769
-0.39348998863769447
-0.9307286718095431
0.0523488127613773
-0.08969053059280148
-0.26987150065515214
0.6223051662948162
-0.7809432483373261
0.6066310676318538
0.7691214966691082
-0.6735981399205284
0.9513828546402794
-0.9137499086161534
0.8366569845165801
0.7397802288486616
0.3088584172449462
-0.06991279745167382
0.7104830877551999
-0.12580172503839837
0.9823241527682999
-0.8271729447706185
-0.6014004778367156
-0.31809988131441264
-0.5829175507456894
-0.3642799715128196
-0.3135289723399272
-0.054183212210020294
-0.14584505737053768
0.4188764856719503
-0.2132647439131644
-0.7515766400917402
-0.0890829312149088
-0.8607977522859013
-0.45861002107588594
-0.46604769298049037
-0.7640998268478182
0.3645643642843456
0.6444936405851989
0.866683951243032
-0.023732043716481854
-0.7827125445657286
0.5318468990609349
0.8144383711118317
0.7991723170250971
-0.7192821526715107
-0.3371012130243824
-0.16674203068617083
0.3841341904415804
-0.543807062760588
-0.015559591554641912
-0.6821675404867767
0.5749229929864845
0.9580619431043447
-0.9525711061462653
0.2446087138722424
-0.8389937263874361
-0.0017637326084933077
-0.18508918418229814
0.37278593034153784
-0.2815908332626733
-0.49154174835760917
0.594139786271796
0.9037940288013573
0.4344779352668643
0.32125601736579745
0.08912123090408564
-0.1471316737834485
0.8146185330894786
0.02204446653224923
0.32827414917178044
0.5434810402220411
0.9502686013456794
-0.13599709815325633
0.5308655150529451
0.5348059812109986
-0.3743255845785578
0.4524555165156582
-0.12365724357949237
0.8768016326765024
0.13883180697443967
-0.31366782053925557
0.8201494631913919
-0.3544529244338334
0.5915076820129581
-0.720329976105395
0.1412640350172668
0.20694286096756126
0.9513117674634068
-0.1252360626473927
-0.046403572007768505
0.6806311621071783
0.06016330535177006
-0.25899055780942737
0.21468807804704593
0.6214237982607773
-0.45212949677404857
0.9171593864003091
0.31219250208448046
0.8760157615327164
0.8096213399155929
0.9501659751325955
-0.421518515104197
0.17477394554629747
0.2659538322663761
-0.23050313573887696
0.24129891203351336
0.5813813689647451
-0.14444586317361158
0.6521457153586981
-0.19122812525024813
-0.1785613837433555
0.002719626568537803
0.912524505544183
0.1622691310187438
-0.7900761961478117
-0.3727234424693673
0.1281670373620405
0.6701889544526698
0.3849990081488295
0.998591013522018
0.49216675038063507
0.6104248616377284
-0.6440396512021602
-0.30655136878450784
-0.7140418618863125
0.9253504941195994
0.4976188465084104
-0.43130255144801377
-0.07085517947585318
-0.005131227399368887
-0.5541631016359709
-0.13768228651221226
-0.31958030691933453
0.8695163553233266
-0.24368158205339122
-0.8027805903979245
-0.41464896033016374
-0.34695796526942974
-0.9173610631553277
-0.9003638743339313
0.04994249611503333
-0.7085038971726653
-0.7531573843307457
0.04094273413902427
-0.5290692366274263
-0.9665841462105542
0.6438023181136574
0.41373795305772054
-0.7803685162754856
0.690667999543398
0.9970657852565994
0.6049518382334469
0.06312952341225886
0.14681398511298416
0.9017452898361447
0.8149352600609086
0.324855542215974
-0.8839598928453172
-0.38328121489035505
-0.7200771183534616
-0.18685994908957068
-0.08928409980291882
-0.09636016642269628
0.440254794934615
-0.09255407754541635
-0.5367511865866359
0.3592326695416503
-0.023124570805621646
-0.8413077617690602
0.17940970645470644
0.07172180911122664
-0.2464497090902409
-0.07080930592880656
0.9223594563445849
-0.9519412786946264
0.6404934853254176
0.9360030327411439
0.4107364356773473
-0.10016837661247857
0.321160454303413
-0.5619622628580088
0.634665441534618
-0.2496399495939936
0.5429094447401674
0.12718422458937084
0.17185901740250764
0.9484893318812797
-0.3235667911561455
-0.8093866367119497
0.45357536853806196
0.960658160164109
-0.028618215728600613
0.4806189837446595
0.6755830314024454
0.8204717291136647
0.5358373402551524
-0.50618398738703
-0.7983168683591735
0.8283450484745383
-0.7612686212674116
-0.6887797243380485
0.4178082695059713
0.8582568905759191
-0.4023220437213926
-0.9147620459225787
0.2082476533894766
-0.5854592925388458
8.733730528374398e-07
0.46999949479293246
0.3149763039446909
0.4622958657969989
0.6538342981124703
-0.9760798277553333
-0.17290949670185518
-0.670908264012636
-0.6589565367606309
-0.23970456962909537
-0.3083396078976395
-0.011799225258927404
-0.4428129670687013
0.8555171421330166
-0.20419257165286386
0.19418456050894184
-0.010469052227503939
0.13272217050684687
-0.37753815312031747
0.0029182703185148817
-0.9793329511024889
-0.35268654765589624
-0.865935114936246
-0.4643274612292314
-0.17218236404147547
0.32847265225929756
0.09076846744014255
0.025271734704989557
0.5272412538123437
-0.016456185041302085
-0.10152502311442979
-0.7163211805579708
0.14378778671008008
0.039678226881879386
0.6028444899733292
0.22406169598137704
0.40722856328554324
-0.012686423027761684
0.796215679439092
0.8852968377660613
-0.5723222808554447
0.9428215644556639
-0.8485637894612656
-0.24103250051498004
0.5599034184398488
0.2495897242703835
0.4404085112287397
0.4847766100494435
0.9548904475878623
-0.6700489600196178
-0.668819528169573
0.1885304806732897
-0.9427706308039139
-0.17122892879460205
-0.21950405691714714
0.6548425062950409
0.06271634844460205
0.6453204126735308
-0.627401540247353
-0.90844282764978
0.6115132388830926
-0.2728205211641799
-0.6718787682699274
0.7389042875831802
0.23578780801837773
-0.08332054952867374
0.8425428055714967
0.4023231157557132
-0.5647461619039462
0.5314257601882452
-0.31778253875345747
-0.17328927324383564
0.22947546099120544
0.7379282388349301
-0.09989790521270492
0.9789636161384265
-0.0678892306548986
0.19684189042656364
-0.23799098747285335
0.04587874566458543
-0.4639855240618379
-0.3459718479409953
0.43821516815092676
-0.27759268257312875
-0.10287705040180639
0.0789165538052623
0.583643810780528
0.43048165322116505
-0.27521945305857587
0.27129385946927953
-0.9085541497061662
0.24455908371027912
0.17893409685869147
0.2827234282699807
0.3862732007319458
0.9220099668541009
0.8162384101580054
-0.8371116275794023
0.6664288918656764
-0.4818373589047668
0.9527740281403112
0.8589555156125108
0.24981191319644047
0.6720223528200525
-0.33634221395997194
-0.9803188729632368
0.6283260124940921
-0.18640889762845092
0.7217308213616921
-0.41049565656767595
-0.08270540650628821
-0.1869905018996405
0.5473705347322717
0.06230570421530879
-0.25494941088496414
-0.9388487978418434
0.8613991706382482
-0.6310392728883392
0.08619243332179716
-0.8843771779970679
-0.8756359132155019
0.29262375520287465
-0.9684227205661922
-0.9810798949307163
-0.787596413850813
0.7731371529807801
-0.9638305144918011
-0.8411998395251176
-0.04934017677148896
-0.22984690135728592
0.45553367470872036
0.7348960304746757
0.8929883844220391
0.5210503976063758
0.07554654851460492
-0.4124839915021481
-0.7430996090675045
-0.37631704525650744
-0.6301971645482914
0.5242797233678609
-0.7412639352558985
0.3974724814565822
-0.07420058327409351
-0.12208684590647256
0.6019507552101822
-0.8483080009055346
0.11579418046398349
0.6116720865088371
-0.647819671622075
0.024293840792820195
0.1311694516373889
-0.03231224354219974
-0.9455854716998631
0.7874727012065454
-0.2892555103013766
-0.16321965473290825
-0.1982140109160818
0.01774954284405043
0.14028007753906044
-0.18692003556519454
-0.9789063981637941
0.8238514246985933
0.7494469749440199
-0.5037930937314381
-0.06812332735545153
0.41266718273835523
0.986818105107418
0.2683485404926198
0.7566733148126299
-0.6962818594268501
-0.8453630227430491
0.25855547030284143
0.8057825384866788
0.8462377583100127
-0.004156510180158612
0.4851520903444594
-0.43895529738445793
0.2678079848118927
-0.5131646007332648
-0.8939324960631808
0.2829905448784379
-0.8835712140065963
-0.6339107546730064
0.3092217591676933
0.09276929584171964
-0.15160697075073143
0.36761024412364723
-0.4751790953702448
0.2272941975020756
0.6942882291735727
-0.5676891629431916
-0.8715543096890612
0.16120832149609732
0.6490501475746709
0.8836780693891314
0.8169479442820838
-0.4814113712757797
0.23553198300768674
0.8540972941499256
0.45556464597983704
-0.7384783216875304
0.9092360906426284
-0.8562437520483024
0.13993391457173343
-0.2809346409852417
-0.27748059172956646
-0.04785954379052068
-0.5129329039463764
-0.4729695791398994
-0.2583032183241827
0.26437314776658993
-0.35786953846558833
0.7278450931658089
0.5756016914557284
-0.15744020573795478
-0.19168329506369272
0.1643641126580307
-0.5197760549509597
0.3053680834312019
0.9769372599868026
0.6384539182776043
0.9329691521096228
-0.5684912589481862
-0.3498315637824865
0.029833159512032914
0.789564503602018
-0.803599187640859
-0.06704004302788391
-0.7008920465949509
0.8523736914609883
0.9418541513986902
-0.9410976102608228
-0.3942461542426706
0.7537479966382857
0.6683252314619315
-0.02217595185125074
0.5753185188705936
0.3531601883087508
-0.7018182077424118
-0.884852816759362
-0.6918777899291407
-0.606194657358571
0.6601508546032384
0.5942117748851012
0.6705534887602181
0.9452469068812556
-0.6878831979762079
-0.20855446178193857
-0.4399569216855427
-0.001874267763191991
-0.8957139501690283
-0.07885451397784204
0.12463291002591959
-0.033325531990263224
0.4946720703230456
-0.07275045758747378
-0.9981727660015554
-0.6969639802513654
0.824988434795559
-0.39384306076442727
0.6534558448456991
-0.023121024890530084
-0.13367983627999308
-0.43600431243082066
0.6690320731687046
0.15302762908349377
-0.06286613489499253
0.8492251469798885
-0.8392618569540614
-0.3511105044948394
-0.9396690624812237
0.5398578815893855
0.3991612597752362
-0.9992193599537414
0.19385373169604478
0.35982476979080785
-0.530323863860473
-0.8376175648765969
-0.3223331029360963
-0.2900125622608387
0.8483505020119686
0.11612030773598758
-0.7197655990558463
-0.1481448537968062
-0.5820536799481246
0.5243505931245573
-0.9557094745394168
0.573691910880284
0.27502279391632917
-0.022765162831065534
-0.5688035130644811
0.21507126981812197
0.9399476865555535
0.3205568150633928
-0.1413295833473606
0.29244490169932125
-0.0013305031117110185
-0.2425289643416798
0.6046797261837205
0.3526147367886705
0.8488605332585089
0.2329478801183953
0.631177775492139
0.376994731358891
0.9376173808334284
0.9935506177204876
-0.65664532335705
0.10688892288396645
0.029141423945019396
-0.4505822214846884
-0.5327909907574568
0.7965633680134385
0.8124002493483073
0.3768057506867941
0.5424479024000484
-0.45323365913207
-0.8233627793969532
-0.4265851165402342
-0.05906097209479091
0.843423028768149
0.5848179780053676
-0.16191931351721126
-0.15677845163164486
0.9298948019451698
-0.3090693111009008
0.46785442642915565
0.658206934215834
-0.9977867198223
-0.12158341005835137
0.16900105689194678
-0.7504851491524657
0.3415399178246745
0.9590779698610424
0.13672337376067786
0.08171391052995558
0.347379739500264
0.5682533429122552
0.16472663182888536
-0.14952861738162548
0.961924734965081
-0.6630962280740433
-0.7271847081483244
0.5455660220205084
-0.6580421343969074
0.0972514501694413
0.3397998911665553
-0.8412624671868015
-0.9717000352775179
-0.8321382873841906
0.5719580418930349
0.544367963019516
-0.963050205501913
0.18082021277535915
-0.6624097498751259
0.77820606418321
-0.1157581676761831
0.9048155807963214
0.31923245628481095
-0.2692437757372247
0.4783315369459827
-0.23477077471258237
0.09337069672868821
-0.5481255515690406
0.8707567879275786
-0.26447162527461376
-0.6685767442247021
-0.4084468507879344
0.6447219451941202
0.9072807776584308
0.3250098875724105
-0.3349880772804741
0.4605109068575999
-0.991341173873079
0.13232006886847442
0.7497250722271759
-0.19843381387065623
0.518795333339238
0.666884356399735
0.7410833523689045
0.4112770445387269
0.44458781507381967
0.49346844305356613
-0.6366068807473884
-0.9543747297341307
-0.752625043855507
0.1368836234955571
0.6490362446519824
0.5851542487414598
0.44224588433525797
0.775891620936506
-0.8272886160910269
-0.8509785413768749
-0.2586215362707547
-0.30261239712029364
0.443317927093388
0.23252035125055337
0.13380999616302502
-0.2683084032338977
-0.4460563961747957
-0.5187019946039965
0.38983275795086547
0.1314045877099103
0.9527619834809267
-0.8928406395608603
-0.7446549912942847
-0.3705095949935133
-0.5367645985054343
-0.3799427696095755
0.9884780923694771
-0.5072954501446189
-0.8365949997210087
0.5586199623932406
-0.8335573880357259
0.5736191089160478
-0.8688035992409049
-0.3811195629834926
-0.003586113590258032
-0.15845956522285953
0.4275683894957494
-0.4567400143020255
0.33243378520362077
0.6730395373477704
-0.7716190032639374
-0.9308269239654308
-0.17672583544605303
-0.21162738695711206
-0.721717047276222
0.39576810454258227
-0.46629643117313574
-0.7317130504180994
-0.2036648642491198
-0.4968576202113303
0.8160057989990595
0.8593534811014286
-0.4038132231119707
0.7550156196686273
-0.9701327180703481
-0.7867722172760403
0.42931710956245817
0.2270339396924894
0.20523407683245964
0.4995070892189586
0.41832094830097344
0.1327165818814211
-0.583715958358184
-0.5246199082557649
-0.21582039861232566
-0.5746206176039406
-0.17725832402681663
0.6315160684817069
-0.1241469344651418
0.022262044749662424
0.8441552063405474
0.9250398566722422
-0.3038221392659675
-0.036260743679888
-0.31301095211619356
-0.017677623885458182
0.5145126805335853
-0.9700471337404634
0.29096747577254434
-0.969233457429853
0.09405185323176762
-0.9622329859595606
0.890935266566754
0.01745832035419262
-0.3949141331696484
0.9850673234611578
-0.6770529579114551
0.5195653067916823
-0.04268484459989265
0.39780851379560717
-0.8349403908713166
-0.061554136707936725
-0.5975053259292679
0.8495692072967482
-0.00974412001045688
-0.8609793285544234
0.15433058044198256
-0.7064685126233614
0.6077102045199504
-0.9067842615209258
-0.5390641601941714
-0.5031342393981905
-0.3238551408039364
0.9591500254278089
0.8414621786959642
-0.7577819426664109
0.9966377411465618
0.14953006526103202
0.28028540971637883
-0.6136705015495684
0.6013719494493766
-0.05965744795232303
-0.014009987408178643
-0.5030899268750912
-0.7155510352872801
-0.6183353755189502
0.9476484734078117
0.1480696950901169
0.5605628600719582
-0.5999174704462283
0.8327018212708525
0.8042711383120342
0.2906298423701479
-0.29343867278967184
0.9024336707098792
0.6809701071936356
-0.2167223397282175
-0.38469051146076305
-0.6878703869703633
0.6441458130535268
-0.5765498857414263
0.6410677091423465
0.7836019307004894
0.06686566270022004
-0.7246752130407542
0.5500244666320905
-0.38401547941210074
0.41501804183369767
0.19759798437640827
-0.6722784326579426
0.5497207820184327
-0.584005037055593
-0.598380173409341
0.11585039205902975
0.4358593596223478
-0.10134423408753379
0.4991778587904902
-0.0828885162389467
-0.8346946291775064
-0.8636034370991501
0.5503630930123671
0.19490167005762826
0.23734731740080495
-0.12712875093400489
-0.5158339903495268
-0.13684725125917363
-0.4749949849198751
-0.17331080326394147
-0.3030004677955541
0.18939461866594887
0.9049386114255585
0.8238269437052801
0.5020453212632181
0.025183999480952644
-0.12745064398573136
0.27248404639859997
-0.467787297834603
-0.9622771425009709
0.01101020956842711
0.0700058422727561
0.5475394469083971
-0.8637243617631994
0.5952675515388404
-0.04150482702717966
0.011279483724252472
-0.04996067781309047
0.36054479029655806
-0.9223752262560265
-0.2648586244284885
-0.535845912713405
-0.9851077065863814
0.6778752826864227
-0.611070114826102
-0.6438075898854257
0.4934407782198824
0.08887527575627793
0.8748176651107548
0.2753688596233254
0.22629873321371055
-0.35334425875043074
-0.849808992534435
-0.49324236774741437
0.8799782897285888
-0.6715613979354494
-0.8264637106732932
0.7474363527110943
-0.1036662269876818
0.891378178900977
0.5358305602718287
0.4605503116606216
-0.48093535892567374
-0.030849837367779527
0.1738831941397401
0.45618742448278937
-0.8027768006836564
0.2997876485982045
0.7080678428284419
0.489540334004158
0.5291477645039249
-0.8693393539986816
-0.9522009124755265
-0.6134070764951438
-0.8597306023860106
0.5163196240574772
0.4976882702037749
0.5405033822429862
0.7401291992513137
0.9344212524970906
-0.07645353088960319
0.9153485103714315
-0.110272950231068
0.9594749337878827
0.9553757613302718
-0.5126633078377744
0.4145444117373495
0.4466451499793491
-0.8805452256443952
-0.11718010343012655
-0.9492723807104982
0.5183324619997978
0.6077678905843499
-0.8899357384563991
0.3323562510264936
-0.6833920070635817
0.5439017748153445
0.3337801622762411
-0.40153308829353285
0.6923164720729198
0.04469830227848375
-0.39782788153574905
0.5880061774493625
-0.4337589568445828
0.8656391713411143
-0.3406900828807027
0.7234657787292721
0.6753660033107045
0.9918475267387076
-0.9994851812858406
-0.5439158617560869
0.5806071866138693
-0.7669755552747373
0.7891022595586664
0.6092190740525879
0.16650662497930221
0.9331037370243304
-0.9090012673069126
0.7827910854294842
-0.44051033972723835
0.17807196173310655
-0.2895522573953132
-0.862275926362424
0.758597051946585
-0.46157741841587785
0.33021771981567793
0.1177297063378202
0.4763446467690995
0.13374062924615027
-0.592643258261961
-0.842333098525893
-0.1589014573317258
-0.2036608587712097
0.32229668244045523
0.8446604151251424
-0.9628622684799631
-0.7415513822215315
-0.9746632961204529
-0.7846007848357434
0.2318341448726945
-0.07578586526503979
-0.172613667350263
-0.3585902187794725
-0.3548079620907661
0.020694816480974303
0.7780747970006424
-0.5209616647535236
-0.4260815582482841
0.1348644226253215
0.5905756056304332
-0.8750703603813541
-0.6049802209569419
-0.8363458344354038
0.04341355093382271
0.7384570858584909
0.6502609150761276
-0.4431081599188449
-0.5913180505744977
0.20542207894641562
-0.2218980038449067
0.8628740453943068
-0.8047206000317024
-0.1843439720941251
-0.5537893355388857
0.25033818105376976
0.04528390080051926
-0.03967245676000394
0.6402740411527275
0.7924511276211353
0.13717778262455188
-0.8106360943597007
-0.1734126290005633
0.8479705187318793
-0.7190801281651384
-0.6797204056174802
0.35590742535630815
0.6138226690636897
0.2824176484081704
-0.5156166073305632
-0.002664668246143087
0.4367248287564376
-0.3310757241831761
0.16034552372862665
0.4953416141482785
0.6142008919371531
-0.360628349228997
0.5116189232123745
0.7412067744122401
-0.06677730602540077
0.18444587545567845
-0.6308962242870023
0.29085983265368953
-0.04282541541438287
0.4465475451513329
-0.5473084225510886
-0.00369991600741419
0.5110635784020181
-0.2797691125383565
-0.9427481742221552
0.7008449542600615
0.5632052953014006
0.9401655269000355
-0.7228173303454508
-0.6768789551998662
0.7220672631516198
0.003286513146770753
-0.12783967084686543
0.9181976992008762
-0.037000161688964806
0.9086162758837859
0.9027443676908133
0.468828568294376
0.6554566568736986
0.1335297531559052
-0.3044554730766149
-0.9451152845474688
0.3111238910476386
0.7987013886558787
-0.8774845369832008
0.5312283370434562
-0.09372263801108587
0.030218939587076773
-0.6547847924721579
-0.24709706898943362
-0.452113145506145
-0.01738909909818867
0.5938107664511337
-0.34911082575073604
-0.569042094948156
0.9385710298832988
0.78868365872045
-0.576950584687695
-0.43051774174509005
0.7058222007192767
-0.12010070790647864
-0.0857981860561936
-0.642935986649924
-0.1574249099749141
0.8379268146821488
-0.3811362081727798
0.017777869885508224
0.39948274141003015
-0.5789790999052176
-0.27131680705826966
-0.7623360384593612
0.9517648954075009
0.6352975477572257
-0.9445075356642898
0.7859631064426124
-0.6180782943680654
-0.6347021611658774
0.5551605642450255
0.5130757186521886
0.08573056247730237
0.8407289060934717
0.16958584417960187
-0.8135233948294038
0.9160572540677319
-0.1943346290333381
-0.7700370625447239
-0.6077414880208949
0.8530706418668728
0.7054677788085812
0.25968875282927195
-0.17439272683319262
-5.8260733916946286e-06
-0.38472649025273964
0.1601703643238972
0.5667769799856335
-0.19190045961830804
-0.4955017507654025
0.5909285100719874
0.4892956706031333
-0.7887161653630521
0.02512797140793488
-0.04506517857019143
-0.22375466589884585
-0.45670515906860576
0.40435872183353827
0.4337937599044426
-0.7999141592919028
-0.21279266153941823
0.2136216215515494
0.6243616421231355
0.26435058408468426
-0.6096828453440852
0.5859039957279084
-0.8203610764352975
-0.7814339775898751
-0.9758150917809949
0.8376134726365365
0.13536853745247868
0.5479438321257089
-0.47492388635306004
-0.5918329465596792
0.7566058405223668
0.41658365645716877
-0.3226240527373758
-0.9869428569600878
0.31896244147380504
-0.2626914496115669
0.13729733382579745
-0.5139142449007532
0.5984352781733311
-0.5323788692166718
0.7850267269765359
0.5502109459535176
0.23581076151670644
0.24817160071219857
-0.22218163114768497
0.9751575105466606
0.7020718257987357
0.3732805438443285
0.373991469641918
0.28101441344617606
-0.7725522754001539
0.10215810138530479
-0.8347078734768401
-0.2873178506021161
0.8888750960345551
-0.636490785390954
-0.7654810387275459
0.14652304485344625
-0.7990356708773181
-0.47779054309320546
-0.3476758543991485
0.3314758931131614
-0.7500148603846308
0.9130575263202523
-0.10459621722289825
-0.15330303512346122
-0.1683761839803275
0.7694658198368347
-0.5429758708106618
0.878339902642119
0.3179316460578805
0.39224464058264347
0.1863105815425021
0.9920699574481484
-0.2145716695744968
0.9506638660906057
-0.5342713381689816
-0.5598346142524899
0.8798198737357706
0.2982133128930214
-0.9366498134813057
-0.45029774318670096
0.7712406465911112
-0.35988880737455675
-0.5867412266747054
0.36819037855984393
-0.7950619724915899
0.4891142896278826
0.6485016953559672
-0.5365404942924195
0.905167062622374
-0.1008175116067942
-0.6155503140682326
0.0764826876648865
-0.41549423525975177
-0.1706748505598203
-0.1128136133036382
-0.8434642369003743
-0.11136371248550794
-0.9170321457568236
0.8919977218109508
0.876427605820033
0.3317216005460633
-0.23666415039210856
-0.858398112523094
0.7198743458559537
0.4567281270978387
-0.9811927161979447
0.131439976811564
-0.6149119047240581
-0.5353338109006842
0.6511499116774921
0.22358063453705457
0.6855998952227158
0.657432380399323
0.5607527689792069
-0.3268014119763636
0.5967764004344276
-0.040011391964476895
0.6489835460050519
-0.15368982731488373
-0.7233645281055403
0.13025540982968492
0.788583715678476
-0.948498757827333
0.24925635962345463
-0.7278770115811234
-0.8730345789338905
-0.4607635088748416
0.9505100752626977
0.8721549414018807
0.4801863654946927
-0.09726970269389032
0.8745390132625976
-0.650367686659936
-0.14077658315699831
-0.023562283767902065
-0.12079340413084073
-0.4882267585191086
-0.6679301277636738
-0.27565952970487495
-0.5102908084686828
0.2816800984186483
-0.838133115446341
-0.3898038672282482
-0.8655146789759984
0.947559782802581
0.7262362941458436
0.142271356089158
0.536168483712107
-0.9965985663696626
0.18550941632078144
0.003926202381848067
-0.8103343136844721
0.7624177194580063
0.7546412844805006
-0.6844506536282745
-0.7184089761488193
-0.32926183734004205
0.24673308522585774
-0.01767125915043271
0.7677410299789222
-0.08452871623082621
0.07023272933124634
0.3429744700663792
-0.43441476077873786
-0.11385474941610682
-0.21647430038800985
0.7999596809442979
0.34477966017752926
0.8033511746298467
0.23534687161657386
-0.5371364579917066
0.004901416970860106
0.6881378994801672
0.39000330555241813
-0.5591511830784058
0.9442729292882128
0.6733791258351042
0.12913584584886031
0.4898993404889066
0.5906497635502781
-0.107096096332833
0.6717671901109326
-0.7643337791394066
0.691669153894482
-0.7855881412980866
0.29200032198945175
0.5422218696231417
-0.26470725545575374
-0.14731772224269515
-0.04713904221683627
0.9538666065878176
-0.9658086544886317
0.1548996456142721
-0.3651688477897875
0.7869130909492821
-0.9878272874531293
0.9486891906626869
0.8105401760270701
0.2862934985878771
0.5549086959849385
-0.727818241653618
0.646799410239027
-0.4844198547386317
-0.318329388776658
-0.07675145917498656
0.8435085442470474
0.9950864355733393
-0.6573383494036261
0.7404999884086021
0.428098056126539
-0.9685210677795089
0.2465749248113813
-0.02659045118417034
0.1736287591517642
0.9869279744117933
0.6739659770508842
-0.40649717715882133
0.06334432910312093
-0.4010902455818969
-0.7722789147937038
-0.8555954792129791
0.7441837235874307
-0.17001360508415564
-0.74632354949786
0.5912511310491295
-0.734042681840241
-0.29698145560311495
-0.9141597442475646
-0.35969563167993424
0.21730923938910657
-0.4885041257035945
0.5480472501027893
0.12849270208415206
-0.6875526797975048
-0.8888427929860224
-0.8329868469176794
-0.33510139047147064
-0.30069665375925453
-0.6314489727230921
-0.9063890306999238
-0.5082538111743593
-0.13077938788885196
-0.2039819408636932
-0.7602822569342322
0.4768764008210867
0.18994387713400923
-0.813824724324233
-0.3566787062276186
0.1845822148046783
0.2958555591627998
-0.6910930955911889
-0.38945972675619944
0.7631341225627659
0.02561335028027223
0.9222349848578055
0.42112945471207336
0.2357999195667057
-0.9328552407710967
0.03222455650115331
0.21076779405328483
-0.8413870551400575
-0.053345748791202546
0.5926798299237183
0.9299023285069381
-0.004696461947814191
-0.34132943766461127
-0.5638651409495794
-0.6749866757172661
-0.7967762099640834
0.8465595909110671
-0.410226587290984
-0.03964953430107031
0.29384583336786363
-0.48717086513090924
0.5744721140154563
0.80656378432608
0.8068503597132111
-0.023631688110083537
-0.23443644295093868
0.3843451609044719
-0.8517429370987557
-0.11012442339953465
0.25671128332008775
0.8205817556913381
0.9540500090526954
-0.7817285942605651
0.5496275131914783
0.6390637052543793
0.23946678528492277
0.838535826051052
0.7328909419939673
-0.5868752706926006
-0.13048504125480714
-0.3642703135829375
0.8292292592977847
0.7259653851885002
-0.7762716512680647
-0.585922613221036
0.8209461935773436
0.8492969975488753
0.7583376030037533
-0.0009197239329174685
0.5569311534382267
-0.6491625352505208
-0.43546260943249404
-0.8392313349045037
-0.847943049126364
-0.444194793789344
-0.6957163798618067
-0.061811247503903655
0.20189276735798467
0.7927763735373703
-0.47858222080622653
0.04747509558079727
-0.28953340675455747
0.12216354650736612
-0.3299742755384165
-0.11654065850694004
-0.8227988136202202
0.5847578441174061
0.7429441269179375
-0.4649496338620913
-0.3304994369679029
-0.012982233038453257
0.6662024020905998
-0.9082541942874301
0.9161594193930137
0.7432060450482328
0.900568770637076
-0.38815201278327954
0.974392676699343
0.41009166530535257
0.5455972130954325
0.2648603372070588
-0.7061683389610451
-0.7595596699639977
-0.6842724345018976
0.20092178963218998
0.4147564411069724
0.1528429724437755
-0.8539063827287818
0.8823825441811278
-0.405081611054272
-0.8366497455167166
0.37645456782436226
-0.3569695019710232
-0.538576505326699
-0.700876192649448
0.7846753206844423
0.6788132896351294
0.7572365084130501
0.3587260240650976
-0.07996774418805107
-0.6116783906484541
0.39224014802104806
0.5753490493389471
0.4700711230169574
-0.3950163998018
-0.10089747588171273
-0.007401122226191777
-0.052350215643608866
-0.9286890923501783
-0.647779565407893
0.73862374813937
-0.5859277282674802
0.8520212046441924
-0.6430432849574144
0.9780799349789686
0.33717711535389466
-0.9260888581300352
0.7865797796999375
0.3440798067504928
-0.7067320265875167
0.6408129896073849
-0.19501922217270007
0.679365153717077
0.6301422115941566
0.3898090618131747
-0.6825862296505621
0.23089305154875991
-0.4116764201805317
0.14395532998744862
-0.08725339432838201
-0.1947741098957518
0.6851615115767379
-0.8224949153192606
-0.03173434317773675
-0.23268261638989562
0.038366042120762334
-0.993439959668867
0.4247802697313541
0.6921863758080724
-0.5142019846744053
0.9966939753555992
0.9043690282295154
-0.7990469051315724
-0.42302379663950984
0.23524389686723673
0.5164526766406451
-0.6467977916894992
0.6235740441991212
-0.6499926646150768
0.550466094824367
0.30779588908774874
-0.03776685428245143
0.9202754033234898
0.41692077330905225
0.14570223292693738
0.11461105567055574
0.7588965362646439
0.6747516344781599
0.8196871456341469
-0.38060558218406715
-0.8145047005030657
-0.4485589929380679
0.6882612510931332
-0.04355674638093232
-0.862148022104164
0.022108582990795655
-0.16858560378923393
0.05232414831755028
0.23566748026957862
0.07228731961009593
0.11039333514278034
-0.5712907174335148
-0.4530891030192985
-0.6996751598095047
0.774080776681224
0.8494199206140484
-0.08657482982597615
-0.4632474686175311
0.6402564794340988
0.07098187716436627
-0.4147798072200842
0.9046213052632718
0.5689980925863024
-0.01927834421247406
-0.9963738825169064
-0.6767636516922958
-0.7583179047704546
-0.6347545495623164
-0.09383224705742958
0.10287969911448815
-0.3539298701632629
-0.34691825805736376
0.6430985404120222
-0.6101609770501155
-0.4893503288266754
0.8683413760317209
0.32784234886408137
0.21237801449331903
-0.10524383327509844
-0.1726438523135341
-0.0651401257990868
0.6800961664607951
-0.4110044462825082
-0.21588658317873016
0.3776773211108799
0.09901635754166271
0.904060146283647
0.015142167914559718
-0.33029158215247634
0.10410023172261423
0.9927865049010333
-0.08045675272525879
-0.49468448766902945
-0.6757094064272422
-0.8185958333627554
-0.8674552213421639
0.5597707059247925
0.8340808556893332
-0.7454189624728235
0.6488035495443065
0.9391884804557127
-0.6578814654183334
-0.6153479697935553
-0.6046600244368403
0.7086309055199447
-0.24735241068493202
0.38679127259661306
-0.05166543257307432
0.8267435156061063
-0.2374319888916153
0.42223678757918054
0.6102305098894263
0.043886705816535324
0.5600159179902074
-0.1909242956407977
0.6955607447259144
0.3809200894723699
-0.01530590501961153
-0.5141031597820327
0.8052586592872862
0.2878620435267457
0.15144907742998326
-0.29855278733405705
0.9296040043318625
0.8307626946732845
-0.6176183791309022
-0.44998808013061625
-0.5532044559238886
-0.10077846819095981
-0.8466197191970017
-0.6347529511705505
0.25044679207057197
0.2967017076474401
0.9788484221354857
0.759501561942307
0.7219010854060856
-0.825500926482649
0.6540388749229845
-0.2169718906900563
-0.35819732503547147
-0.06698859374989882
0.2667269683528895
-0.6855154812253379
-0.2819612361114511
0.07624013425481516
-0.41437454821995834
-0.6126994845502962
-0.2163092872881639
0.6767036615697685
0.2861016763735587
-0.08168893443111122
0.47805583709424976
0.13139714205235017
-0.6303299622171512
-0.8177614129806421
-0.550163470048848
-0.6175135026891374
0.7524363369439235
0.9212282976154902
-0.19692861321576594
-0.47896027837894106
-0.31284624916122944
-0.8729494488596813
-0.34197310730604996
0.6395469471683818
-0.37351579769637455
0.7564463838597766
0.8356930509625983
-0.5869278523800449
-0.671010781734599
-0.1023679855161447
-0.21153174265531086
0.08045893692222711
-0.23380662452956202
0.005453096633428824
-0.20654848837425496
-0.8542879969552803
-0.007662904380473
0.950238066068968
0.5274975680468607
-0.40753304169542365
-0.9817354082302879
-0.6583511567754349
0.9507594735227959
-0.4203591776632285
-0.958695833806362
-0.3132341739023994
-0.45260281386249623
0.5800968711954995
-0.35185600312026444
0.21382597341184473
-0.6936894583561445
-0.4869243581530801
-0.5041060787062951
-0.545330473276814
0.4120932366200318
0.45621622647200605
0.6236601482077176
0.345808017583487
-0.8413674841275698
-0.2931888454754213
-0.05233506630488484
0.06738138168949642
0.864596503452778
0.05267192266256159
-0.4647448625251923
0.2044317905529474
0.05593420710136324
-0.7759935797906469
-0.4421205596977735
-0.9274183324807522
-0.3141714339755042
0.06534831343410707
-0.7512027852666563
0.9428959379958568
-0.2138154869074418
0.3021470631901453
0.07334222815227381
0.32061424398977717
-0.4745993469608626
-0.03577682925737947
-0.2968630615224086
-0.9009630598824254
-0.6773746990256452
0.935949042258628
0.15216039358480343
0.6629235983374574
0.7091982745579826
-0.4791783507023255
0.7615885856298805
0.8988741882040268
0.646490269297648
-0.6911868068358489
-0.5253749727769149
-0.24718833282674582
-0.9120987610233052
0.9668536677466055
0.3166894553437499
-0.9429368981041528
-0.8714057617041698
-0.6771306711623115
0.8271133701501758
0.936473956916803
0.18235155845611617
-0.3183394320682902
-0.7587544106276174
0.9089490888677079
0.9911996966997227
0.7908912924503644
-0.3385706546681753
0.8216974254074625
-0.7856185430875466
0.9965759725306517
-0.16060785179816617
0.8947214287712912
0.8212374858613267
-0.5604699494792673
0.2389076714726723
-0.31882031647804765
-0.10611841847591844
0.24192169082995138
-0.2343758288565292
-0.31056138958553225
0.9231004977419456
0.4532837244452798
-0.9456808133419368
-0.3575282721657678
0.8770329231173204
0.2688563124945591
0.7913219387198018
-0.33031711208107395
-0.020862656148223246
0.5821826175311584
0.011162934154769433
-0.46029311234452197
-0.06953557646330433
-0.5152416442601166
-0.6247665790017641
0.900874366612221
0.6822436835282892
-0.8147669359833413
0.0752679208820173
-0.9683612721753598
-0.5648075157485349
0.9552735499854643
-0.6025747784714595
-0.04517708184801156
0.8184884327021141
0.8799493951104113
-0.6397614145962913
-0.7293152554167724
0.6906663043071001
0.3180285901763434
0.03191189860811927
-0.18525237013653628
0.42710288029224075
0.9219841231668873
-0.3870328980878468
0.4669575275996003
-0.9038918573296311
-0.09637614923421722
-0.6776614777359213
0.6515803939022973
0.36241817565342394
-0.8498600849724867
-0.019811363791321864
0.11034559228162448
0.968539102392112
-0.8043012831795158
-0.9851087287413774
-0.7361350858482714
0.46855745095026674
-0.16883395251349237
0.5679101343400478
-0.34438982510570204
0.12644732327642538
0.6628975461329035
0.8567803186252337
0.08192023474714949
0.706648338859952
0.057459180846874514
-0.500149188469303
0.47643613942483
0.758531843741177
-0.012725842936738507
-0.10930165262059743
-0.8944269210173847
-0.13447611753784594
0.23186442613339975
0.4895739553203293
-0.2540404677313217
-0.8669662368773898
0.6731518282627205
0.5114865163413399
0.19966861358922314
-0.9029597968078638
-0.630490121282917
0.6693313984900252
0.641616213882831
-0.48157291018662074
-0.3463710283639658
-0.8075313022975276
0.06266811804632241
-0.157940644733003
0.8803762700710218
-0.8495903448142106
0.8968934077112742
0.046087976649949125
0.7055302525579259
-0.38679091134360566
-0.41145349489523464
-0.9541621635108966
-0.49266828606454194
-0.3945791804451664
0.9599852500891792
-0.8545350428580183
-0.036347266209199924
0.19314467334789276
0.0034707930904482875
0.15021363909927232
-0.9767779649194483
0.8575040175432358
0.9642970096150084
-0.9477079468942161
-0.5870876659644656
-0.012917861227613405
0.09416768006324523
0.8805737263727265
-0.2585427667496336
-0.036466994993031805
-0.34581493417001874
-0.4126046766820452
-0.9548947550708362
0.802444330045516
-0.01864267377435591
-0.9959773240339507
-0.03336065832671076
0.05752809398802161
-0.664044620252437
-0.7369733015557878
0.8042714511735249
-0.12462456285514856
0.8420266562619763
0.30398740286817616
-0.7876089232542387
0.6861708899907828
-0.9172897707817835
-0.9340604627512794
-0.02039073556047777
-0.20228694826190563
0.9094014483327835
0.16501332156884796
0.5658580121864875
0.7898431162751194
0.9188846714727934
-0.5569321268826846
-0.8043344517895812
0.7628381104298227
0.6665885198865451
0.8307003655573493
-0.8924343553061584
-0.48634425781688195
0.10042841340870057
0.2119566842996401
-0.7501480180142612
-0.10918007169891486
0.8227902038011501
-0.7010517007048307
-0.2891936795924155
-0.09766713263529292
-2.150945024143638e-06
0.7335403813313284
-0.7998914443683605
0.3314398430639438
0.26375460387329097
0.16901932114368945
-0.48230370672812195
0.7912056726510608
-0.7856589580798796
0.9829843950549066
-0.4628886311338274
-0.5754280974360859
0.2933908777675731
-0.24105031602381222
-0.8444565236870305
0.45025237709988053
0.08549779715522621
-0.8913716035532542
0.33419564976170557
-0.7634198295277606
-0.7722969048882795
0.30932364926407674
-0.26511776001922116
0.13284891854323644
-0.6105777751077048
-0.7842739933851299
-0.6450146061790707
0.36602598621746285
0.6539493258815956
-0.29263352725953107
0.19925234505768907
-0.4680813174759568
-0.4189814478229592
-0.11391814518797738
-0.02748303299614041
-0.5965603807654816
-0.14808339581215546
0.7229265433983143
0.2420428903507279
-0.12274348769240073
-0.6929149816039155
0.6677043020901348
-0.23187830188565695
-0.7736534427456858
-0.4161481918975851
-0.07627910724795672
0.5905727277452364
0.5142730214835205
-0.5682313774812497
0.22314879692538248
-0.15397646323322056
-0.7851116487630467
0.43753025095184905
-0.3317236535121084
-0.13631308030753986
0.7224939072254544
-0.5632058316778046
-0.886616347285192
0.6399217462783144
-0.649870112173812
-0.5873853531369684
-0.8757365469717813
-0.9135413901871472
0.06889963055770854
-0.5641069196100632
-0.1502828921585453
0.40531569654955457
-0.9663566322970001
-0.5995139408243397
0.6120569869171618
-0.08944330207644155
0.3574055256444495
0.7261828501070886
0.25970456891804405
0.9645239043892522
-0.5352428863378986
0.5328560673762428
-0.18184032733202726
-0.3041632826930762
-0.47372957810426186
-0.9857360543713217
0.7887573782271393
0.03068764244429012
-0.004961902059436252
0.5048621631385666
-0.7869502963913204
0.4369404636483982
-0.4977896618070452
0.7003979598715437
0.1732751547784901
0.026490134054495185
-0.8498792336443513
-0.2634711680138799
-0.58566064953037
-0.9964964354138347
-0.23084208601289166
-0.9222414272181186
0.5300404182448637
0.9205510737213796
0.9931539426602998
-0.1905769003131868
0.03765933128966788
-0.20301652826268282
-0.1604471389691714
-0.45064469592720163
-0.6272623358463404
-0.5532086219361031
-0.8382541319177976
0.38352275950528575
0.382356023814073
-0.6757626775528935
-0.6973828238138056
-0.12295903308589717
-0.15027020390057122
0.32082694421423774
0.455827009800438
0.9832140656715094
0.20759771477613742
-0.3073649593575609
0.855023173260614
0.6181756607111651
0.7335713598960776
-0.18829991972971802
0.2652214919659163
0.48011974622260645
0.7279366373292648
0.07240155477143478
0.5118239031392524
0.9335046577904988
-0.9233786551910552
0.7497974576512558
0.6494093845643729
0.257474461368941
0.9418766656123683
0.8685508205087367
0.659256341038877
-0.8534879585791988
-0.1370034362742783
0.14100909529590397
-0.5338960030131747
0.14444407295139516
-0.8553633226001003
-0.09214584502974454
-0.4400113881613321
-0.7581524310415473
0.686155405313766
0.34017006170158415
-0.655921753887502
-0.4969864453112807
-0.3390535234911026
-0.9766689082371496
-0.522396733958419
0.42108499407549993
0.3121227328532503
-0.2475203334377284
-0.7080331152801894
-0.919441457810601
-0.7318001887346152
0.7925101498082137
-0.9083473324264739
-0.7192439577923304
-0.5698826072061484
0.1460319387840957
0.8356477657773957
0.2464971799207168
0.4152488757968026
-0.05543921136346685
0.2110141590305552
-0.18673056353640294
0.47624564877717046
0.2880007616730551
0.6933611542185516
-0.08195561573166898
0.45245246878504997
-0.4720000687755672
0.9583248759092201
0.3302073625573873
-0.8591209420213473
-0.983778648068467
-0.3259588388604939
-0.028443434671061002
0.9066364696284498
-0.4882255511030815
-0.4784044535563719
0.5230437155306321
0.16973507903024948
0.17827972907656348
0.5342983345334962
-0.1248524690900895
-0.6866993708347563
0.7153823789645205
-0.4499274769823421
0.01732051203274734
0.6146292910724453
-0.25067936623878395
-0.9764122188292488
-0.005519056425248303
-0.48441934746491255
-0.10372763932653051
0.5981224487870318
0.9054550973227438
0.6775481096792355
0.9698232206598962
0.4095467041799779
0.01108912356781337
0.3941670283242839
-0.41660015858572924
-0.27364084287908774
-0.27058803298497675
-0.5278563874447794
0.22910509520584435
0.9906638478057145
0.1454502246695362
-0.5012517053667652
-0.28346712289542286
0.7863282978234404
-0.6670815950000902
-0.7826637916657175
-0.10036385880289257
0.13205882834013585
-0.9062813243004275
-0.788694662155993
-0.3251150000573989
0.22869449850534176
0.43982217566408055
-0.25032039807481965
0.33672186253795555
0.7388471098217235
0.38005552573962187
-0.10216565265843891
0.723880226479747
0.4138928758408666
0.7910298470045457
0.889494155785443
0.8292192862443186
-0.4823937089770078
-0.05708453919787554
-0.03299338277568555
0.9329402135188726
-0.3969303497528507
-0.3180178701861646
0.07280767861944079
0.5680222581823602
0.36165589147663113
0.8625498440282794
0.2398060182000688
0.9111628343925668
0.07564786970341138
-0.5842268101206973
-0.990089712194531
-0.775108099554165
0.823633735024957
-0.4698255500481301
0.021867518903071703
0.23527105086060573
0.9407138745298942
-0.6295674351866778
0.6644478956644994
-0.8675217171854848
0.26666126198599044
-0.879576168987724
0.868956004903968
-0.31530552596560746
0.083656695377635
0.9988912866830275
-0.07288295468527752
0.8935295344596277
-0.16223779741694622
-0.46948583515841935
0.04508630153007712
-0.8443610035770047
0.43569758806600856
-0.5098705029159762
0.48794456880767806
-0.020378653694207216
0.8292407905406538
0.4350301540897958
0.701073123140868
0.33423433702382166
-0.8752175821378965
0.7686854687177229
-0.10150226376574878
-0.7424012056557434
-0.7796327716031197
-0.7616088782811716
-0.9703067360868731
0.4381054830368161
0.9249145694710825
-0.7701140262604165
-0.9002694859764023
-0.7636120488267238
-0.21779322615781202
0.1709017881821026
-0.5756619059864685
0.699373673494065
-0.038657482247641255
-0.19240835779091578
-0.27037875886454915
0.40675233384829035
0.30939386983860134
0.249341879511578
0.5764461741188862
0.38269793938510593
0.8062606000307728
-0.9669847972039634
0.8864271118955094
-0.5706217090403489
-0.8452721581821534
-0.6684915148570394
0.660343886641503
0.2193172192193762
0.2980372513940839
-0.2438037328023157
-0.6837033041527872
-0.5161478562915384
-0.6053450679271491
-0.09690803288622431
0.9885600761024133
-0.15059272127472517
-0.24895110811501164
-0.29398388566237516
0.8000162910292726
0.2960160167540361
0.9434333919388433
-0.48608916417364306
-0.9986415902717897
0.4845070929906198
-0.1051416311488516
-0.22562702206767446
-0.3813752713352765
0.8333050558277892
-0.48127726944414967
0.31484235069686944
-0.10646616188805878
0.8772410241178079
-0.9541766926038486
0.7403220394572918
-0.3130777397202895
0.6253250441152061
0.5732455705142316
-0.04743197191489057
0.9433886685751762
0.17062561688275815
0.21247584616830695
0.8616560365403596
0.2241081422065183
-0.07851662370766757
0.46423390218274324
0.42648746297319373
-0.9453572242117906
-0.7014381300780786
0.3381938423526749
-0.8003136899370339
-0.6799316278574628
-0.9732925487615002
-0.9868205586283256
-0.9129212054592011
0.07743849448774762
-0.9018744387073393
0.30948985511908506
-0.5202778725939738
-0.18274041183727702
-0.6760862776148815
0.6782283400283158
-0.26327207101400485
-0.15993831967864192
0.6056846474876805
-0.5541707779395972
-0.2124910165264129
0.06622274325445386
-0.5146385408851931
-0.5921808284543586
0.2773774209826301
-0.800282879470275
0.24132046952699263
-0.08901550312215724
0.9201843193688553
-0.09714533548995406
0.7623267867419358
0.29499981559795224
-0.8631888990648892
0.1629238610276439
-0.1563176701083538
-0.8719003417534115
0.8674843492412494
0.8821124374196107
0.15406484866105732
-0.9430928090422898
0.48544627436346766
-0.38887335476114193
-0.4692728661980543
0.7719434544058297
-0.43740038007991866
-0.5397546731736838
-0.10972614114012025
-0.22437972173442322
-0.5044057799424739
0.41350474468658976
-0.6816366846446698
0.5728132946834408
-0.15500720805926918
-0.9059529795538266
0.900969733978485
-0.9041296499061207
0.8074941100448055
-0.004454816882696877
0.9159236548560187
-0.30711697666243
-0.5270447504648885
0.5461899919242142
-0.44894379694491465
0.7272338549493802
-0.44561171228071844
-0.739545207235475
0.6315652177714931
0.5872365010939313
-0.48734414840200535
0.3569020186928617
0.4645326080676533
-0.7672675481944247
-0.11661369783760533
-0.27695757075643446
-0.9460115340581181
0.8291445180588992
0.21498495341608503
-0.6035209362982652
-0.8633071186532948
0.44583598744572134
0.13677194558641254
-0.8970488533967244
0.8409343972430027
-0.011177753373330107
0.3686532446205766
0.015521699030044429
-0.30863834959104297
0.5386046998813167
-0.887079872561055
0.4630749954298052
-0.5857521846952586
-0.002587135271174433
0.06646653136683643
-0.5785529209847865
0.755346496955802
-0.7392508845380973
-0.4245554082811368
-0.8532173428656166
0.12351659441647282
0.0824246468259291
-0.19626459771412486
0.22830185133432024
0.17113572781888275
-0.17102217964542255
-0.5147412044690288
-0.63876199130815
0.1284719296241966
-0.4692989264900902
-0.49659800267384674
-0.10102141140062532
-0.07953250906025461
-0.45430548905432355
-0.6569077746556512
-0.38991653407022864
-0.759732630457776
-0.7295394393636867
-0.5080047186600193
0.29349677583683503
0.07427147441571415
0.08940152152317388
-0.8411417351888852
-0.2673548526696568
-0.3489633622375294
0.9491501030103209
-0.4800156892616152
0.9708800536259397
-0.5845151296479014
0.8423041296225657
-0.007166205018596772
-0.8130010360450022
0.002359711946633203
0.019236741936007773
-0.7500644368295595
-0.8892040507195953
0.7108533822235626
-0.5712368824814723
-0.6071060456413472
0.03132181546018745
-0.28549322539741717
0.2669130429200631
0.5864997046976863
0.4968587447509809
-0.05326880202838316
0.7096772400657907
-0.8679409662401735
-0.6480056147027908
0.23598878077669516
0.4957864798564359
0.5039047548823127
0.0019025452405952343
0.15099533350269362
0.0927298705098088
-0.9364016376856548
-0.31912899676456125
-0.8209827678265773
0.6887327272985779
-0.797610501526052
-0.7654595990564794
0.0910707096054606
0.03464399188454248
-0.8293800974323793
0.5747931143148306
-0.27527621325995955
0.5271588241866332
-0.29014419522311347
-0.4979198899997421
0.6945992417829772
-0.20222650848729587
-0.7457698810318353
0.3761326011773165
-0.096427985613065
-0.5960430731267072
0.9802364263343187
0.840061004973062
-0.9942371495533627
0.9187776462293528
0.3917468302980467
0.7727804177434435
0.9816117671866551
0.2864367696079929
-0.3099593638402127
0.0023735336698785824
-0.6027584434344675
-0.6604679222017973
0.5212595180967048
0.23544757361000723
0.9726209860157418
-0.8317182135427845
-0.7547922442321598
-0.677440964671953
0.7703715544999009
0.7614440456829344
-0.24601789731168916
-0.40863338582150793
0.732238973779232
-0.845537701324203
0.36927276286136024
0.405824827028972
0.4142964535850582
0.5080811509457979
0.9248198501184712
-0.7897682372593825
0.5970877409644227
-0.3050378342548122
0.04456017184921464
-0.5106029158867487
0.8972025328919069
0.9054304787320264
-0.9390549710067361
0.3648984742802701
-0.23451836548700639
-0.6618268043931796
-0.42117412300773527
0.013784240036428974
0.13473042846323824
0.3110556992125717
0.9577632202112095
-0.021642602139647867
-0.6144949379766176
0.10745295219240679
0.5353908319634172
0.9332792675741193
-0.2290975580301919
0.3073800348106851
-0.8457854201378515
-0.3885000124449237
0.6641818691991606
0.7641961229101777
-0.6661839387404032
-0.503808632202554
-0.6611843334361016
-0.7940530316517833
-0.14918557752462053
-0.03455708660462182
-0.31469118396272044
0.3977049746702621
-0.4013729665279978
0.04004515529674801
0.23439877679460266
0.531284975070833
-0.8488537706763699
0.2679908619013007
-0.6112009443366913
0.9572348305589826
-0.49805009804100797
0.19872900448302905
-0.7394819417945502
-0.6756398606683527
0.3775767801818755
0.7676398350989817
0.7563167534452165
-0.27208272642304665
0.48081411534627577
0.9124971898766931
-0.8127542992699953
0.07173853662619559
-0.32523285683219666
0.2794749707180321
0.15349890883474346
0.6105244508113226
-0.22879030469810843
-0.5537962481142148
-0.9975590286943358
0.16576482470810686
0.18471221129449727
0.8266692574320926
-0.528777160537139
-0.4090034114530474
0.21871738439977695
0.632237785050104
-0.05390452961573078
-0.5993027558164652
-0.8869698709111967
0.23195468905382657
0.4086134552324346
-0.9784174287773658
0.642450239301381
-0.5498941397955371
0.4961086201020501
0.12766934245096645
0.7159464225852132
-0.23086276632629185
0.06487378659263936
-0.7199356684159276
-0.977068297609679
0.46721435648714366
0.10450177609597103
-0.881929392308306
-0.9330060550316585
-0.8585600741290392
0.795032988034284
0.4649065668887897
-0.8693156170000279
-0.4643903327623679
-0.4738720667278471
0.8225826129183651
0.17910123097684694
-0.8211435505446296
0.9975239061332548
0.9366010766563195
0.22397389463318196
0.2778663880703951
-0.0039097060968535935
0.9257152759826454
0.5978349591252929
0.28781087093777435
0.7165299678150044
-0.8003213593745659
-0.8509044764082072
-0.3221969029587248
-0.39240028067792254
0.3661834830886508
-0.08879293930663065
0.13122323753459675
-0.9273138671799611
0.7493636252014368
-0.1759320482041734
0.9843268524341162
0.0905315492457867
0.8127730523505683
0.6772345434709575
-0.07748117343335448
-0.06592886425360134
-0.5750385455569385
-0.4143800222502654
0.1391310041898528
-0.08249328649904175
-0.29463535404065366
-0.10056838786591604
0.3166448197492149
0.8562997299116171
0.4227614365094476
-0.17099327605470357
0.9981024372188855
0.1922269135211718
-0.5353527176245992
-0.671748037156808
-0.6462461048194347
0.1217261923718216
-0.9699426394256524
-0.9138469722333519
0.052931670283670615
-0.33271412454274785
0.487884335442942
-0.476855171674172
0.3309484004586729
-0.46705341252099797
0.9486306701696876
-0.6565346004025641
-0.6475697035091739
-0.539567666638155
-0.5254539705493146
0.30786371068951657
0.4441488657661994
0.5352737604895061
0.2747019797659549
0.04751576498744803
-0.5689738609249262
0.731014120108175
0.16905901844622573
-0.85860300690157
0.26651839801813976
0.09928219718714588
0.45287765877988856
0.7765591005634878
0.6692477196674056
0.853510724664604
-0.06625459412996532
0.7136674234573078
0.9979738671641997
-0.9021916921160019
-0.08071057300862014
0.6969675003553671
0.9075364261441334
-0.2868106744772263
-0.9042410637059299
-0.23205414765522892
0.9774571250440611
0.3518771826093319
-0.6306098569871497
0.19538867465957366
0.3245156010913639
-0.10966508087448568
0.6350992204474137
0.5050442255175505
-0.19976854214224748
-0.41395312366812087
-0.2727743305652648
-0.41568379866688887
0.6328701056113722
-0.0032290552954382834
0.8687102879688614
0.4121042329533011
0.2984658808866709
0.3055934829843471
-0.45057185767711855
-0.7001845826223223
0.9613714965805432
-0.5118074994969817
-0.04917638990008408
-0.704012937537624
-0.5796206994387996
-0.12508662047270405
0.03606446460129842
0.2934350410617075
0.779795546398218
0.42188383072817603
0.7453808148612293
0.8044878946927996
0.42778524977837074
0.31728852266649676
0.1774876027087129
-0.997734135878884
0.35242392303699477
0.26058007626823754
-0.4216538076911862
-0.4207434592990862
0.13312532722886927
-0.994224611441061
0.8861945852375496
0.2825984467321833
-0.3741238516735055
0.3447594101307818
0.8129647851911757
-0.11530146915966544
0.1615284601465483
-0.4270246406350835
0.8272877999764525
0.5873333217418817
0.26318659752573637
-0.8105033447382024
0.4757986198547832
0.3891349248821383
0.6235797867426662
-0.17513644214030943
-0.1343926637438333
-0.10184612620605016
-2.4674162428374074e-06
-0.8547719670630418
0.5059052670520088
0.3920588427568956
0.3721384718306877
-0.7588121379717436
-0.06262537691154746
-0.10952706351414743
0.9048997854279295
-0.8088534603459414
-0.11856933601085595
0.026184134773848955
-0.13313941123887618
0.19156198123034196
0.030646050011167825
-0.7153095358532744
-0.9691194558815883
-0.16828077521489226
-0.8165560662327365
-0.09342548932716488
-0.2744817031679987
0.8757973918599957
0.11245509851557811
-0.9059993287091126
0.06508156581985158
0.21136536299084474
-0.23895245028018586
0.7070411713153626
0.5860992195370884
-0.22493034413775637
0.54610616902916
-0.7072903893215943
-0.4184468825810157
-0.6456477653032147
-0.6009131095704341
0.6918312020521455
-0.5053409673418692
0.8239245581119521
0.5746820212738906
0.9132133259816311
-0.767913209346424
-0.38421578187175776
0.5654772695666794
0.5836871766267442
-0.509977356243305
-0.0034286997147290332
0.33161332134123445
-0.611226592427226
0.523833035104811
-0.4259473090361423
0.1978066740483022
-0.8797933184213849
0.18991164794354431
0.8904776897640432
0.7427539477571974
0.8702276825857584
0.9222637320404417
-0.6743356345374318
0.5357180137141466
-0.5799589192018366
0.5127196016661091
0.8708392483351253
0.549013475661448
-0.3774845020498221
-0.3067564524245803
-0.8056105638832385
0.29828775772056004
0.10163878852357011
0.1302624996345889
-0.05937832962296754
-0.07244841499015141
-0.643903867493061
0.4072449280706983
0.11555010357144839
0.1504123067557528
-0.9889699999418109
-0.41989005593384143
0.4724588138324721
-0.6908193129262158
-0.26411272034398103
0.891552289298643
0.3387757822148383
0.46870784700707535
-0.9046865474095596
0.07606614158355218
-0.16613946848896566
0.30448274767462635
-0.8864738879456242
0.9151027480611771
-0.8185689744224474
-0.702231144117172
-0.6076980882756298
0.28114485521549715
-0.6576583199139506
0.9840031632695302
-0.34060356040943596
0.1377133445318734
-0.034366019958654154
-0.9612604026800886
0.08930487484131946
-0.7040425283916031
0.37061268125324004
-0.49057965251309515
0.18526366403418565
-0.30574031867716067
0.8216472013383613
-0.1991435122761607
0.20764985997925559
-0.1624099565439161
-0.0670627124000543
0.6991587276925302
-0.16568418326435763
-0.7390985257352998
-0.14057052352368915
0.1843406854073888
0.6106198788407011
0.07408250289171936
-0.6942721638479414
-0.9700161619991323
0.992513338039972
-0.7983216321711305
-0.5397800960477638
0.9042892883927769
0.6731477870485506
0.5075829903274529
0.788979553161878
-0.46765761517186727
-0.769293887338403
0.45262506483642295
-0.7685269244377272
-0.8454963817177333
0.9467472267501277
0.6270005791240252
-0.38801485771651256
0.026251271930860343
-0.30584235544987654
-0.5826884919685983
-0.9358419537374951
-0.03429473291307922
-0.45962032493057103
-0.5479052371216984
0.7609395973108843
-0.3081492245040085
-0.8554594834123066
0.31465837379393324
0.04392832576365846
-0.7303521299594768
-0.17113072032854146
0.8010259324095085
0.5256019370702465
0.05069674405476547
0.4319353364953463
0.6142147411848726
0.7540272968351562
0.645501512863293
-0.8506252691239469
0.3978595732140863
0.07171614795130073
0.817959931705975
-0.9178679207215644
0.8609426955801253
0.8941455042805524
0.013645001810585958
0.06075221258969047
0.5503252271712081
-0.7049621960807483
-0.3799198437598253
0.4408614430890001
0.7950229587447097
0.1750749581787432
-0.9352516415322232
0.7048996864312891
-0.943205436686364
0.15642665707138526
-0.39062811624448224
0.5750762942547647
0.08942925066572763
-0.7670525279600854
0.5471120601096536
-0.2618848849787727
0.2754671474090353
0.9640805858491553
-0.48376995523062805
0.9762988852723692
0.5103643436041012
0.6824018977549428
0.2606551069176061
0.437992044634978
-0.9382894289203102
0.23394424927261992
-0.49620963483729835
0.6002065576257878
-0.47771815125317535
-0.8560923468265641
-0.9659374060511695
0.6576119305514113
-0.6009168676132053
0.8453289446804193
-0.6566616411493071
-0.754936021676416
0.6314739996091912
0.060148996953317324
-0.7996260551393163
0.7931655211152183
-0.6607728820910825
0.030913200452309143
0.5151790746672845
-0.7347149997284458
0.35191969767714965
-0.23163230676065757
-0.8531391950423713
-0.4315532426379536
-0.7900365456279743
0.6979913495754277
0.07842702780499156
0.5757138788507309
-0.8618711846315431
0.5847579182137437
0.10820646836430148
-0.8756401579278591
-0.08923240488273167
-0.6406043213812166
-0.3921722075438601
0.7074285053786897
0.4292388740691271
0.8047945773820002
0.4473640938816945
0.296993470264312
0.12236575703876174
0.31540413036083836
-0.8644779280838619
0.5456522726026517
-0.5298699195161315
0.6401157566421337
0.2681157016690511
0.4649884572853132
-0.5660461984342706
-0.7449629555871397
0.6671262992703839
0.13908668303248828
0.5943924660366018
0.980933015660604
-0.2852897951382891
-0.5054462249340784
0.7798067478306827
0.3304065199957393
-0.6154916452259748
0.15719863853836372
0.4507110951471616
0.3144828345000737
-0.9341205593383155
0.8752352580863287
0.5188889597359703
-0.6120781252743721
-0.5948285727073706
0.710262732107483
-0.1138214162700546
-0.011583576693522708
-0.5327625299832114
-0.6638586360321875
-0.10335940587760227
0.1747550418613473
-0.6392693934385433
-0.7293796447651779
-0.9477624266304147
-0.9606102185771014
-0.8648068855467348
0.9823555237391964
0.7449732158144116
-0.6187685269673556
-0.7561170081165347
0.12836573865770326
-0.8268296652102513
0.5065386974606763
0.6192717404203691
0.04167607186227815
-0.22208718060224364
-0.281045085435743
-0.37511269070853337
0.8725546913472892
-0.8058146200365739
-0.7353753608636431
0.628295752729535
0.9478103705118639
0.4483796429785132
0.747469783000205
-0.9614136736928457
0.02699426977807896
-0.47217024881983755
-0.4345481950423042
0.6871531589594027
0.27356409401582665
-0.3854399960424402
0.24234661388685566
0.7785275563690462
-0.048802067303278365
0.1332392092301046
0.12740772553046725
0.2905128556489406
0.793149478960329
0.4697963709816213
0.5948514075392402
-0.2819161682250841
-0.8422227022011818
0.036828114621269045
0.17461156188814222
-0.754334808447237
0.2306816547299697
-0.16833297540703906
-0.44221145519756777
-0.4265621584029269
-0.014853209393540956
-0.8518205588597192
-0.3251082415214416
-0.8021991628693638
-0.3135979446673005
0.9039552107651118
0.4505443708266123
-0.04615333891590083
0.2610312680022152
0.29867152915629086
-0.4253714313180911
0.5361486058043865
0.834234412534627
0.8484859799115895
-0.4617272572957214
-0.18413926740973482
0.8299329722937201
0.5456013153929786
0.8702488222991427
-0.7462346457151505
-0.41336292018355725
-0.8337916824382446
0.9356887543219329
-0.7828851580815739
0.7951027881915709
-0.12371381941912696
0.16530013574285007
-0.32816598375213846
-0.8628526708342941
-0.6297735883999693
0.354689370544398
-0.12052604438907513
-0.4743894222203758
0.9368775645722529
0.19207260228231274
0.6178175607779044
-0.5594284942294159
-0.32407619211189087
-0.6239448760699807
-0.17925327940135977
-0.8189998940967456
-0.848310341940841
0.7235166526869143
0.29572909365682565
-0.43850865609345635
0.5559038119421322
-0.501396052230895
-0.7562122658007481
0.6948853045199805
0.8292602614857773
-0.038623738554068816
-0.5395587915260212
-0.7451302656663668
-0.5015427976534159
0.6715513082073659
0.15601529944252834
0.11190572523475861
-0.9813539829603044
-0.4066321688060552
-0.6736794668647099
-0.32821103234860843
0.8608886908657764
0.5725768617309628
0.07085450099090515
0.214433700541379
0.705058089586463
0.628490439199744
0.3200079375318076
0.598300500908304
0.7572924744196894
0.5513010289156157
-0.8567702022115804
-0.43224870354418377
-0.3573991199028358
0.1944180851058806
-0.6778833245370048
0.5759294058984756
0.7241820006797732
0.9944529206070248
-0.23897638879538263
0.130146447746313
-0.9438104722666509
0.42945824112296394
0.4890940659883072
-0.5653188480628144
0.9876884392295988
-0.9958355011497234
0.1127731755033342
-0.03354894907097113
0.8641883125328291
0.8280910662037353
-0.17227317697140976
-0.6446812230929566
0.8864914065809588
0.07811625115752818
-0.4455041489513569
0.5722372065027814
-0.48186066873903105
0.11445433564096158
0.30358671659391395
-0.8335518573991458
-0.9003161102012627
0.0978953548492263
0.5880023551692942
-0.9549543457497313
0.26081929178852525
-0.82191259541381
-0.7864806086949376
0.24177744808595514
-0.3134774348306162
0.6056374328939267
-0.2740790297664286
-0.3074483266953256
0.6839870520421043
0.9909089558704542
0.36314788508803825
0.94848549124281
-0.45580704460795024
-0.7598923947728401
0.16898058303331245
0.2835673955669897
0.87637575903447
-0.2979671673321532
0.31177386401700935
0.5081387765795365
0.9539967436824734
-0.6034662837201149
-0.018538790245257175
-0.019220730834320656
-0.03522712419473339
-0.5902583242364938
-0.8181581558788104
0.2442127724981941
0.49094988821869295
0.8099451214039078
-0.23483723917310842
-0.38422003960465956
0.9385637890046126
-0.9506816843267223
0.4727243932370364
0.5096022249728795
-0.13549052464916558
0.5589210678477674
0.9106114516038304
0.5861673315712241
0.15270922836967635
-0.942636276735105
-0.6067650487266837
0.08071842818193353
-0.5458306712126391
-0.07009342855224261
0.4315843568103111
-0.6081702108312621
-0.9421991000356091
-0.21207567322800638
0.9005303535853795
-0.5816097780615814
0.4333363740947698
0.2716489102282828
-0.2176585211354254
0.7425679746594938
-0.17630988260941213
-0.15431323537697464
-0.7367792059316748
0.20336759872097843
-0.6588018167674452
0.2275000674056875
-0.5714839676438608
0.7590767892093038
-0.03636681119202319
-0.3216682985369778
-0.5587091294185896
0.5405814123978331
0.22407680441557717
-0.8508679364531851
-0.06683696089972538
-0.4620789082609715
-0.46529824141598136
0.8058025813742783
-0.8405928953122659
-0.3181814353954906
-0.7013268295416933
-0.17960029629917676
-0.961896540456508
-0.04001237915301551
-0.7870596958323015
-0.7786569508206534
-0.9886520791178013
0.5947743676639325
0.25238394708987194
0.14671692773186695
0.8191563931612803
-0.5984446602771321
0.39853571959344936
-0.7998144839075161
0.9735291794647556
0.7088019445660365
0.3801716506947665
-0.5261025388791326
0.12438607411627103
-0.0714085304071111
0.0699782482491045
-0.6818081104580064
-0.8192724401537607
-0.14173861547682698
0.1019644172069555
0.19678930135123307
0.8655908330838074
-0.3406594000539224
-0.9927011825253249
-0.27050306989052886
-0.1921088057471966
0.5051295236579942
0.5624767507100434
0.16739287208814024
-0.3622029674632888
-0.44036463350265787
-0.4267563988300949
0.014340585016983716
-0.9924084406898108
-0.7012569320292856
0.10990798224815967
-0.8183179972791894
-0.8279350830525443
-0.8765293980066029
-0.01634025632123266
0.07093537909905945
0.12953862386374526
-0.6477015098006788
0.7407749732063351
0.4875363112187684
0.9530469635504586
0.846413612455522
0.6076360407697243
-0.6418961771056744
-0.34946654067321714
0.24539954866027244
-0.016768808452775175
0.19713553589279226
-0.42955017671440543
-0.8373806259898483
-0.3526547865923236
0.5778107571673835
0.4588826999439403
0.3404253087711486
-0.4166248984967815
0.7536144173154807
-0.013199201270063929
-0.9165014605262078
-0.36756103818454244
-0.2838516165014182
-0.40920425825409845
-0.5330356329382848
-0.36056830883168434
-0.5991556536159196
0.45716565448718655
0.7396983622117798
-0.29891689088677104
-0.48869236371410696
0.8862259210827571
0.8526447111441637
-0.542795114090424
0.5619386237656383
-0.028831341627102863
0.808089881344423
0.5128617706147177
0.47947579654502903
0.09398240851858933
0.5645616963041141
0.8662811934657445
0.35083188522237563
-0.499796513075908
0.23889800306338246
-0.7543386210358068
0.5762765934098921
0.16388125637351228
0.43283952760049815
0.4907888878488833
-0.25823476009650825
-0.5075085589575277
-0.6342184613210258
-0.8608524232626963
0.7264519452830721
-0.6536384959741071
0.740909981328807
-0.29622894208956047
0.8661923902206211
-0.09745052513221697
-0.0992831500187945
-0.8806568872840801
0.49865163126091255
-0.8875472154772596
0.48595456248570673
0.8382711300117577
-0.7912660904262419
0.10281362774585369
0.41764104412553416
-0.3742818559747923
0.3424395552657869
-0.7170738704654126
0.9026781654805358
0.5141026669766567
-0.5942525026499224
0.11375008761920856
0.2193067533769082
-0.8811486781435238
0.7815643311681415
-0.3035143178946851
-0.9008442776159014
0.280935618462886
-0.22192224525754614
-0.7848335713912329
-0.8562741393402802
-0.2920616842776836
-0.7461197733555609
0.6770664171248394
0.6643481157502138
0.9012808752343567
0.023470200597073547
-0.08427087860942663
-0.10819223380796353
-0.5806737627284236
-0.3799583036965089
0.6707288314086
0.4522778727591539
0.4396921068014939
-0.38769436296921966
0.9634760096412752
0.19093885175291767
0.14511190729849735
0.1799555872969811
0.049794988986362254
0.242170050963463
-0.7684283801700746
-0.7863999903749836
-0.487115449787473
-0.6452295601314573
-0.39617509945315277
-0.10994950105766566
-0.6934952450668799
0.7429657175152119
0.6629135272425274
0.8319530081056176
0.5122235450867396
0.957349483431398
0.6544210537905232
-0.1963850572991229
0.9937985525097637
-0.11826041723070926
0.8235474791670764
0.4555233567613158
0.7011647988849072
-0.6605740275999844
0.05297723204284466
0.9708940416255392
0.2992495233539991
-0.4502608235990708
0.8360601918006336
0.2651886107367758
-0.07676279695367749
0.6290677294535016
0.29700504786659265
-0.6669603049974557
0.2641364221674045
-0.5733374118690133
0.5314374727807614
0.7016083946551632
-0.17914095620239756
0.8592148324876775
-0.86832199885052
0.55228306307723
-0.300638224574315
0.7864102576113724
-0.9114682482991822
0.23740181184045012
-0.24305090007320398
-0.4850329113403125
-0.9204281578749783
-0.6830798327762662
0.4399144574487779
0.059270315739784585
0.6934112178049268
0.92583854842193
0.14845657485483676
-0.6796692481529265
0.9425715505127481
0.8438546260123945
-0.929375488519012
0.852801330079433
0.6318173968360965
0.3231773970093159
0.337242962946956
-0.5001441978175525
0.6183457320092729
-0.28431120601628734
-0.4607457449258936
0.36300255588993435
-0.09439495761389692
-0.07255790792934941
0.8307726030234319
0.9102684381868104
0.3310472542980139
-0.28487853082724135
-0.033750572494546334
0.722091352540794
-0.9656508464419438
-0.9976740265681266
-0.8575019822272348
-0.9066882474089734
0.6089147578048626
-0.551011170408499
-0.5835735521269376
-0.6630275208904941
-0.4499569485876198
0.2824954269366653
0.5598945747049433
0.5643075857862028
0.1298712153737851
-0.7073764764745081
-0.5274451376070566
-0.9591238210148145
0.3013557766583139
-0.7569662867773259
0.5337814927681506
0.8380618462904477
-0.4392697101607139
-0.692614227312918
-0.7586213362549471
-0.7343602544107191
0.16543849504972957
-0.2012322386339585
-0.8782739609330223
-0.6395246433372719
-0.4491847779679453
0.18153240479384616
0.7315059583771041
0.8983853343406712
-0.8115157749582047
0.6104458685844207
-0.09322070474207485
-0.07008982785798801
-0.40268217573553944
0.3282995608467265
-0.9858788955057098
-0.028558964877457793
-0.5253071710085662
-0.2682057404370146
0.08732603359781854
0.7537765030943235
0.07870176897004488
-0.11841618280281763
-0.24707850886147487
0.9191498078377762
-0.494296022016842
0.3902273606426039
-0.07312643690918372
-0.660606939993311
-0.7932060285471008
-0.1986526833075656
-0.45183766922879154
0.7984285946864835
-0.12693331374256256
0.5793928677056888
0.275266354113207
-0.1707818149655338
0.8572108390236961
0.5941652554255503
0.9484893577499356
0.5218743682908416
0.6018920459065622
0.4354047251634947
-0.5373404515713907
-0.48135529663261756
-0.8329655849843731
4.479525115013403e-06
0.45717151144870805
-0.22638709854973227
-0.8624223625182543
-0.9919825912213087
-0.7164132018097509
-0.20557686684184073
-0.7293945651750238
-0.26688382222470164
0.40111710249344834
-0.8970386899528899
-0.2793736853288795
-0.6892510136242609
-0.7075568127753069
0.43488554060589535
-0.16247804824729406
-0.28677117161405974
-0.11181770666537427
0.6114385551809294
-0.21728772221580206
-0.5000928766396975
0.17397012490366937
0.2790352969423491
-0.17097809345386694
0.18064865922606899
0.3636555294202126
-0.4386536747345724
0.4248269555087234
0.6464258650605641
-0.7218952968159518
0.7410637397169548
0.3398105303630974
0.3927404462695081
-0.781932792660214
0.517657218546719
-0.9136563959542152
0.6374868652697518
-0.8237072388227678
-0.3206256655672408
0.10394783871186597
-0.6630893381362235
0.11633412147575828
-0.6308648591613937
-0.35566256048807854
-0.8941540240802484
-0.19679286894555537
-0.41531896130995705
-0.46126083668023776
-0.6426953097323562
-0.20692568431213765
-0.42383530715374595
-0.4139426414788636
-0.9721950194419908
-0.35162855742608046
0.3116321964127944
-0.4016354849714574
0.27947685947240375
0.2239999887478401
-0.4401646515279276
0.8656901341543619
-0.9701576333669093
0.7465144091481626
-0.1485805532311293
-0.7467783235497785
0.4015809380793487
0.06169447924608984
0.8409685164772318
0.9636176288212426
0.9430170738425738
-0.2831630055354142
0.6772552116138084
-0.3226057921135354
0.22625281956596402
0.9371104462849795
-0.3337836613991323
0.7910774084744525
-0.7961134473752529
-0.7671763931852178
0.016707809687082395
-0.24817866853812118
-0.09011328931980551
0.4174280159234058
-0.5889875554207447
0.5382027039916264
-0.8645631989710074
0.004181757388312279
0.5739188551955496
-0.5982296347878335
0.3247065621080343
0.6850044056985116
-0.6604640986279902
0.43548969982823627
-0.03378661696470616
0.1449757426042657
0.8745917190826146
-0.09658838674508217
-0.021318181433980343
0.4603646529412824
-0.2316639710795628
-0.3163224872818442
0.5779098653669066
0.03456390101900786
0.522049543872933
-0.07030217644253212
0.7191224071639206
0.4888882658700533
-0.7793459256932254
0.5780331575412126
-0.44602005770859365
-0.27246247563032944
0.4649390066384522
-0.6316968205264568
-0.006513015391469867
-0.420927204676216
0.7060205494685245
0.7141060506242631
0.4679381092517161
-0.2973466584279967
-0.24215533144715473
0.8959877151585485
-0.9213123245279867
0.35529233734351784
-0.33906071118913
0.6061045492075124
0.7243498397387592
0.7426454999099626
0.11901734787373182
0.8005063588028406
-0.5286961125869791
0.4263928962382653
0.5232991306254305
-0.646155843432482
0.41381378206136915
0.7826646101622701
-0.27285035142398933
-0.29565822653333884
-0.634134087270061
-0.010277337892381793
-0.10503250616762895
0.9123358642788975
0.8684360061208392
0.5193023495343096
-0.35749923848006304
-0.6192243287624462
-0.38031043098900197
-0.27525954520368345
-0.8659018687909732
0.7639760393598004
-0.7501633183078813
0.8349146177011841
0.8807187034722703
0.031340452834722345
0.13238878086673433
0.7411002605958839
0.8217078454423247
-0.658138669244462
0.6194777830260221
0.6592373227698503
-0.20786131297230018
0.8702994073321166
-0.5974011941842354
-0.9218178395945055
-0.3383701730220424
0.36355234355202964
0.23128438299836948
0.07262819947836222
-0.5238498904500283
-0.7991798807039134
0.8400781064194105
0.6607607761544103
-0.18083595738957747
-0.6666018569484498
-0.8118914657287315
0.4862317623941286
-0.30211355834582854
-0.8896829544561358
-0.4891456203829326
-0.6599494908465525
0.16675738869720733
-0.5717044178655651
-0.5730649269269809
0.8810523675166756
0.5927864288382981
-0.15322335772595633
-0.3694666511440213
0.6938669869350665
-0.4310862721094015
-0.8997031049468014
0.6928005425114723
0.26677700044390523
0.762518827368533
-0.18599602992053554
0.7442920478720257
-0.7951729115138001
-0.7254530277894169
0.3307823110262966
0.3907429220698051
-0.32322948864313616
-0.36685583903870933
-0.9112641638225001
-0.16355284128126102
0.6768439114281488
0.4164202003118324
0.4844336433243118
-0.8120960842248837
-0.8092426902563746
0.7648303636920624
-0.6155485155225843
0.16177842304851842
0.47873759751026096
0.738851284279712
0.265153354765181
-0.38684359404645907
-0.049028879551514526
-0.8215473275438865
-0.28718469120035295
0.618031035662679
-0.09950125904391435
-0.5367113692909903
-0.22568238684951092
0.31105006672561686
0.039849947008129404
-0.8268061601944882
-0.8991482732055985
-0.4573654360511099
-0.7454800319976045
0.23233515607306332
0.7637968141613378
0.31100685987304155
-0.743212572474605
0.6825956687622469
-0.7008214783626299
-0.18768302098108697
-0.8712684929751886
0.16094695869090925
-0.6843685432087999
-0.9662648841456144
0.018058134208796452
0.811197137601253
0.28774374899852295
-0.3588922731094563
0.27307098630651705
-0.0010630284071619625
0.11676141836684589
-0.7512703329080902
-0.16977927785079694
0.5303492480358808
-0.6120825503248902
-0.5247496497789631
0.9509230407244236
0.9209904471289354
-0.5446262447802972
-0.6452940300991763
0.7159539764366418
-0.34371867392025757
-0.8152232321803439
0.9060421151455711
0.11493668958124381
-0.4589523042035184
-0.05599481628270778
-0.6441283391583928
-0.571968949312307
-0.8316642523210162
0.39802510667692803
0.6196091174999023
-0.7680664241914386
0.6928352170450709
-0.04827544439089164
-0.08217979704740193
-0.19593465299758445
0.8856904937682634
-0.4262616782444065
-0.6082329789115584
0.8904485091097875
0.3548038912590471
-0.6864349077198844
0.17374169028131667
0.8633793574447716
0.8238638735553183
0.9070199156105812
0.6129669819489598
0.6761406742901044
-0.7852752008514954
0.8185133331439227
0.8201954760701451
-0.7517395677176671
0.2995063588786938
0.9132366538051735
-0.42289072952257695
0.5330133256757792
0.3247980943200479
0.1462472356715561
-0.8241796437302632
-0.3250748286097127
0.5932927741246973
0.19904528893427118
-0.908900726598531
0.014872993147645034
0.15858237534395037
-0.47111178435831447
-0.5189175340118797
0.9442243927237165
-0.8994818532720624
-0.6121883038278407
-0.5541617589747392
-0.3827084805269438
0.5352331225565292
-0.9735029598520353
0.9158999303795672
0.24183722728383028
-0.19800145249712164
-0.6148126196801933
-0.5234347456014767
0.8578818888757811
-0.8002205807691171
0.5518622767106103
0.45496523090761776
-0.45560770646492454
-0.6488151169291897
-0.7972891922809459
-0.08504409797941566
-0.17774607631917602
-0.14499465872263964
0.6306512572604768
0.8153480460041821
0.35810335276624056
-0.6496766803029503
0.5727884305729329
0.24121310992490388
0.750722881996333
0.031523307890109244
-0.01376512389234101
0.46898954421618566
-0.11320730088274142
0.7584509770868348
-0.35916881520068955
0.3610162069037317
0.17147075810619872
0.5269920266770964
-0.32779898578571354
-0.2718894311929265
-0.1048746309209123
-0.8153481069223818
-0.5481283242578531
0.5128005577108937
-0.743494593303184
-0.6911690197713366
0.5812673650520742
0.353765354622335
0.17032348987471102
-0.1591877161676195
0.12450019833765566
-0.8225753232401356
-0.4214277639704094
-0.3484104908213816
-0.08219941565732035
-0.06989775364935483
-0.921516499071286
-0.048513019558611245
-0.8865550504599765
0.48705180428327316
-0.7720639103319991
-0.6211261293368255
-0.6447782261482005
-0.7178612128868385
0.21476999042002332
-0.33075920091480393
-0.5464049486130458
-0.6529009482243717
0.6373946269692171
0.6891955126351271
-0.9968911577359563
0.6923512694408702
-0.27577119503975517
-0.3201050992769158
-0.48976925375428937
0.19208129551282718
0.11705276604431177
-0.036073003898782166
-0.6514653918987803
0.8438241914563634
0.16253708102535439
0.20079187493120146
0.5603197438874836
-0.13682454468537847
0.11012940343010692
-0.5582278281025869
-0.7023430637538288
0.49641710157932983
0.1364633795748473
0.8246131568447366
-0.9383643792519638
0.7374422397149876
-0.719061899772643
0.12118596848427421
-0.24638659771041405
-0.5740061996171035
0.45741777799916505
0.7474293365148785
-0.9105095795144775
-0.5324500714508201
-0.6410957006547885
-0.4976288416142457
-0.03757524820607641
0.8000347150562855
-0.69138729040885
0.2985742864195182
0.21264951799211115
-0.7458695814187664
-0.23421405000479534
0.10898750136918092
0.9829625566923846
0.23703370834354662
-0.20257980683115157
-0.724074339776836
-0.1961019745439416
0.6746674245142698
0.5290175870051498
0.9220690411562333
0.13591426040831123
-0.7218382292181726
-0.3763064130851501
0.5835820971725505
-0.5039820219821693
0.32800482488971827
-0.4327081471294805
0.9398606862913229
-0.5019789612584775
-0.7550793927901397
-0.5923331292317241
0.2458528606105522
0.18612266118943355
-0.6737707384616904
0.8960903839666369
-0.5010940055959816
0.027966646915266253
0.8084385793514305
-0.80878044856969
-0.5407331637010833
-0.15501594955369474
0.508515861412837
-0.6784852604618076
-0.39570800949781615
-0.40967264107232604
0.5827541962000945
-0.20846358989954558
0.30691781039700833
0.5802820272224367
-0.002214540015107458
-0.8585336590225547
-0.0030986512605173377
-0.6629117133595561
0.6592140175075442
0.5849266033327098
-0.8688867049150069
0.24761552119728952
-0.04413790664287273
0.41268805760290345
-0.804867644630955
-0.9290769726979048
-0.8184955552808784
-0.5535622697589134
-0.4885544825320051
-0.8236366912087305
0.6228584711760786
-0.792107221464824
0.3892173749439021
0.7960394889245664
0.6384565069788043
-0.26000859694616646
-0.4109675850962235
0.3837077554038153
0.3197463346971593
-0.5895696716153792
0.17934316678654985
-0.5645383485498723
0.12108028979476182
-0.7002861964768718
-0.42183079683264135
-0.7462879122447255
-0.33932091625829097
-0.5012989617636995
0.6575128862674974
0.892466995836236
0.05374433543222467
-0.15867256074236866
0.15787873208003175
-0.22975334182622478
0.015027993984294228
0.39947509757394994
-0.985714326989188
-0.868962893941441
0.36150716601923033
-0.08491332057035082
-0.25759430641360614
-0.27453420493731057
-0.9595989732782958
-0.3745798619322502
-0.7335255072845287
-0.9904801266574775
-0.7833422504260026
0.03581681492983292
-0.7362603539218205
-0.49816847744942816
0.41843066923372785
0.49647276872960533
-0.4642387339157843
0.39436909924997865
0.4591165283454839
0.19471768344124915
-0.2828072536352492
0.3892224520982674
-0.301116079707492
-0.9970195055813694
-0.10073956723906731
0.9630247446240322
-0.9226256196582985
0.6841440069425738
-0.9183596419521126
0.8531832084689518
0.7569776566533593
0.9139402936460177
-0.8374197088351122
0.3555022019041144
-0.26030132087977087
-0.012817951000630727
0.7857169947896882
0.749576766975548
0.029753889600918387
0.5609364044203441
0.565937242721124
-0.7716640678346411
0.7214259984651257
-0.30604507876606624
0.347063727170849
-0.9076282603548265
0.8449405193155536
0.1261845080971708
0.12120921790812737
0.40000814444712385
0.7766289077727945
0.511437598127643
0.13322345349661835
-0.050345961958635596
0.8767717592538062
0.2853158164674322
-0.16222123676752723
0.4903556162758667
0.20540437974574244
-0.45630161773809
-0.7179747399696699
-0.35842439282153854
-0.9626373213014652
-0.32930137166492346
-0.33549824325164934
0.5987952312957505
-0.6982681875299377
0.936734054164529
-0.46473095852997864
-0.6442080265676582
0.7616804847217615
-0.6711173435082731
0.7453400494152442
-0.6979435682223734
0.8220545541454337
0.41876444499414284
-0.818342549805908
-0.8918747894235732
0.6245067079267569
0.27574516268872507
0.8746462884829104
0.01744840472192485
-0.010678691077706772
-0.9636898914275542
-0.03928252223060866
-0.1718112589151061
-0.3009956544524122
0.378632449282227
0.8554698714594858
0.6313431857606843
-0.8744924072843073
-0.3160959171346024
0.6549314294021177
-0.6085338657966085
0.3958446379971493
-0.5981457992920097
-0.7814648162467969
0.5470075270525103
-0.5291106180629017
-0.1280757172758269
0.08640330389405881
0.07138296950227341
0.6074990856810836
-0.692076837806116
0.7608780809071125
-0.7923705531562132
-0.853771873012628
0.16630647066275378
-0.7358371727334265
-0.5408580913831319
0.45317024165529923
0.7583914103475325
-0.23224996214847893
0.6375475030010012
-0.9018740302855593
-0.6548723400055418
-0.6457546983625881
0.08436406596512615
0.9782535843674502
-0.05686188771135416
0.34219757043339044
-0.4605147568509704
0.7970127622278665
-0.06308878401387906
0.509146137739336
0.9654342433490888
0.902268864875766
0.3871763886711208
-0.6311003200906027
0.07333973034538532
-0.5208734913857371
-0.14686809277599325
-0.6356319415543998
-0.3599547543607614
-0.6291915219892948
0.1156374504915335
-0.8842861791695711
-0.5298960054467347
0.6063307654849521
-0.6496624380237891
-0.725148917472693
0.0925659778802377
-0.9762019587030937
0.2924055394551752
-0.5578300105014299
0.06473835341822547
-0.15120146345421429
0.09388678005354531
0.17647132411367744
0.19612118760154124
0.36027809138541056
-0.3354088281456354
-0.5126334529540209
0.7245969602100111
-0.8176540337714484
0.22683083576325558
0.9475326243222595
0.17181202747367696
0.16788096312004952
-0.7313778420637229
0.7454990465975555
-0.07190266820794601
-0.5065077437244029
0.8071388696847579
0.9288454733242674
-0.5913646994645105
-0.18132235398111976
0.41516245310158717
-0.5854901013599899
0.2601621566882535
-0.004027012356200141
0.12951540340186676
0.496482994036913
0.522026871394426
0.6269350538478967
-0.9785878397661889
0.1305639269469629
-0.9708201971824663
-0.32123714547159365
-0.94909099396622
-0.5681724803968247
-0.8776733296644703
0.4976291543281479
-0.6352204682944214
-0.8323826137628336
-0.9260263017475143
0.19464151573230803
-0.721052531808742
0.9169469993049948
-0.4883779719347018
-0.936017628512136
-0.5691169609439742
0.7443869280474061
0.7488684460181229
0.35280437229644734
0.33422498423056846
0.6029342735055647
-0.17074853479703545
0.041589993714213805
-0.1952442287935645
0.399457922665196
0.7820772969456968
-0.11258010466648617
-0.7308997090085778
0.6260239166640271
0.24458580427848275
-0.25068479558247514
0.38343837304576556
-0.1562697970151823
0.11844107421650274
-0.48224630537821733
0.22304476061896317
-0.5529993388822247
-0.35575992923829447
0.08650146496903965
-0.21757860928192474
0.6327176957886353
0.9140611672280476
0.45662148249631573
0.9252432260004073
-0.5079050311068922
0.6872398497493086
0.6883119181517724
-0.3374484906689971
0.5331870911646408
0.6555137696568708
0.4949347944328261
-0.1458907529563255
0.2403754717844035
0.4346293107896766
-0.4216558548310005
0.004952238318533864
-0.8015645649074645
-0.8982554301748773
-0.9197622488353392
-0.6325799963875449
0.8493741616527384
-0.13810463845257237
0.5682641260479555
-0.9047671768967889
-0.6550742471275572
0.3171089633793913
-0.5379654252907018
0.9841964840070583
-0.017764483796504082
-0.7824648034919137
-0.8520067301980587
0.5546241525515015
0.1333714116464919
-0.3944290672732811
-0.39169147760681366
0.6440235394968074
0.10637803822014409
0.04191355152645232
0.933024230596533
0.6339877655671311
-0.22341866972130506
0.7047841927060824
0.3288548744784375
-0.8105370647568331
-0.3690494943329587
0.09281179058749545
-0.18355764693242116
0.589081119149321
0.8402956749720234
-0.6097276470607635
-0.883429934527973
-0.7039393291625577
-0.9013803718303968
-0.5931072497667502
0.61181447267069
-0.11583089664339496
0.4760479562045643
-0.162574527302229
-0.9881313982066198
0.010470292395173164
0.37276103945273037
-0.4977918556343862
0.027018912135303143
-0.7985727210543286
-0.6965419865138871
0.7006665417639468
0.941581169387931
0.558977502634791
0.44436005068114626
-0.1410467816426224
0.27604220702628446
-0.7485335173868557
-0.08794490867478477
-0.902814129204861
-0.2880715415622621
0.17772694026937175
0.0010915571666716417
0.1720840120572984
0.9751524679964338
-1.5429410867162109e-06
0.847336967299844
0.22182053004242616
-0.07279649372122514
-0.18591382246106852
-0.502249894757502
-0.688502255489916
-0.5570737723465617
0.7065218407340158
-0.10161947372129314
0.3848676074897253
0.8835792490351739
-0.20913651843903372
0.32339307609325996
-0.5959135125606444
0.4441385626875278
-0.5302687353270772
0.0807274892919698
0.7870303405602763
-0.1609538675719017
-0.007259722811503049
0.8426306340229529
0.9339416002887249
0.6639020600105914
0.12549449708010868
0.7082364768943159
-0.9653274339764678
-0.13159532343641325
0.8664597588363484
0.31560249238533294
0.3688139604981033
-0.671561666868293
0.23410621064838857
-6.705524393532024e-06
